solid exported
	facet normal -0.8861283448526208 0.020196387868670868 0.4629996353841038
		outer loop
			vertex 0.17701418697834015 0.4611561894416809 -0.4308829605579376
			vertex 0.17701253294944763 0.4213048219680786 -0.42914777994155884
			vertex 0.17722009122371674 0.4213220775127411 -0.42875128984451294
		endloop
	endfacet
	facet normal -0.955672523813249 -0.012801437118155002 -0.294153277112673
		outer loop
			vertex 0.1769687980413437 0.4609159231185913 -0.4321932792663574
			vertex 0.1769687980413437 0.4212473928928375 -0.4304669201374054
			vertex 0.1769639402627945 0.460919052362442 -0.4321776330471039
		endloop
	endfacet
	facet normal -0.9817601621112243 -0.008310849268721854 -0.1899418697280174
		outer loop
			vertex 0.1769687980413437 0.4212473928928375 -0.4304669201374054
			vertex 0.17688365280628204 0.4212665259838104 -0.43002766370773315
			vertex 0.1769639402627945 0.460919052362442 -0.4321776330471039
		endloop
	endfacet
	facet normal -0.9832001261418719 -0.007896840262895055 -0.1823599513831636
		outer loop
			vertex 0.1769639402627945 0.460919052362442 -0.4321776330471039
			vertex 0.17688365280628204 0.4212665259838104 -0.43002766370773315
			vertex 0.176885187625885 0.46100035309791565 -0.43175655603408813
		endloop
	endfacet
	facet normal -0.9832365772626396 -0.007888298910441086 -0.18216368428737092
		outer loop
			vertex 0.176885187625885 0.46100035309791565 -0.43175655603408813
			vertex 0.17688365280628204 0.4212665259838104 -0.43002766370773315
			vertex 0.1768825650215149 0.4610030949115753 -0.43174251914024353
		endloop
	endfacet
	facet normal -0.9994519147396546 0.0013999818829351807 0.03307431290240047
		outer loop
			vertex 0.17688365280628204 0.4212665259838104 -0.43002766370773315
			vertex 0.17689847946166992 0.4212859869003296 -0.4295804500579834
			vertex 0.1768825650215149 0.4610030949115753 -0.43174251914024353
		endloop
	endfacet
	facet normal -0.9997363086722878 -0.0016474148573757807 -0.022904129466012935
		outer loop
			vertex 0.1768825650215149 0.4610030949115753 -0.43174251914024353
			vertex 0.17689847946166992 0.4212859869003296 -0.4295804500579834
			vertex 0.17687806487083435 0.46103912591934204 -0.43154868483543396
		endloop
	endfacet
	facet normal -0.8869692215939563 0.02012632764663705 0.46138978194198393
		outer loop
			vertex 0.17701418697834015 0.4611561894416809 -0.4308829605579376
			vertex 0.17700666189193726 0.46115386486053467 -0.4308973252773285
			vertex 0.17701253294944763 0.4213048219680786 -0.42914777994155884
		endloop
	endfacet
	facet normal -0.9513838597041313 0.013369954881722452 0.3077173959998532
		outer loop
			vertex 0.17700666189193726 0.46115386486053467 -0.4308973252773285
			vertex 0.17694705724716187 0.46112266182899475 -0.43108025193214417
			vertex 0.17701253294944763 0.4213048219680786 -0.42914777994155884
		endloop
	endfacet
	facet normal -0.9670277075897384 0.010758714149693266 0.2544438303900897
		outer loop
			vertex 0.17701253294944763 0.4213048219680786 -0.42914777994155884
			vertex 0.17694705724716187 0.46112266182899475 -0.43108025193214417
			vertex 0.17689847946166992 0.4212859869003296 -0.4295804500579834
		endloop
	endfacet
	facet normal -0.98947655290166 0.0066483626934876585 0.14454048059745983
		outer loop
			vertex 0.17694705724716187 0.46112266182899475 -0.43108025193214417
			vertex 0.1769125759601593 0.4610809087753296 -0.4313143789768219
			vertex 0.17689847946166992 0.4212859869003296 -0.4295804500579834
		endloop
	endfacet
	facet normal -0.9894744621943422 0.006648984285408849 0.1445547635783395
		outer loop
			vertex 0.17689847946166992 0.4212859869003296 -0.4295804500579834
			vertex 0.1769125759601593 0.4610809087753296 -0.4313143789768219
			vertex 0.17687806487083435 0.46103912591934204 -0.43154868483543396
		endloop
	endfacet
	facet normal -0.6860116757658367 0.03198134358951525 0.7268873188982995
		outer loop
			vertex 0.177520290017128 0.46126770973205566 -0.430158793926239
			vertex 0.17734365165233612 0.4612448811531067 -0.4303244948387146
			vertex 0.17751076817512512 0.4213368892669678 -0.42841091752052307
		endloop
	endfacet
	facet normal -0.7973083512296768 0.02557636154805578 0.6030300513153364
		outer loop
			vertex 0.17734365165233612 0.4612448811531067 -0.4303244948387146
			vertex 0.1772255301475525 0.4612213969230652 -0.43047967553138733
			vertex 0.17751076817512512 0.4213368892669678 -0.42841091752052307
		endloop
	endfacet
	facet normal -0.7607406432737147 0.028193409515356538 0.6484433709518469
		outer loop
			vertex 0.17751076817512512 0.4213368892669678 -0.42841091752052307
			vertex 0.1772255301475525 0.4612213969230652 -0.43047967553138733
			vertex 0.17722009122371674 0.4213220775127411 -0.42875128984451294
		endloop
	endfacet
	facet normal -0.8873446228972878 0.020076555233010503 0.4606695693718505
		outer loop
			vertex 0.1772255301475525 0.4612213969230652 -0.43047967553138733
			vertex 0.17722108960151672 0.46122002601623535 -0.4304881691932678
			vertex 0.17722009122371674 0.4213220775127411 -0.42875128984451294
		endloop
	endfacet
	facet normal -0.8868871041113267 0.02011478942919396 0.46154811212618346
		outer loop
			vertex 0.17722009122371674 0.4213220775127411 -0.42875128984451294
			vertex 0.17722108960151672 0.46122002601623535 -0.4304881691932678
			vertex 0.17701418697834015 0.4611561894416809 -0.4308829605579376
		endloop
	endfacet
	facet normal -0.6860802199390469 0.03197853344312835 0.7268227467596319
		outer loop
			vertex 0.177520290017128 0.46126770973205566 -0.430158793926239
			vertex 0.17751076817512512 0.4213368892669678 -0.42841091752052307
			vertex 0.17768609523773193 0.4612891376018524 -0.43000322580337524
		endloop
	endfacet
	facet normal -0.5972751581787477 0.03455679700946029 0.8012915906229137
		outer loop
			vertex 0.17751076817512512 0.4213368892669678 -0.42841091752052307
			vertex 0.17786996066570282 0.421348512172699 -0.4281436800956726
			vertex 0.17768609523773193 0.4612891376018524 -0.43000322580337524
		endloop
	endfacet
	facet normal -0.5548894533842285 0.0361415310582044 0.8311386672846602
		outer loop
			vertex 0.17768609523773193 0.4612891376018524 -0.43000322580337524
			vertex 0.17786996066570282 0.421348512172699 -0.4281436800956726
			vertex 0.17785193026065826 0.46130216121673584 -0.4298930764198303
		endloop
	endfacet
	facet normal -0.4081295801552835 0.039750874184810554 0.9120581745721132
		outer loop
			vertex 0.17785193026065826 0.46130216121673584 -0.4298930764198303
			vertex 0.17786996066570282 0.421348512172699 -0.4281436800956726
			vertex 0.17787091434001923 0.46130287647247314 -0.4298846125602722
		endloop
	endfacet
	facet normal -0.40383241249907326 0.03983387263903844 0.9139653413591543
		outer loop
			vertex 0.17786996066570282 0.421348512172699 -0.4281436800956726
			vertex 0.17827968299388885 0.4213563799858093 -0.427962988615036
			vertex 0.17787091434001923 0.46130287647247314 -0.4298846125602722
		endloop
	endfacet
	facet normal -0.4086417822682778 0.0396820249138258 0.911831799556993
		outer loop
			vertex 0.17787091434001923 0.46130287647247314 -0.4298846125602722
			vertex 0.17827968299388885 0.4213563799858093 -0.427962988615036
			vertex 0.17827968299388885 0.4613185524940491 -0.42970210313796997
		endloop
	endfacet
	facet normal 0 -1 0
		outer loop
			vertex -0.20969416201114655 0.004999999888241291 -0.5102489590644836
			vertex -0.2176021784543991 0.004999999888241291 -0.4934842884540558
			vertex -0.21799041330814362 0.004999999888241291 -0.4934331774711609
		endloop
	endfacet
	facet normal 0 -1 0
		outer loop
			vertex -0.20969416201114655 0.004999999888241291 -0.5102489590644836
			vertex -0.21799041330814362 0.004999999888241291 -0.4934331774711609
			vertex -0.23452945053577423 0.004999999888241291 -0.5025465488433838
		endloop
	endfacet
	facet normal 0 -1 0
		outer loop
			vertex -0.2191021740436554 0.004999999888241291 -0.4919842779636383
			vertex -0.2190510630607605 0.004999999888241291 -0.4915960729122162
			vertex -0.23583175241947174 0.004999999888241291 -0.5000104308128357
		endloop
	endfacet
	facet normal 0 -1 0
		outer loop
			vertex -0.2172139585018158 0.004999999888241291 -0.4934331774711609
			vertex -0.20762869715690613 0.004999999888241291 -0.5096824765205383
			vertex -0.21685217320919037 0.004999999888241291 -0.49328333139419556
		endloop
	endfacet
	facet normal 0 -1 0
		outer loop
			vertex -0.20762869715690613 0.004999999888241291 -0.5096824765205383
			vertex -0.20735886693000793 0.004999999888241291 -0.5093154907226562
			vertex -0.21685217320919037 0.004999999888241291 -0.49328333139419556
		endloop
	endfacet
	facet normal 0 -1 0
		outer loop
			vertex -0.21685217320919037 0.004999999888241291 -0.49328333139419556
			vertex -0.20735886693000793 0.004999999888241291 -0.5093154907226562
			vertex -0.21654151380062103 0.004999999888241291 -0.4930449426174164
		endloop
	endfacet
	facet normal 0 -1 0
		outer loop
			vertex -0.20735886693000793 0.004999999888241291 -0.5093154907226562
			vertex -0.20717565715312958 0.004999999888241291 -0.5088978409767151
			vertex -0.21654151380062103 0.004999999888241291 -0.4930449426174164
		endloop
	endfacet
	facet normal 0 -1 0
		outer loop
			vertex -0.21654151380062103 0.004999999888241291 -0.4930449426174164
			vertex -0.20717565715312958 0.004999999888241291 -0.5088978409767151
			vertex -0.21630313992500305 0.004999999888241291 -0.49273428320884705
		endloop
	endfacet
	facet normal 0 -1 0
		outer loop
			vertex -0.23583175241947174 0.004999999888241291 -0.5000104308128357
			vertex -0.2190510630607605 0.004999999888241291 -0.4915960729122162
			vertex -0.22804862260818481 0.004999999888241291 -0.47513437271118164
		endloop
	endfacet
	facet normal 0 -1 0
		outer loop
			vertex -0.22551880776882172 0.004999999888241291 -0.4737471640110016
			vertex -0.2176021784543991 0.004999999888241291 -0.4904842972755432
			vertex -0.2172139585018158 0.004999999888241291 -0.4905354082584381
		endloop
	endfacet
	facet normal 0 -1 0
		outer loop
			vertex -0.21630313992500305 0.004999999888241291 -0.49273428320884705
			vertex -0.20717565715312958 0.004999999888241291 -0.5088978409767151
			vertex -0.21615329384803772 0.004999999888241291 -0.4923725128173828
		endloop
	endfacet
	facet normal 0 -1 0
		outer loop
			vertex -0.20717565715312958 0.004999999888241291 -0.5088978409767151
			vertex -0.19938328862190247 0.004999999888241291 -0.48399224877357483
			vertex -0.21615329384803772 0.004999999888241291 -0.4923725128173828
		endloop
	endfacet
	facet normal 0 -1 0
		outer loop
			vertex -0.21615329384803772 0.004999999888241291 -0.4923725128173828
			vertex -0.19938328862190247 0.004999999888241291 -0.48399224877357483
			vertex -0.21610218286514282 0.004999999888241291 -0.4919842779636383
		endloop
	endfacet
	facet normal 0 -1 0
		outer loop
			vertex -0.20880505442619324 0.004999999888241291 -0.5103135704994202
			vertex -0.2083703726530075 0.004999999888241291 -0.5101943612098694
			vertex -0.2172139585018158 0.004999999888241291 -0.4934331774711609
		endloop
	endfacet
	facet normal 0 -1 0
		outer loop
			vertex -0.2083703726530075 0.004999999888241291 -0.5101943612098694
			vertex -0.20797158777713776 0.004999999888241291 -0.5099803805351257
			vertex -0.2172139585018158 0.004999999888241291 -0.4934331774711609
		endloop
	endfacet
	facet normal 0 -1 0
		outer loop
			vertex -0.2172139585018158 0.004999999888241291 -0.4934331774711609
			vertex -0.20797158777713776 0.004999999888241291 -0.5099803805351257
			vertex -0.20762869715690613 0.004999999888241291 -0.5096824765205383
		endloop
	endfacet
	facet normal 0 -1 0
		outer loop
			vertex -0.23587985336780548 0.004999999888241291 -0.5010616183280945
			vertex -0.23570220172405243 0.004999999888241291 -0.5015583038330078
			vertex -0.2190510630607605 0.004999999888241291 -0.4923725128173828
		endloop
	endfacet
	facet normal 0 -1 0
		outer loop
			vertex -0.22551880776882172 0.004999999888241291 -0.4737471640110016
			vertex -0.2172139585018158 0.004999999888241291 -0.4905354082584381
			vertex -0.20067553222179413 0.004999999888241291 -0.4814240038394928
		endloop
	endfacet
	facet normal 0 -1 0
		outer loop
			vertex -0.21799041330814362 0.004999999888241291 -0.4934331774711609
			vertex -0.21835218369960785 0.004999999888241291 -0.49328333139419556
			vertex -0.23452945053577423 0.004999999888241291 -0.5025465488433838
		endloop
	endfacet
	facet normal 0 -1 0
		outer loop
			vertex -0.21835218369960785 0.004999999888241291 -0.49328333139419556
			vertex -0.21866284310817719 0.004999999888241291 -0.4930449426174164
			vertex -0.23452945053577423 0.004999999888241291 -0.5025465488433838
		endloop
	endfacet
	facet normal 0 -1 0
		outer loop
			vertex -0.23452945053577423 0.004999999888241291 -0.5025465488433838
			vertex -0.21866284310817719 0.004999999888241291 -0.4930449426174164
			vertex -0.23477360606193542 0.004999999888241291 -0.5024526119232178
		endloop
	endfacet
	facet normal 0 -1 0
		outer loop
			vertex -0.21866284310817719 0.004999999888241291 -0.4930449426174164
			vertex -0.21890121698379517 0.004999999888241291 -0.49273428320884705
			vertex -0.23477360606193542 0.004999999888241291 -0.5024526119232178
		endloop
	endfacet
	facet normal 0 -1 0
		outer loop
			vertex -0.23477360606193542 0.004999999888241291 -0.5024526119232178
			vertex -0.21890121698379517 0.004999999888241291 -0.49273428320884705
			vertex -0.23500317335128784 0.004999999888241291 -0.5023269653320312
		endloop
	endfacet
	facet normal 0 -1 0
		outer loop
			vertex -0.23570220172405243 0.004999999888241291 -0.5015583038330078
			vertex -0.23556676506996155 0.004999999888241291 -0.5017842054367065
			vertex -0.2190510630607605 0.004999999888241291 -0.4923725128173828
		endloop
	endfacet
	facet normal 0 -1 0
		outer loop
			vertex -0.23556676506996155 0.004999999888241291 -0.5017842054367065
			vertex -0.2354031801223755 0.004999999888241291 -0.5019899010658264
			vertex -0.2190510630607605 0.004999999888241291 -0.4923725128173828
		endloop
	endfacet
	facet normal 0 -1 0
		outer loop
			vertex -0.2190510630607605 0.004999999888241291 -0.4923725128173828
			vertex -0.2354031801223755 0.004999999888241291 -0.5019899010658264
			vertex -0.21890121698379517 0.004999999888241291 -0.49273428320884705
		endloop
	endfacet
	facet normal 0 -1 0
		outer loop
			vertex -0.2354031801223755 0.004999999888241291 -0.5019899010658264
			vertex -0.2352142333984375 0.004999999888241291 -0.5021718740463257
			vertex -0.21890121698379517 0.004999999888241291 -0.49273428320884705
		endloop
	endfacet
	facet normal 0 -1 0
		outer loop
			vertex -0.21890121698379517 0.004999999888241291 -0.49273428320884705
			vertex -0.2352142333984375 0.004999999888241291 -0.5021718740463257
			vertex -0.23500317335128784 0.004999999888241291 -0.5023269653320312
		endloop
	endfacet
	facet normal 0 -1 0
		outer loop
			vertex -0.2176021784543991 0.004999999888241291 -0.4934842884540558
			vertex -0.20969416201114655 0.004999999888241291 -0.5102489590644836
			vertex -0.2172139585018158 0.004999999888241291 -0.4934331774711609
		endloop
	endfacet
	facet normal 0 -1 0
		outer loop
			vertex -0.20969416201114655 0.004999999888241291 -0.5102489590644836
			vertex -0.20925381779670715 0.004999999888241291 -0.5103320479393005
			vertex -0.2172139585018158 0.004999999888241291 -0.4934331774711609
		endloop
	endfacet
	facet normal 0 -1 0
		outer loop
			vertex -0.2172139585018158 0.004999999888241291 -0.4934331774711609
			vertex -0.20925381779670715 0.004999999888241291 -0.5103320479393005
			vertex -0.20880505442619324 0.004999999888241291 -0.5103135704994202
		endloop
	endfacet
	facet normal 0 -1 0
		outer loop
			vertex -0.2191021740436554 0.004999999888241291 -0.4919842779636383
			vertex -0.23583175241947174 0.004999999888241291 -0.5000104308128357
			vertex -0.2190510630607605 0.004999999888241291 -0.4923725128173828
		endloop
	endfacet
	facet normal 0 -1 0
		outer loop
			vertex -0.23583175241947174 0.004999999888241291 -0.5000104308128357
			vertex -0.23592405021190643 0.004999999888241291 -0.5005336999893188
			vertex -0.2190510630607605 0.004999999888241291 -0.4923725128173828
		endloop
	endfacet
	facet normal 0 -1 0
		outer loop
			vertex -0.2190510630607605 0.004999999888241291 -0.4923725128173828
			vertex -0.23592405021190643 0.004999999888241291 -0.5005336999893188
			vertex -0.23587985336780548 0.004999999888241291 -0.5010616183280945
		endloop
	endfacet
	facet normal 0 -1 0
		outer loop
			vertex -0.2190510630607605 0.004999999888241291 -0.4915960729122162
			vertex -0.21890121698379517 0.004999999888241291 -0.49123430252075195
			vertex -0.22804862260818481 0.004999999888241291 -0.47513437271118164
		endloop
	endfacet
	facet normal 0 -1 0
		outer loop
			vertex -0.21890121698379517 0.004999999888241291 -0.49123430252075195
			vertex -0.21866284310817719 0.004999999888241291 -0.49092361330986023
			vertex -0.22804862260818481 0.004999999888241291 -0.47513437271118164
		endloop
	endfacet
	facet normal 0 -1 0
		outer loop
			vertex -0.22804862260818481 0.004999999888241291 -0.47513437271118164
			vertex -0.21866284310817719 0.004999999888241291 -0.49092361330986023
			vertex -0.22786301374435425 0.004999999888241291 -0.47470909357070923
		endloop
	endfacet
	facet normal 0 -1 0
		outer loop
			vertex -0.21866284310817719 0.004999999888241291 -0.49092361330986023
			vertex -0.21835218369960785 0.004999999888241291 -0.49068525433540344
			vertex -0.22786301374435425 0.004999999888241291 -0.47470909357070923
		endloop
	endfacet
	facet normal 0 -1 0
		outer loop
			vertex -0.22640925645828247 0.004999999888241291 -0.4736867845058441
			vertex -0.22684530913829803 0.004999999888241291 -0.47381046414375305
			vertex -0.21799041330814362 0.004999999888241291 -0.4905354082584381
		endloop
	endfacet
	facet normal 0 -1 0
		outer loop
			vertex -0.22684530913829803 0.004999999888241291 -0.47381046414375305
			vertex -0.22724588215351105 0.004999999888241291 -0.47403010725975037
			vertex -0.21799041330814362 0.004999999888241291 -0.4905354082584381
		endloop
	endfacet
	facet normal 0 -1 0
		outer loop
			vertex -0.21799041330814362 0.004999999888241291 -0.4905354082584381
			vertex -0.22724588215351105 0.004999999888241291 -0.47403010725975037
			vertex -0.21835218369960785 0.004999999888241291 -0.49068525433540344
		endloop
	endfacet
	facet normal 0 -1 0
		outer loop
			vertex -0.22724588215351105 0.004999999888241291 -0.47403010725975037
			vertex -0.2275908887386322 0.004999999888241291 -0.4743347465991974
			vertex -0.21835218369960785 0.004999999888241291 -0.49068525433540344
		endloop
	endfacet
	facet normal 0 -1 0
		outer loop
			vertex -0.21835218369960785 0.004999999888241291 -0.49068525433540344
			vertex -0.2275908887386322 0.004999999888241291 -0.4743347465991974
			vertex -0.22786301374435425 0.004999999888241291 -0.47470909357070923
		endloop
	endfacet
	facet normal 0 -1 0
		outer loop
			vertex -0.2172139585018158 0.004999999888241291 -0.4905354082584381
			vertex -0.21685217320919037 0.004999999888241291 -0.49068525433540344
			vertex -0.20067553222179413 0.004999999888241291 -0.4814240038394928
		endloop
	endfacet
	facet normal 0 -1 0
		outer loop
			vertex -0.21685217320919037 0.004999999888241291 -0.49068525433540344
			vertex -0.21654151380062103 0.004999999888241291 -0.49092361330986023
			vertex -0.20067553222179413 0.004999999888241291 -0.4814240038394928
		endloop
	endfacet
	facet normal 0 -1 0
		outer loop
			vertex -0.20067553222179413 0.004999999888241291 -0.4814240038394928
			vertex -0.21654151380062103 0.004999999888241291 -0.49092361330986023
			vertex -0.20043137669563293 0.004999999888241291 -0.4815180003643036
		endloop
	endfacet
	facet normal 0 -1 0
		outer loop
			vertex -0.21654151380062103 0.004999999888241291 -0.49092361330986023
			vertex -0.21630313992500305 0.004999999888241291 -0.49123430252075195
			vertex -0.20043137669563293 0.004999999888241291 -0.4815180003643036
		endloop
	endfacet
	facet normal 0 -1 0
		outer loop
			vertex -0.20043137669563293 0.004999999888241291 -0.4815180003643036
			vertex -0.21630313992500305 0.004999999888241291 -0.49123430252075195
			vertex -0.20020200312137604 0.004999999888241291 -0.4816442131996155
		endloop
	endfacet
	facet normal 0 -1 0
		outer loop
			vertex -0.1993299275636673 0.004999999888241291 -0.48292428255081177
			vertex -0.19950546324253082 0.004999999888241291 -0.48242083191871643
			vertex -0.21615329384803772 0.004999999888241291 -0.4915960729122162
		endloop
	endfacet
	facet normal 0 -1 0
		outer loop
			vertex -0.19950546324253082 0.004999999888241291 -0.48242083191871643
			vertex -0.19964003562927246 0.004999999888241291 -0.48219218850135803
			vertex -0.21615329384803772 0.004999999888241291 -0.4915960729122162
		endloop
	endfacet
	facet normal 0 -1 0
		outer loop
			vertex -0.19964003562927246 0.004999999888241291 -0.48219218850135803
			vertex -0.1998029202222824 0.004999999888241291 -0.4819842278957367
			vertex -0.21615329384803772 0.004999999888241291 -0.4915960729122162
		endloop
	endfacet
	facet normal 0 -1 0
		outer loop
			vertex -0.21615329384803772 0.004999999888241291 -0.4915960729122162
			vertex -0.1998029202222824 0.004999999888241291 -0.4819842278957367
			vertex -0.21630313992500305 0.004999999888241291 -0.49123430252075195
		endloop
	endfacet
	facet normal 0 -1 0
		outer loop
			vertex -0.1998029202222824 0.004999999888241291 -0.4819842278957367
			vertex -0.19999131560325623 0.004999999888241291 -0.48180052638053894
			vertex -0.21630313992500305 0.004999999888241291 -0.49123430252075195
		endloop
	endfacet
	facet normal 0 -1 0
		outer loop
			vertex -0.21630313992500305 0.004999999888241291 -0.49123430252075195
			vertex -0.19999131560325623 0.004999999888241291 -0.48180052638053894
			vertex -0.20020200312137604 0.004999999888241291 -0.4816442131996155
		endloop
	endfacet
	facet normal 0 -1 0
		outer loop
			vertex -0.2176021784543991 0.004999999888241291 -0.4904842972755432
			vertex -0.22551880776882172 0.004999999888241291 -0.4737471640110016
			vertex -0.21799041330814362 0.004999999888241291 -0.4905354082584381
		endloop
	endfacet
	facet normal 0 -1 0
		outer loop
			vertex -0.22551880776882172 0.004999999888241291 -0.4737471640110016
			vertex -0.22595956921577454 0.004999999888241291 -0.47366535663604736
			vertex -0.21799041330814362 0.004999999888241291 -0.4905354082584381
		endloop
	endfacet
	facet normal 0 -1 0
		outer loop
			vertex -0.21799041330814362 0.004999999888241291 -0.4905354082584381
			vertex -0.22595956921577454 0.004999999888241291 -0.47366535663604736
			vertex -0.22640925645828247 0.004999999888241291 -0.4736867845058441
		endloop
	endfacet
	facet normal 0 -1 0
		outer loop
			vertex -0.21610218286514282 0.004999999888241291 -0.4919842779636383
			vertex -0.19938328862190247 0.004999999888241291 -0.48399224877357483
			vertex -0.21615329384803772 0.004999999888241291 -0.4915960729122162
		endloop
	endfacet
	facet normal 0 -1 0
		outer loop
			vertex -0.19938328862190247 0.004999999888241291 -0.48399224877357483
			vertex -0.1992882490158081 0.004999999888241291 -0.4834602475166321
			vertex -0.21615329384803772 0.004999999888241291 -0.4915960729122162
		endloop
	endfacet
	facet normal 0 -1 0
		outer loop
			vertex -0.21615329384803772 0.004999999888241291 -0.4915960729122162
			vertex -0.1992882490158081 0.004999999888241291 -0.4834602475166321
			vertex -0.1993299275636673 0.004999999888241291 -0.48292428255081177
		endloop
	endfacet
	facet normal 0.2849405986487211 -0.26178220519543416 0.9221057055916768
		outer loop
			vertex -0.22551880776882172 0.004999999888241291 -0.4737471640110016
			vertex -0.20067553222179413 0.004999999888241291 -0.4814240038394928
			vertex -0.20865900814533234 0.1854935884475708 -0.42771559953689575
		endloop
	endfacet
	facet normal 0.2849394150787563 -0.2617823538204999 0.9221060291326454
		outer loop
			vertex -0.20067553222179413 0.004999999888241291 -0.4814240038394928
			vertex -0.18384727835655212 0.1851557493209839 -0.4354785680770874
			vertex -0.20865900814533234 0.1854935884475708 -0.42771559953689575
		endloop
	endfacet
	facet normal -0.9542970970749731 0.012993857873135813 0.298576975287533
		outer loop
			vertex -0.22214289009571075 0.20134001970291138 -0.4648033380508423
			vertex -0.23583175241947174 0.004999999888241291 -0.5000104308128357
			vertex -0.22804862260818481 0.004999999888241291 -0.47513437271118164
		endloop
	endfacet
	facet normal -0.9542971402320707 0.012993695227391255 0.2985768444290838
		outer loop
			vertex -0.20559771358966827 0.4682735502719879 -0.4235392212867737
			vertex -0.22135384380817413 0.4617989659309387 -0.47361645102500916
			vertex -0.2202395349740982 0.43931862711906433 -0.46907663345336914
		endloop
	endfacet
	facet normal -0.9542971140730637 0.012993861250817461 0.29857692081206916
		outer loop
			vertex -0.22804862260818481 0.004999999888241291 -0.47513437271118164
			vertex -0.21113747358322144 0.1860431283712387 -0.4289626479148865
			vertex -0.22214289009571075 0.20134001970291138 -0.4648033380508423
		endloop
	endfacet
	facet normal -0.9542971419531944 0.012993653583973313 0.29857684074037727
		outer loop
			vertex -0.21113747358322144 0.1860431283712387 -0.4289626479148865
			vertex -0.2091531753540039 0.20976057648658752 -0.42365267872810364
			vertex -0.22214289009571075 0.20134001970291138 -0.4648033380508423
		endloop
	endfacet
	facet normal -0.9542971572229985 0.012993986432902489 0.2985767774504336
		outer loop
			vertex -0.22214289009571075 0.20134001970291138 -0.4648033380508423
			vertex -0.2091531753540039 0.20976057648658752 -0.42365267872810364
			vertex -0.2205917239189148 0.2281423956155777 -0.46101200580596924
		endloop
	endfacet
	facet normal -0.954297213346738 0.012993619398815076 0.29857661404331237
		outer loop
			vertex -0.2091531753540039 0.20976057648658752 -0.42365267872810364
			vertex -0.20760205388069153 0.2337801158428192 -0.41974034905433655
			vertex -0.2205917239189148 0.2281423956155777 -0.46101200580596924
		endloop
	endfacet
	facet normal -0.9542972184203042 0.012993810766097975 0.2985765894993195
		outer loop
			vertex -0.2205917239189148 0.2281423956155777 -0.46101200580596924
			vertex -0.20760205388069153 0.2337801158428192 -0.41974034905433655
			vertex -0.21965733170509338 0.25517937541007996 -0.4592021703720093
		endloop
	endfacet
	facet normal -0.954297214874296 0.01299383196265041 0.2985765999104561
		outer loop
			vertex -0.20760205388069153 0.2337801158428192 -0.41974034905433655
			vertex -0.2064899355173111 0.2580115795135498 -0.4172403812408447
			vertex -0.21965733170509338 0.25517937541007996 -0.4592021703720093
		endloop
	endfacet
	facet normal -0.954297216280128 0.012994037775074093 0.2985765864603231
		outer loop
			vertex -0.21965733170509338 0.25517937541007996 -0.4592021703720093
			vertex -0.2064899355173111 0.2580115795135498 -0.4172403812408447
			vertex -0.21934524178504944 0.28229057788848877 -0.459384560585022
		endloop
	endfacet
	facet normal -0.9542970829165321 0.012994038477278959 0.29857701268022707
		outer loop
			vertex -0.2220117598772049 0.6725935935974121 -0.48489293456077576
			vertex -0.2290123701095581 0.7794880867004395 -0.5119199752807617
			vertex -0.2390211820602417 0.7687304615974426 -0.5434414744377136
		endloop
	endfacet
	facet normal -0.9542971534643324 0.01299388299256517 0.298576793965385
		outer loop
			vertex -0.23499999940395355 0.8872025609016418 -0.5357450246810913
			vertex -0.24177449941635132 0.8824514150619507 -0.5571905970573425
			vertex -0.2290123701095581 0.7794880867004395 -0.5119199752807617
		endloop
	endfacet
	facet normal -0.9542970580969786 0.012994026092360817 0.2985770925462354
		outer loop
			vertex -0.24177449941635132 0.8824514150619507 -0.5571905970573425
			vertex -0.2406793087720871 0.8267003893852234 -0.5512639284133911
			vertex -0.2290123701095581 0.7794880867004395 -0.5119199752807617
		endloop
	endfacet
	facet normal -0.9542970772969964 0.012993972164582953 0.2985770335270226
		outer loop
			vertex -0.2290123701095581 0.7794880867004395 -0.5119199752807617
			vertex -0.2406793087720871 0.8267003893852234 -0.5512639284133911
			vertex -0.2390211820602417 0.7687304615974426 -0.5434414744377136
		endloop
	endfacet
	facet normal -0.9542971638520823 0.012993915726081112 0.2985767593399988
		outer loop
			vertex -0.2140050232410431 0.5666237473487854 -0.45469042658805847
			vertex -0.2271641343832016 0.540041446685791 -0.4955921173095703
			vertex -0.20559771358966827 0.4682735502719879 -0.4235392212867737
		endloop
	endfacet
	facet normal -0.9542972107085125 0.012993758174278738 0.29857661643615296
		outer loop
			vertex -0.2271641343832016 0.540041446685791 -0.4955921173095703
			vertex -0.22290721535682678 0.48392730951309204 -0.4795443117618561
			vertex -0.20559771358966827 0.4682735502719879 -0.4235392212867737
		endloop
	endfacet
	facet normal -0.9542971562161763 0.012994349482328 0.29857676486835044
		outer loop
			vertex -0.20559771358966827 0.4682735502719879 -0.4235392212867737
			vertex -0.22290721535682678 0.48392730951309204 -0.4795443117618561
			vertex -0.22135384380817413 0.4617989659309387 -0.47361645102500916
		endloop
	endfacet
	facet normal -0.9542972113331911 0.012993772834595829 0.2985766138015797
		outer loop
			vertex -0.2390211820602417 0.7687304615974426 -0.5434414744377136
			vertex -0.23683838546276093 0.711027204990387 -0.5339537262916565
			vertex -0.2220117598772049 0.6725935935974121 -0.48489293456077576
		endloop
	endfacet
	facet normal -0.9542971802128534 0.012993904494258832 0.2985767075372608
		outer loop
			vertex -0.23683838546276093 0.711027204990387 -0.5339537262916565
			vertex -0.23413288593292236 0.6536431312561035 -0.5228092074394226
			vertex -0.2220117598772049 0.6725935935974121 -0.48489293456077576
		endloop
	endfacet
	facet normal -0.9542971771349772 0.012993880777789905 0.2985767184067554
		outer loop
			vertex -0.2220117598772049 0.6725935935974121 -0.48489293456077576
			vertex -0.23413288593292236 0.6536431312561035 -0.5228092074394226
			vertex -0.2140050232410431 0.5666237473487854 -0.45469042658805847
		endloop
	endfacet
	facet normal -0.9542971264173011 0.012994014835035244 0.29857687467409233
		outer loop
			vertex -0.23413288593292236 0.6536431312561035 -0.5228092074394226
			vertex -0.2309071570634842 0.5966305732727051 -0.5100181102752686
			vertex -0.2140050232410431 0.5666237473487854 -0.45469042658805847
		endloop
	endfacet
	facet normal -0.9542971532704014 0.012993854337850932 0.2985767958322525
		outer loop
			vertex -0.2140050232410431 0.5666237473487854 -0.45469042658805847
			vertex -0.2309071570634842 0.5966305732727051 -0.5100181102752686
			vertex -0.2271641343832016 0.540041446685791 -0.4955921173095703
		endloop
	endfacet
	facet normal -0.9542972277069345 0.012994214717502527 0.29857654223789054
		outer loop
			vertex -0.2202395349740982 0.43931862711906433 -0.46907663345336914
			vertex -0.21956905722618103 0.41658198833465576 -0.46594417095184326
			vertex -0.20559771358966827 0.4682735502719879 -0.4235392212867737
		endloop
	endfacet
	facet normal -0.9542970292685345 0.012993619539017827 0.2985772023790922
		outer loop
			vertex -0.21956905722618103 0.41658198833465576 -0.46594417095184326
			vertex -0.21934524178504944 0.3936857581138611 -0.4642324149608612
			vertex -0.20559771358966827 0.4682735502719879 -0.4235392212867737
		endloop
	endfacet
	facet normal -0.9542971706586355 0.012993898776332677 0.29857673832285336
		outer loop
			vertex -0.20559771358966827 0.4682735502719879 -0.4235392212867737
			vertex -0.21934524178504944 0.3936857581138611 -0.4642324149608612
			vertex -0.20559771358966827 0.3067459762096405 -0.41650962829589844
		endloop
	endfacet
	facet normal -0.9542971766106995 0.012993887658292218 0.29857671978299205
		outer loop
			vertex -0.21934524178504944 0.3936857581138611 -0.4642324149608612
			vertex -0.21934524178504944 0.28229057788848877 -0.459384560585022
			vertex -0.20559771358966827 0.3067459762096405 -0.41650962829589844
		endloop
	endfacet
	facet normal -0.9542971626862614 0.012993794714267887 0.2985767683324922
		outer loop
			vertex -0.20559771358966827 0.3067459762096405 -0.41650962829589844
			vertex -0.21934524178504944 0.28229057788848877 -0.459384560585022
			vertex -0.2058209776878357 0.28236401081085205 -0.4161621332168579
		endloop
	endfacet
	facet normal -0.9542971557104326 0.012994380029584128 0.2985767651553369
		outer loop
			vertex -0.21934524178504944 0.28229057788848877 -0.459384560585022
			vertex -0.2064899355173111 0.2580115795135498 -0.4172403812408447
			vertex -0.2058209776878357 0.28236401081085205 -0.4161621332168579
		endloop
	endfacet
	facet normal 0.2988583753473618 0.04149081819486003 0.9533950825813277
		outer loop
			vertex -0.17827968299388885 0.4213563799858093 -0.427962988615036
			vertex -0.17827968299388885 0.4613185524940491 -0.42970210313796997
			vertex -0.20309141278266907 0.461656391620636 -0.4219391345977783
		endloop
	endfacet
	facet normal 0.298859418224869 0.04149100545253426 0.9533947475232023
		outer loop
			vertex -0.20309141278266907 0.3068029582500458 -0.41519999504089355
			vertex -0.17827968299388885 0.30646511912345886 -0.4229629933834076
			vertex -0.17827968299388885 0.3913847506046295 -0.42665863037109375
		endloop
	endfacet
	facet normal 0.29885651520228623 0.0414915531859736 0.9533956336880095
		outer loop
			vertex -0.17637108266353607 0.39135876297950745 -0.427255779504776
			vertex -0.17637108266353607 0.42133039236068726 -0.42856013774871826
			vertex -0.17827968299388885 0.3913847506046295 -0.42665863037109375
		endloop
	endfacet
	facet normal 0.29885651520228623 0.0414915531859736 0.9533956336880095
		outer loop
			vertex -0.17637108266353607 0.42133039236068726 -0.42856013774871826
			vertex -0.17827968299388885 0.4213563799858093 -0.427962988615036
			vertex -0.17827968299388885 0.3913847506046295 -0.42665863037109375
		endloop
	endfacet
	facet normal 0.298857831215296 0.04149153526689918 0.9533952219423408
		outer loop
			vertex -0.17827968299388885 0.3913847506046295 -0.42665863037109375
			vertex -0.17827968299388885 0.4213563799858093 -0.427962988615036
			vertex -0.20309141278266907 0.3068029582500458 -0.41519999504089355
		endloop
	endfacet
	facet normal 0.29885900867428306 0.041491240541079 0.9533948656734981
		outer loop
			vertex -0.17827968299388885 0.4213563799858093 -0.427962988615036
			vertex -0.20309141278266907 0.461656391620636 -0.4219391345977783
			vertex -0.20309141278266907 0.3068029582500458 -0.41519999504089355
		endloop
	endfacet
	facet normal -0.29822041607809113 -0.10675144014660601 -0.9485086786428661
		outer loop
			vertex -0.24045930802822113 0.8820092082023621 -0.5596662163734436
			vertex -0.21564757823944092 0.8816713690757751 -0.56742924451828
			vertex -0.23936651647090912 0.8264322876930237 -0.5537548065185547
		endloop
	endfacet
	facet normal -0.29822041607809113 -0.10675144014660601 -0.9485086786428661
		outer loop
			vertex -0.21564757823944092 0.8816713690757751 -0.56742924451828
			vertex -0.2145547866821289 0.8260944485664368 -0.5615178346633911
			vertex -0.23936651647090912 0.8264322876930237 -0.5537548065185547
		endloop
	endfacet
	facet normal -0.2975142270346806 -0.13602361683227956 -0.9449777036395207
		outer loop
			vertex -0.23936651647090912 0.8264322876930237 -0.5537548065185547
			vertex -0.2145547866821289 0.8260944485664368 -0.5615178346633911
			vertex -0.2386418879032135 0.8010980486869812 -0.5503362417221069
		endloop
	endfacet
	facet normal -0.2975142270346806 -0.13602361683227956 -0.9449777036395207
		outer loop
			vertex -0.2145547866821289 0.8260944485664368 -0.5615178346633911
			vertex -0.2138301581144333 0.8007602095603943 -0.5580992698669434
			vertex -0.2386418879032135 0.8010980486869812 -0.5503362417221069
		endloop
	endfacet
	facet normal -0.29751422477732875 -0.136023695752166 -0.944977692990193
		outer loop
			vertex -0.2386418879032135 0.8010980486869812 -0.5503362417221069
			vertex -0.2138301581144333 0.8007602095603943 -0.5580992698669434
			vertex -0.23770669102668762 0.7684025764465332 -0.5459243655204773
		endloop
	endfacet
	facet normal -0.2975122756057982 -0.1360252791763539 -0.9449780787345571
		outer loop
			vertex -0.2138301581144333 0.8007602095603943 -0.5580992698669434
			vertex -0.2128949761390686 0.7680647373199463 -0.553687334060669
			vertex -0.23770669102668762 0.7684025764465332 -0.5459243655204773
		endloop
	endfacet
	facet normal -0.2965216500798334 -0.16585897815026301 -0.9405135354692583
		outer loop
			vertex -0.23770669102668762 0.7684025764465332 -0.5459243655204773
			vertex -0.2128949761390686 0.7680647373199463 -0.553687334060669
			vertex -0.2358987033367157 0.7206073999404907 -0.5380657315254211
		endloop
	endfacet
	facet normal -0.29652148450340254 -0.16585907024658647 -0.9405135714304375
		outer loop
			vertex -0.2128949761390686 0.7680647373199463 -0.553687334060669
			vertex -0.21108697354793549 0.7202695608139038 -0.5458287000656128
			vertex -0.2358987033367157 0.7206073999404907 -0.5380657315254211
		endloop
	endfacet
	facet normal -0.29652134151071907 -0.16586285028154382 -0.9405129498976428
		outer loop
			vertex -0.2358987033367157 0.7206073999404907 -0.5380657315254211
			vertex -0.21108697354793549 0.7202695608139038 -0.5458287000656128
			vertex -0.23552164435386658 0.7106397747993469 -0.5364267826080322
		endloop
	endfacet
	facet normal -0.2965236059450037 -0.16585735382901426 -0.9405132052758268
		outer loop
			vertex -0.21108697354793549 0.7202695608139038 -0.5458287000656128
			vertex -0.21070991456508636 0.71030193567276 -0.5441898107528687
			vertex -0.23552164435386658 0.7106397747993469 -0.5364267826080322
		endloop
	endfacet
	facet normal -0.29526268604501377 -0.1955437378762251 -0.9351912065491624
		outer loop
			vertex -0.23552164435386658 0.7106397747993469 -0.5364267826080322
			vertex -0.21070991456508636 0.71030193567276 -0.5441898107528687
			vertex -0.23281335830688477 0.6531965136528015 -0.5252707600593567
		endloop
	endfacet
	facet normal -0.29526268604501377 -0.1955437378762251 -0.9351912065491624
		outer loop
			vertex -0.21070991456508636 0.71030193567276 -0.5441898107528687
			vertex -0.20800162851810455 0.6528586745262146 -0.5330337882041931
			vertex -0.23281335830688477 0.6531965136528015 -0.5252707600593567
		endloop
	endfacet
	facet normal -0.2937328602433122 -0.2250495401689619 -0.9290176054752792
		outer loop
			vertex -0.23281335830688477 0.6531965136528015 -0.5252707600593567
			vertex -0.20800162851810455 0.6528586745262146 -0.5330337882041931
			vertex -0.23210851848125458 0.6407389640808105 -0.5224758386611938
		endloop
	endfacet
	facet normal -0.2937328602433122 -0.2250495401689619 -0.9290176054752792
		outer loop
			vertex -0.20800162851810455 0.6528586745262146 -0.5330337882041931
			vertex -0.20729678869247437 0.6404011249542236 -0.5302388668060303
			vertex -0.23210851848125458 0.6407389640808105 -0.5224758386611938
		endloop
	endfacet
	facet normal -0.29373287770604073 -0.22504923152898582 -0.929017674720315
		outer loop
			vertex -0.23210851848125458 0.6407389640808105 -0.5224758386611938
			vertex -0.20729678869247437 0.6404011249542236 -0.5302388668060303
			vertex -0.22958429157733917 0.5961251258850098 -0.5124664902687073
		endloop
	endfacet
	facet normal -0.2937330436256323 -0.22504913621921754 -0.9290176453487882
		outer loop
			vertex -0.20729678869247437 0.6404011249542236 -0.5302388668060303
			vertex -0.20477257668972015 0.5957872867584229 -0.5202295184135437
			vertex -0.22958429157733917 0.5961251258850098 -0.5124664902687073
		endloop
	endfacet
	facet normal -0.29193558657135305 -0.25435036066241834 -0.9219975636215845
		outer loop
			vertex -0.22958429157733917 0.5961251258850098 -0.5124664902687073
			vertex -0.20477257668972015 0.5957872867584229 -0.5202295184135437
			vertex -0.22730189561843872 0.561618447303772 -0.5036698579788208
		endloop
	endfacet
	facet normal -0.29193330353106683 -0.25435199749098863 -0.9219978349550406
		outer loop
			vertex -0.20477257668972015 0.5957872867584229 -0.5202295184135437
			vertex -0.2024901658296585 0.5612806081771851 -0.5114328265190125
			vertex -0.22730189561843872 0.561618447303772 -0.5036698579788208
		endloop
	endfacet
	facet normal -0.2919333803095099 -0.2543508367143116 -0.9219981308678413
		outer loop
			vertex -0.22730189561843872 0.561618447303772 -0.5036698579788208
			vertex -0.2024901658296585 0.5612806081771851 -0.5114328265190125
			vertex -0.22583740949630737 0.5394776463508606 -0.4980255961418152
		endloop
	endfacet
	facet normal -0.29193555090218176 -0.2543484881593421 -0.9219980914787713
		outer loop
			vertex -0.2024901658296585 0.5612806081771851 -0.5114328265190125
			vertex -0.20102567970752716 0.5391398072242737 -0.5057886242866516
			vertex -0.22583740949630737 0.5394776463508606 -0.4980255961418152
		endloop
	endfacet
	facet normal -0.289872020194147 -0.2834195364417364 -0.9141376145152958
		outer loop
			vertex -0.22583740949630737 0.5394776463508606 -0.4980255961418152
			vertex -0.20102567970752716 0.5391398072242737 -0.5057886242866516
			vertex -0.22157610952854156 0.48330560326576233 -0.4819612503051758
		endloop
	endfacet
	facet normal -0.2898709864277362 -0.28341999601668993 -0.9141377998339807
		outer loop
			vertex -0.20102567970752716 0.5391398072242737 -0.5057886242866516
			vertex -0.19676437973976135 0.4829677641391754 -0.4897242486476898
			vertex -0.22157610952854156 0.48330560326576233 -0.4819612503051758
		endloop
	endfacet
	facet normal -0.29870041708760803 -0.07405350478979672 -0.9514694631253473
		outer loop
			vertex -0.19322264194488525 0.39323896169662476 -0.47449934482574463
			vertex -0.21803437173366547 0.39357680082321167 -0.4667363464832306
			vertex -0.19344517588615417 0.41600507497787476 -0.4762013852596283
		endloop
	endfacet
	facet normal -0.29870041708760803 -0.07405350478979672 -0.9514694631253473
		outer loop
			vertex -0.21803437173366547 0.39357680082321167 -0.4667363464832306
			vertex -0.2182569056749344 0.41634291410446167 -0.46843838691711426
			vertex -0.19344517588615417 0.41600507497787476 -0.4762013852596283
		endloop
	endfacet
	facet normal -0.2974294367707256 -0.13890722228469501 -0.9445848367083813
		outer loop
			vertex -0.19344517588615417 0.41600507497787476 -0.4762013852596283
			vertex -0.2182569056749344 0.41634291410446167 -0.46843838691711426
			vertex -0.19366738200187683 0.42354029417037964 -0.4772395193576813
		endloop
	endfacet
	facet normal -0.2974282955044886 -0.13891089953555705 -0.9445846552975106
		outer loop
			vertex -0.2182569056749344 0.41634291410446167 -0.46843838691711426
			vertex -0.21847911179065704 0.42387813329696655 -0.4694765508174896
			vertex -0.19366738200187683 0.42354029417037964 -0.4772395193576813
		endloop
	endfacet
	facet normal -0.297428367923167 -0.13890844380906772 -0.9445849936311207
		outer loop
			vertex -0.19366738200187683 0.42354029417037964 -0.4772395193576813
			vertex -0.21847911179065704 0.42387813329696655 -0.4694765508174896
			vertex -0.19411185383796692 0.43861255049705505 -0.4793160557746887
		endloop
	endfacet
	facet normal -0.2974294551693719 -0.13890659836959868 -0.9445849226655261
		outer loop
			vertex -0.21847911179065704 0.42387813329696655 -0.4694765508174896
			vertex -0.21892358362674713 0.43895038962364197 -0.4715530574321747
			vertex -0.19411185383796692 0.43861255049705505 -0.4793160557746887
		endloop
	endfacet
	facet normal -0.29489285198205023 -0.20317062987821166 -0.9336808346564599
		outer loop
			vertex -0.19411185383796692 0.43861255049705505 -0.4793160557746887
			vertex -0.21892358362674713 0.43895038962364197 -0.4715530574321747
			vertex -0.19485053420066833 0.45351487398147583 -0.4823255240917206
		endloop
	endfacet
	facet normal -0.29489285198205023 -0.20317062987821166 -0.9336808346564599
		outer loop
			vertex -0.21892358362674713 0.43895038962364197 -0.4715530574321747
			vertex -0.21966226398944855 0.45385271310806274 -0.47456252574920654
			vertex -0.19485053420066833 0.45351487398147583 -0.4823255240917206
		endloop
	endfacet
	facet normal -0.29489291176809107 -0.20316942373323868 -0.9336810782321985
		outer loop
			vertex -0.19485053420066833 0.45351487398147583 -0.4823255240917206
			vertex -0.21966226398944855 0.45385271310806274 -0.47456252574920654
			vertex -0.19521982967853546 0.4609651267528534 -0.483830064535141
		endloop
	endfacet
	facet normal -0.29489291176809107 -0.20316942373323868 -0.9336810782321985
		outer loop
			vertex -0.21966226398944855 0.45385271310806274 -0.47456252574920654
			vertex -0.22003155946731567 0.4613029658794403 -0.47606706619262695
			vertex -0.19521982967853546 0.4609651267528534 -0.483830064535141
		endloop
	endfacet
	facet normal -0.29110150016369585 -0.2665690015470673 -0.9188040509361316
		outer loop
			vertex -0.19521982967853546 0.4609651267528534 -0.483830064535141
			vertex -0.22003155946731567 0.4613029658794403 -0.47606706619262695
			vertex -0.19676437973976135 0.4829677641391754 -0.4897242486476898
		endloop
	endfacet
	facet normal -0.29110150016369585 -0.2665690015470673 -0.9188040509361316
		outer loop
			vertex -0.22003155946731567 0.4613029658794403 -0.47606706619262695
			vertex -0.22157610952854156 0.48330560326576233 -0.4819612503051758
			vertex -0.19676437973976135 0.4829677641391754 -0.4897242486476898
		endloop
	endfacet
	facet normal -0.9914439298969561 0 -0.13053326729412557
		outer loop
			vertex -0.21610218286514282 0.007000000216066837 -0.4919842779636383
			vertex -0.21610218286514282 0.004999999888241291 -0.4919842779636383
			vertex -0.21615329384803772 0.007000000216066837 -0.4915960729122162
		endloop
	endfacet
	facet normal -0.9914439298969561 0 -0.13053326729412557
		outer loop
			vertex -0.21610218286514282 0.004999999888241291 -0.4919842779636383
			vertex -0.21615329384803772 0.004999999888241291 -0.4915960729122162
			vertex -0.21615329384803772 0.007000000216066837 -0.4915960729122162
		endloop
	endfacet
	facet normal -0.9238832575067615 0 -0.38267443930669715
		outer loop
			vertex -0.21615329384803772 0.007000000216066837 -0.4915960729122162
			vertex -0.21615329384803772 0.004999999888241291 -0.4915960729122162
			vertex -0.21630313992500305 0.007000000216066837 -0.49123430252075195
		endloop
	endfacet
	facet normal -0.9238832575067615 0 -0.38267443930669715
		outer loop
			vertex -0.21615329384803772 0.004999999888241291 -0.4915960729122162
			vertex -0.21630313992500305 0.004999999888241291 -0.49123430252075195
			vertex -0.21630313992500305 0.007000000216066837 -0.49123430252075195
		endloop
	endfacet
	facet normal -0.7933858254851301 0 -0.6087190911407975
		outer loop
			vertex -0.21630313992500305 0.007000000216066837 -0.49123430252075195
			vertex -0.21630313992500305 0.004999999888241291 -0.49123430252075195
			vertex -0.21654151380062103 0.007000000216066837 -0.49092361330986023
		endloop
	endfacet
	facet normal -0.7933858254851301 0 -0.6087190911407975
		outer loop
			vertex -0.21630313992500305 0.004999999888241291 -0.49123430252075195
			vertex -0.21654151380062103 0.004999999888241291 -0.49092361330986023
			vertex -0.21654151380062103 0.007000000216066837 -0.49092361330986023
		endloop
	endfacet
	facet normal -0.6087318942630205 0 -0.7933760022252722
		outer loop
			vertex -0.21654151380062103 0.007000000216066837 -0.49092361330986023
			vertex -0.21654151380062103 0.004999999888241291 -0.49092361330986023
			vertex -0.21685217320919037 0.007000000216066837 -0.49068525433540344
		endloop
	endfacet
	facet normal -0.6087318942630205 0 -0.7933760022252722
		outer loop
			vertex -0.21654151380062103 0.004999999888241291 -0.49092361330986023
			vertex -0.21685217320919037 0.004999999888241291 -0.49068525433540344
			vertex -0.21685217320919037 0.007000000216066837 -0.49068525433540344
		endloop
	endfacet
	facet normal -0.382660985760248 0 -0.9238888298799782
		outer loop
			vertex -0.21685217320919037 0.007000000216066837 -0.49068525433540344
			vertex -0.21685217320919037 0.004999999888241291 -0.49068525433540344
			vertex -0.2172139585018158 0.007000000216066837 -0.4905354082584381
		endloop
	endfacet
	facet normal -0.382660985760248 0 -0.9238888298799782
		outer loop
			vertex -0.21685217320919037 0.004999999888241291 -0.49068525433540344
			vertex -0.2172139585018158 0.004999999888241291 -0.4905354082584381
			vertex -0.2172139585018158 0.007000000216066837 -0.4905354082584381
		endloop
	endfacet
	facet normal -0.1305283423624303 0 -0.9914445782998241
		outer loop
			vertex -0.2172139585018158 0.007000000216066837 -0.4905354082584381
			vertex -0.2172139585018158 0.004999999888241291 -0.4905354082584381
			vertex -0.2176021784543991 0.007000000216066837 -0.4904842972755432
		endloop
	endfacet
	facet normal -0.1305283423624303 0 -0.9914445782998241
		outer loop
			vertex -0.2172139585018158 0.004999999888241291 -0.4905354082584381
			vertex -0.2176021784543991 0.004999999888241291 -0.4904842972755432
			vertex -0.2176021784543991 0.007000000216066837 -0.4904842972755432
		endloop
	endfacet
	facet normal 0.13052341779912935 0 -0.991445226629305
		outer loop
			vertex -0.2176021784543991 0.007000000216066837 -0.4904842972755432
			vertex -0.2176021784543991 0.004999999888241291 -0.4904842972755432
			vertex -0.21799041330814362 0.007000000216066837 -0.4905354082584381
		endloop
	endfacet
	facet normal 0.13052341779912935 0 -0.991445226629305
		outer loop
			vertex -0.2176021784543991 0.004999999888241291 -0.4904842972755432
			vertex -0.21799041330814362 0.004999999888241291 -0.4905354082584381
			vertex -0.21799041330814362 0.007000000216066837 -0.4905354082584381
		endloop
	endfacet
	facet normal 0.38267443930669715 0 -0.9238832575067615
		outer loop
			vertex -0.21799041330814362 0.007000000216066837 -0.4905354082584381
			vertex -0.21799041330814362 0.004999999888241291 -0.4905354082584381
			vertex -0.21835218369960785 0.007000000216066837 -0.49068525433540344
		endloop
	endfacet
	facet normal 0.38267443930669715 0 -0.9238832575067615
		outer loop
			vertex -0.21799041330814362 0.004999999888241291 -0.4905354082584381
			vertex -0.21835218369960785 0.004999999888241291 -0.49068525433540344
			vertex -0.21835218369960785 0.007000000216066837 -0.49068525433540344
		endloop
	endfacet
	facet normal 0.6087318942630205 0 -0.7933760022252722
		outer loop
			vertex -0.21835218369960785 0.007000000216066837 -0.49068525433540344
			vertex -0.21835218369960785 0.004999999888241291 -0.49068525433540344
			vertex -0.21866284310817719 0.007000000216066837 -0.49092361330986023
		endloop
	endfacet
	facet normal 0.6087318942630205 0 -0.7933760022252722
		outer loop
			vertex -0.21835218369960785 0.004999999888241291 -0.49068525433540344
			vertex -0.21866284310817719 0.004999999888241291 -0.49092361330986023
			vertex -0.21866284310817719 0.007000000216066837 -0.49092361330986023
		endloop
	endfacet
	facet normal 0.7933858254851301 0 -0.6087190911407975
		outer loop
			vertex -0.21866284310817719 0.007000000216066837 -0.49092361330986023
			vertex -0.21866284310817719 0.004999999888241291 -0.49092361330986023
			vertex -0.21890121698379517 0.007000000216066837 -0.49123430252075195
		endloop
	endfacet
	facet normal 0.7933858254851301 0 -0.6087190911407975
		outer loop
			vertex -0.21866284310817719 0.004999999888241291 -0.49092361330986023
			vertex -0.21890121698379517 0.004999999888241291 -0.49123430252075195
			vertex -0.21890121698379517 0.007000000216066837 -0.49123430252075195
		endloop
	endfacet
	facet normal 0.9238832575067615 0 -0.38267443930669715
		outer loop
			vertex -0.21890121698379517 0.007000000216066837 -0.49123430252075195
			vertex -0.21890121698379517 0.004999999888241291 -0.49123430252075195
			vertex -0.2190510630607605 0.007000000216066837 -0.4915960729122162
		endloop
	endfacet
	facet normal 0.9238832575067615 0 -0.38267443930669715
		outer loop
			vertex -0.21890121698379517 0.004999999888241291 -0.49123430252075195
			vertex -0.2190510630607605 0.004999999888241291 -0.4915960729122162
			vertex -0.2190510630607605 0.007000000216066837 -0.4915960729122162
		endloop
	endfacet
	facet normal 0.9914439298969561 0 -0.13053326729412557
		outer loop
			vertex -0.2190510630607605 0.007000000216066837 -0.4915960729122162
			vertex -0.2190510630607605 0.004999999888241291 -0.4915960729122162
			vertex -0.2191021740436554 0.007000000216066837 -0.4919842779636383
		endloop
	endfacet
	facet normal 0.9914439298969561 0 -0.13053326729412557
		outer loop
			vertex -0.2190510630607605 0.004999999888241291 -0.4915960729122162
			vertex -0.2191021740436554 0.004999999888241291 -0.4919842779636383
			vertex -0.2191021740436554 0.007000000216066837 -0.4919842779636383
		endloop
	endfacet
	facet normal 0.991445226629305 0 0.13052341779912935
		outer loop
			vertex -0.2191021740436554 0.007000000216066837 -0.4919842779636383
			vertex -0.2191021740436554 0.004999999888241291 -0.4919842779636383
			vertex -0.2190510630607605 0.007000000216066837 -0.4923725128173828
		endloop
	endfacet
	facet normal 0.991445226629305 0 0.13052341779912935
		outer loop
			vertex -0.2191021740436554 0.004999999888241291 -0.4919842779636383
			vertex -0.2190510630607605 0.004999999888241291 -0.4923725128173828
			vertex -0.2190510630607605 0.007000000216066837 -0.4923725128173828
		endloop
	endfacet
	facet normal 0.9238832575067615 0 0.38267443930669715
		outer loop
			vertex -0.2190510630607605 0.007000000216066837 -0.4923725128173828
			vertex -0.2190510630607605 0.004999999888241291 -0.4923725128173828
			vertex -0.21890121698379517 0.007000000216066837 -0.49273428320884705
		endloop
	endfacet
	facet normal 0.9238832575067615 0 0.38267443930669715
		outer loop
			vertex -0.2190510630607605 0.004999999888241291 -0.4923725128173828
			vertex -0.21890121698379517 0.004999999888241291 -0.49273428320884705
			vertex -0.21890121698379517 0.007000000216066837 -0.49273428320884705
		endloop
	endfacet
	facet normal 0.7933576233782732 0 0.6087558471403606
		outer loop
			vertex -0.21890121698379517 0.007000000216066837 -0.49273428320884705
			vertex -0.21890121698379517 0.004999999888241291 -0.49273428320884705
			vertex -0.21866284310817719 0.007000000216066837 -0.4930449426174164
		endloop
	endfacet
	facet normal 0.7933576233782732 0 0.6087558471403606
		outer loop
			vertex -0.21890121698379517 0.004999999888241291 -0.49273428320884705
			vertex -0.21866284310817719 0.004999999888241291 -0.4930449426174164
			vertex -0.21866284310817719 0.007000000216066837 -0.4930449426174164
		endloop
	endfacet
	facet normal 0.6087797983530941 0 0.7933392446596641
		outer loop
			vertex -0.21866284310817719 0.007000000216066837 -0.4930449426174164
			vertex -0.21866284310817719 0.004999999888241291 -0.4930449426174164
			vertex -0.21835218369960785 0.007000000216066837 -0.49328333139419556
		endloop
	endfacet
	facet normal 0.6087797983530941 0 0.7933392446596641
		outer loop
			vertex -0.21866284310817719 0.004999999888241291 -0.4930449426174164
			vertex -0.21835218369960785 0.004999999888241291 -0.49328333139419556
			vertex -0.21835218369960785 0.007000000216066837 -0.49328333139419556
		endloop
	endfacet
	facet normal 0.38267443930669715 0 0.9238832575067615
		outer loop
			vertex -0.21835218369960785 0.007000000216066837 -0.49328333139419556
			vertex -0.21835218369960785 0.004999999888241291 -0.49328333139419556
			vertex -0.21799041330814362 0.007000000216066837 -0.4934331774711609
		endloop
	endfacet
	facet normal 0.38267443930669715 0 0.9238832575067615
		outer loop
			vertex -0.21835218369960785 0.004999999888241291 -0.49328333139419556
			vertex -0.21799041330814362 0.004999999888241291 -0.4934331774711609
			vertex -0.21799041330814362 0.007000000216066837 -0.4934331774711609
		endloop
	endfacet
	facet normal 0.13052341779912935 0 0.991445226629305
		outer loop
			vertex -0.21799041330814362 0.007000000216066837 -0.4934331774711609
			vertex -0.21799041330814362 0.004999999888241291 -0.4934331774711609
			vertex -0.2176021784543991 0.007000000216066837 -0.4934842884540558
		endloop
	endfacet
	facet normal 0.13052341779912935 0 0.991445226629305
		outer loop
			vertex -0.21799041330814362 0.004999999888241291 -0.4934331774711609
			vertex -0.2176021784543991 0.004999999888241291 -0.4934842884540558
			vertex -0.2176021784543991 0.007000000216066837 -0.4934842884540558
		endloop
	endfacet
	facet normal -0.1305283423624303 0 0.9914445782998241
		outer loop
			vertex -0.2176021784543991 0.007000000216066837 -0.4934842884540558
			vertex -0.2176021784543991 0.004999999888241291 -0.4934842884540558
			vertex -0.2172139585018158 0.007000000216066837 -0.4934331774711609
		endloop
	endfacet
	facet normal -0.1305283423624303 0 0.9914445782998241
		outer loop
			vertex -0.2176021784543991 0.004999999888241291 -0.4934842884540558
			vertex -0.2172139585018158 0.004999999888241291 -0.4934331774711609
			vertex -0.2172139585018158 0.007000000216066837 -0.4934331774711609
		endloop
	endfacet
	facet normal -0.382660985760248 0 0.9238888298799782
		outer loop
			vertex -0.2172139585018158 0.007000000216066837 -0.4934331774711609
			vertex -0.2172139585018158 0.004999999888241291 -0.4934331774711609
			vertex -0.21685217320919037 0.007000000216066837 -0.49328333139419556
		endloop
	endfacet
	facet normal -0.382660985760248 0 0.9238888298799782
		outer loop
			vertex -0.2172139585018158 0.004999999888241291 -0.4934331774711609
			vertex -0.21685217320919037 0.004999999888241291 -0.49328333139419556
			vertex -0.21685217320919037 0.007000000216066837 -0.49328333139419556
		endloop
	endfacet
	facet normal -0.6087797983530941 0 0.7933392446596641
		outer loop
			vertex -0.21685217320919037 0.007000000216066837 -0.49328333139419556
			vertex -0.21685217320919037 0.004999999888241291 -0.49328333139419556
			vertex -0.21654151380062103 0.007000000216066837 -0.4930449426174164
		endloop
	endfacet
	facet normal -0.6087797983530941 0 0.7933392446596641
		outer loop
			vertex -0.21685217320919037 0.004999999888241291 -0.49328333139419556
			vertex -0.21654151380062103 0.004999999888241291 -0.4930449426174164
			vertex -0.21654151380062103 0.007000000216066837 -0.4930449426174164
		endloop
	endfacet
	facet normal -0.7933576233782732 0 0.6087558471403606
		outer loop
			vertex -0.21654151380062103 0.007000000216066837 -0.4930449426174164
			vertex -0.21654151380062103 0.004999999888241291 -0.4930449426174164
			vertex -0.21630313992500305 0.007000000216066837 -0.49273428320884705
		endloop
	endfacet
	facet normal -0.7933576233782732 0 0.6087558471403606
		outer loop
			vertex -0.21654151380062103 0.004999999888241291 -0.4930449426174164
			vertex -0.21630313992500305 0.004999999888241291 -0.49273428320884705
			vertex -0.21630313992500305 0.007000000216066837 -0.49273428320884705
		endloop
	endfacet
	facet normal -0.9238832575067615 0 0.38267443930669715
		outer loop
			vertex -0.21630313992500305 0.007000000216066837 -0.49273428320884705
			vertex -0.21630313992500305 0.004999999888241291 -0.49273428320884705
			vertex -0.21615329384803772 0.007000000216066837 -0.4923725128173828
		endloop
	endfacet
	facet normal -0.9238832575067615 0 0.38267443930669715
		outer loop
			vertex -0.21630313992500305 0.004999999888241291 -0.49273428320884705
			vertex -0.21615329384803772 0.004999999888241291 -0.4923725128173828
			vertex -0.21615329384803772 0.007000000216066837 -0.4923725128173828
		endloop
	endfacet
	facet normal -0.991445226629305 0 0.13052341779912935
		outer loop
			vertex -0.21615329384803772 0.007000000216066837 -0.4923725128173828
			vertex -0.21615329384803772 0.004999999888241291 -0.4923725128173828
			vertex -0.21610218286514282 0.007000000216066837 -0.4919842779636383
		endloop
	endfacet
	facet normal -0.991445226629305 0 0.13052341779912935
		outer loop
			vertex -0.21615329384803772 0.004999999888241291 -0.4923725128173828
			vertex -0.21610218286514282 0.004999999888241291 -0.4919842779636383
			vertex -0.21610218286514282 0.007000000216066837 -0.4919842779636383
		endloop
	endfacet
	facet normal 0.9148391299757147 -0.017557330398223422 -0.40343662007131326
		outer loop
			vertex -0.19071632623672485 0.39329594373703003 -0.47318971157073975
			vertex -0.19071632623672485 0.2819007635116577 -0.4683418571949005
			vertex -0.19089718163013458 0.2818829417228699 -0.4687511920928955
		endloop
	endfacet
	facet normal 0.91483865818309 -0.017557372180780042 -0.40343768809553376
		outer loop
			vertex -0.19071632623672485 0.39329594373703003 -0.47318971157073975
			vertex -0.19089718163013458 0.2818829417228699 -0.4687511920928955
			vertex -0.19089718163013458 0.3932781517505646 -0.47359904646873474
		endloop
	endfacet
	facet normal 0.8020331882634332 -0.025968673206519223 -0.5967146662651132
		outer loop
			vertex -0.19089718163013458 0.2818829417228699 -0.4687511920928955
			vertex -0.19116467237472534 0.2818673253059387 -0.46911004185676575
			vertex -0.19089718163013458 0.3932781517505646 -0.47359904646873474
		endloop
	endfacet
	facet normal 0.8020331882634332 -0.025968673206519223 -0.5967146662651132
		outer loop
			vertex -0.19089718163013458 0.3932781517505646 -0.47359904646873474
			vertex -0.19116467237472534 0.2818673253059387 -0.46911004185676575
			vertex -0.19116467237472534 0.3932625353336334 -0.473957896232605
		endloop
	endfacet
	facet normal 0.6490060830235687 -0.03307753197861654 -0.7600638006618973
		outer loop
			vertex -0.19116467237472534 0.2818673253059387 -0.46911004185676575
			vertex -0.19150540232658386 0.28185468912124634 -0.46940043568611145
			vertex -0.19116467237472534 0.3932625353336334 -0.473957896232605
		endloop
	endfacet
	facet normal 0.6490060830235687 -0.03307753197861654 -0.7600638006618973
		outer loop
			vertex -0.19116467237472534 0.3932625353336334 -0.473957896232605
			vertex -0.19150540232658386 0.28185468912124634 -0.46940043568611145
			vertex -0.19150540232658386 0.39324989914894104 -0.4742482900619507
		endloop
	endfacet
	facet normal 0.4635132526428313 -0.03852565250427782 -0.8852520763734941
		outer loop
			vertex -0.19150540232658386 0.28185468912124634 -0.46940043568611145
			vertex -0.1919022500514984 0.28184565901756287 -0.4696078300476074
			vertex -0.19150540232658386 0.39324989914894104 -0.4742482900619507
		endloop
	endfacet
	facet normal 0.4635132526428313 -0.03852565250427782 -0.8852520763734941
		outer loop
			vertex -0.19150540232658386 0.39324989914894104 -0.4742482900619507
			vertex -0.1919022500514984 0.28184565901756287 -0.4696078300476074
			vertex -0.1919022500514984 0.39324086904525757 -0.47445568442344666
		endloop
	endfacet
	facet normal 0.25464214658273515 -0.04204501640958044 -0.9661209001873704
		outer loop
			vertex -0.1919022500514984 0.28184565901756287 -0.4696078300476074
			vertex -0.1923353374004364 0.2818407118320465 -0.4697217643260956
			vertex -0.1919022500514984 0.39324086904525757 -0.47445568442344666
		endloop
	endfacet
	facet normal 0.2546448522440607 -0.04204499666014073 -0.9661201879069962
		outer loop
			vertex -0.1919022500514984 0.39324086904525757 -0.47445568442344666
			vertex -0.1923353374004364 0.2818407118320465 -0.4697217643260956
			vertex -0.1923353374004364 0.3932358920574188 -0.4745696187019348
		endloop
	endfacet
	facet normal 0.03310455540575826 -0.043454442799666024 -0.9985067850607515
		outer loop
			vertex -0.1923353374004364 0.2818407118320465 -0.4697217643260956
			vertex -0.1927829533815384 0.281840056180954 -0.46973657608032227
			vertex -0.1923353374004364 0.3932358920574188 -0.4745696187019348
		endloop
	endfacet
	facet normal 0.03310166537483075 -0.04345443535778174 -0.9985068811966943
		outer loop
			vertex -0.1923353374004364 0.3932358920574188 -0.4745696187019348
			vertex -0.1927829533815384 0.281840056180954 -0.46973657608032227
			vertex -0.1927829533815384 0.3932352662086487 -0.4745844304561615
		endloop
	endfacet
	facet normal -0.19016422614542106 -0.0426848833590708 -0.980823922948016
		outer loop
			vertex -0.1927829533815384 0.281840056180954 -0.46973657608032227
			vertex -0.19322264194488525 0.28184378147125244 -0.4696514904499054
			vertex -0.1927829533815384 0.3932352662086487 -0.4745844304561615
		endloop
	endfacet
	facet normal -0.1901614375643518 -0.04268491824164826 -0.9808244620818564
		outer loop
			vertex -0.1927829533815384 0.3932352662086487 -0.4745844304561615
			vertex -0.19322264194488525 0.28184378147125244 -0.4696514904499054
			vertex -0.19322264194488525 0.39323896169662476 -0.47449934482574463
		endloop
	endfacet
	facet normal -0.18879086348871588 -0.13949007000620303 -0.9720599416871625
		outer loop
			vertex -0.19366738200187683 0.42354029417037964 -0.4772395193576813
			vertex -0.19411185383796692 0.43861255049705505 -0.4793160557746887
			vertex -0.1936722993850708 0.4386153519153595 -0.4794018268585205
		endloop
	endfacet
	facet normal -0.1862772536036022 -0.20334758665695626 -0.9612234619435228
		outer loop
			vertex -0.19485053420066833 0.45351487398147583 -0.4823255240917206
			vertex -0.19521982967853546 0.4609651267528534 -0.483830064535141
			vertex -0.19478042423725128 0.4609711468219757 -0.4839164912700653
		endloop
	endfacet
	facet normal 0.9156769063229573 -0.04277672273893466 -0.3996322749960699
		outer loop
			vertex -0.1942782998085022 0.483537495136261 -0.4885016083717346
			vertex -0.19272492825984955 0.46140915155410767 -0.4825737476348877
			vertex -0.19445465505123138 0.48340559005737305 -0.4888915717601776
		endloop
	endfacet
	facet normal 0.9156808018596504 -0.042773938295091816 -0.3996236470835973
		outer loop
			vertex -0.19272492825984955 0.46140915155410767 -0.4825737476348877
			vertex -0.19290325045585632 0.4613052010536194 -0.4829712212085724
			vertex -0.19445465505123138 0.48340559005737305 -0.4888915717601776
		endloop
	endfacet
	facet normal 0.8044952907284789 -0.10035099801613624 -0.5854203655433123
		outer loop
			vertex -0.19445465505123138 0.48340559005737305 -0.4888915717601776
			vertex -0.19290325045585632 0.4613052010536194 -0.4829712212085724
			vertex -0.1947178691625595 0.48328161239624023 -0.48923203349113464
		endloop
	endfacet
	facet normal 0.8045000531718772 -0.10034884539473878 -0.5854141898471453
		outer loop
			vertex -0.19290325045585632 0.4613052010536194 -0.4829712212085724
			vertex -0.19316832721233368 0.4612078070640564 -0.4833188056945801
			vertex -0.1947178691625595 0.48328161239624023 -0.48923203349113464
		endloop
	endfacet
	facet normal 0.6529782650237572 -0.15287534171184913 -0.7417873787703922
		outer loop
			vertex -0.1947178691625595 0.48328161239624023 -0.48923203349113464
			vertex -0.19316832721233368 0.4612078070640564 -0.4833188056945801
			vertex -0.19505475461483002 0.4831717610359192 -0.48950594663619995
		endloop
	endfacet
	facet normal 0.6529796853092112 -0.15287489355618228 -0.7417862208842043
		outer loop
			vertex -0.19316832721233368 0.4612078070640564 -0.4833188056945801
			vertex -0.1935068815946579 0.4611217677593231 -0.48359909653663635
			vertex -0.19505475461483002 0.4831717610359192 -0.48950594663619995
		endloop
	endfacet
	facet normal 0.4687346637813917 -0.1977241861367092 -0.8609256420773641
		outer loop
			vertex -0.19505475461483002 0.4831717610359192 -0.48950594663619995
			vertex -0.1935068815946579 0.4611217677593231 -0.48359909653663635
			vertex -0.1954483985900879 0.48308151960372925 -0.4896995425224304
		endloop
	endfacet
	facet normal 0.4687228154170788 -0.19772685541420057 -0.8609314798260657
		outer loop
			vertex -0.1935068815946579 0.4611217677593231 -0.48359909653663635
			vertex -0.193901926279068 0.46105146408081055 -0.4837980270385742
			vertex -0.1954483985900879 0.48308151960372925 -0.4896995425224304
		endloop
	endfacet
	facet normal 0.2610210834754473 -0.2326521586500864 -0.9368783096308501
		outer loop
			vertex -0.1954483985900879 0.48308151960372925 -0.4896995425224304
			vertex -0.193901926279068 0.46105146408081055 -0.4837980270385742
			vertex -0.19587908685207367 0.4830154776573181 -0.48980313539505005
		endloop
	endfacet
	facet normal 0.26098151180112905 -0.23265831676873303 -0.9368878044549075
		outer loop
			vertex -0.193901926279068 0.46105146408081055 -0.4837980270385742
			vertex -0.19433365762233734 0.4610004127025604 -0.4839056134223938
			vertex -0.19587908685207367 0.4830154776573181 -0.48980313539505005
		endloop
	endfacet
	facet normal 0.04025388567977745 -0.2559146001017677 -0.9658609331277624
		outer loop
			vertex -0.19587908685207367 0.4830154776573181 -0.48980313539505005
			vertex -0.19433365762233734 0.4610004127025604 -0.4839056134223938
			vertex -0.19632519781589508 0.48297691345214844 -0.489811509847641
		endloop
	endfacet
	facet normal 0.040280483945599445 -0.2559120717588867 -0.9658604941404234
		outer loop
			vertex -0.19433365762233734 0.4610004127025604 -0.4839056134223938
			vertex -0.19478042423725128 0.4609711468219757 -0.4839164912700653
			vertex -0.19632519781589508 0.48297691345214844 -0.489811509847641
		endloop
	endfacet
	facet normal -0.18250006953733128 -0.26634895302477235 -0.9464417361050163
		outer loop
			vertex -0.19632519781589508 0.48297691345214844 -0.489811509847641
			vertex -0.19478042423725128 0.4609711468219757 -0.4839164912700653
			vertex -0.19676437973976135 0.4829677641391754 -0.4897242486476898
		endloop
	endfacet
	facet normal -0.1825064266533899 -0.2663491854647109 -0.9464404448418801
		outer loop
			vertex -0.19478042423725128 0.4609711468219757 -0.4839164912700653
			vertex -0.19521982967853546 0.4609651267528534 -0.483830064535141
			vertex -0.19676437973976135 0.4829677641391754 -0.4897242486476898
		endloop
	endfacet
	facet normal 0.9152559522614372 -0.03567152536659326 -0.401290523346902
		outer loop
			vertex -0.19272492825984955 0.46140915155410767 -0.4825737476348877
			vertex -0.19161061942577362 0.4389288127422333 -0.4780339300632477
			vertex -0.19290325045585632 0.4613052010536194 -0.4829712212085724
		endloop
	endfacet
	facet normal 0.9152544578844771 -0.03567234760496639 -0.4012938585861269
		outer loop
			vertex -0.19161061942577362 0.4389288127422333 -0.4780339300632477
			vertex -0.1917903572320938 0.43885329365730286 -0.4784371554851532
			vertex -0.19290325045585632 0.4613052010536194 -0.4829712212085724
		endloop
	endfacet
	facet normal 0.8032478070252685 -0.07939917791636739 -0.5903293411777041
		outer loop
			vertex -0.19290325045585632 0.4613052010536194 -0.4829712212085724
			vertex -0.1917903572320938 0.43885329365730286 -0.4784371554851532
			vertex -0.19316832721233368 0.4612078070640564 -0.4833188056945801
		endloop
	endfacet
	facet normal 0.8032489071465357 -0.07939879447783826 -0.5903278958370187
		outer loop
			vertex -0.1917903572320938 0.43885329365730286 -0.4784371554851532
			vertex -0.1920567750930786 0.43878287076950073 -0.47879019379615784
			vertex -0.19316832721233368 0.4612078070640564 -0.4833188056945801
		endloop
	endfacet
	facet normal 0.6509606056938355 -0.11913284881586804 -0.7497050447794322
		outer loop
			vertex -0.19316832721233368 0.4612078070640564 -0.4833188056945801
			vertex -0.1920567750930786 0.43878287076950073 -0.47879019379615784
			vertex -0.1935068815946579 0.4611217677593231 -0.48359909653663635
		endloop
	endfacet
	facet normal 0.6509575348177409 -0.11913359657563634 -0.7497075923524874
		outer loop
			vertex -0.1920567750930786 0.43878287076950073 -0.47879019379615784
			vertex -0.19239652156829834 0.43872109055519104 -0.4790753722190857
			vertex -0.1935068815946579 0.4611217677593231 -0.48359909653663635
		endloop
	endfacet
	facet normal 0.4660413005432607 -0.15288566702049977 -0.8714536585542821
		outer loop
			vertex -0.1935068815946579 0.4611217677593231 -0.48359909653663635
			vertex -0.19239652156829834 0.43872109055519104 -0.4790753722190857
			vertex -0.193901926279068 0.46105146408081055 -0.4837980270385742
		endloop
	endfacet
	facet normal 0.46603467568666557 -0.15288682012956378 -0.8714569991045428
		outer loop
			vertex -0.19239652156829834 0.43872109055519104 -0.4790753722190857
			vertex -0.19279257953166962 0.4386709928512573 -0.4792783856391907
			vertex -0.193901926279068 0.46105146408081055 -0.4837980270385742
		endloop
	endfacet
	facet normal 0.25777218476360214 -0.17896757033539298 -0.9494862345134055
		outer loop
			vertex -0.193901926279068 0.46105146408081055 -0.4837980270385742
			vertex -0.19279257953166962 0.4386709928512573 -0.4792783856391907
			vertex -0.19433365762233734 0.4610004127025604 -0.4839056134223938
		endloop
	endfacet
	facet normal 0.25776578870721695 -0.1789683414725448 -0.9494878255789873
		outer loop
			vertex -0.19279257953166962 0.4386709928512573 -0.4792783856391907
			vertex -0.19322505593299866 0.4386351704597473 -0.4793890416622162
			vertex -0.19433365762233734 0.4610004127025604 -0.4839056134223938
		endloop
	endfacet
	facet normal 0.03670226819821722 -0.19606828414367766 -0.979903143918857
		outer loop
			vertex -0.19433365762233734 0.4610004127025604 -0.4839056134223938
			vertex -0.19322505593299866 0.4386351704597473 -0.4793890416622162
			vertex -0.19478042423725128 0.4609711468219757 -0.4839164912700653
		endloop
	endfacet
	facet normal 0.03670047070309211 -0.1960684175482011 -0.979903184549533
		outer loop
			vertex -0.19322505593299866 0.4386351704597473 -0.4793890416622162
			vertex -0.1936722993850708 0.4386153519153595 -0.4794018268585205
			vertex -0.19478042423725128 0.4609711468219757 -0.4839164912700653
		endloop
	endfacet
	facet normal -0.18626050364593474 -0.2033484000167952 -0.9612265357303512
		outer loop
			vertex -0.19478042423725128 0.4609711468219757 -0.4839164912700653
			vertex -0.1936722993850708 0.4386153519153595 -0.4794018268585205
			vertex -0.19485053420066833 0.45351487398147583 -0.4823255240917206
		endloop
	endfacet
	facet normal -0.18626957162123892 -0.20334875745516987 -0.9612247029334395
		outer loop
			vertex -0.1936722993850708 0.4386153519153595 -0.4794018268585205
			vertex -0.19411185383796692 0.43861255049705505 -0.4793160557746887
			vertex -0.19485053420066833 0.45351487398147583 -0.4823255240917206
		endloop
	endfacet
	facet normal -0.1887946272413008 -0.13948888316178715 -0.9720593810046254
		outer loop
			vertex -0.19344517588615417 0.41600507497787476 -0.4762013852596283
			vertex -0.19366738200187683 0.42354029417037964 -0.4772395193576813
			vertex -0.1930055320262909 0.41600462794303894 -0.47628670930862427
		endloop
	endfacet
	facet normal -0.18880680517907825 -0.13948963993891553 -0.9720569071138693
		outer loop
			vertex -0.19366738200187683 0.42354029417037964 -0.4772395193576813
			vertex -0.1936722993850708 0.4386153519153595 -0.4794018268585205
			vertex -0.1930055320262909 0.41600462794303894 -0.47628670930862427
		endloop
	endfacet
	facet normal 0.034300860730132034 -0.1354094472998363 -0.9901958051492266
		outer loop
			vertex -0.1930055320262909 0.41600462794303894 -0.47628670930862427
			vertex -0.1936722993850708 0.4386153519153595 -0.4794018268585205
			vertex -0.19255800545215607 0.4160149097442627 -0.4762726128101349
		endloop
	endfacet
	facet normal 0.0343067239930685 -0.1354091359873964 -0.9901956445975767
		outer loop
			vertex -0.1936722993850708 0.4386153519153595 -0.4794018268585205
			vertex -0.19322505593299866 0.4386351704597473 -0.4793890416622162
			vertex -0.19255800545215607 0.4160149097442627 -0.4762726128101349
		endloop
	endfacet
	facet normal 0.2556102674773039 -0.12454717933354152 -0.95872383473044
		outer loop
			vertex -0.19255800545215607 0.4160149097442627 -0.4762726128101349
			vertex -0.19322505593299866 0.4386351704597473 -0.4793890416622162
			vertex -0.19212506711483002 0.41603535413742065 -0.47615984082221985
		endloop
	endfacet
	facet normal 0.2556204784767175 -0.12454630948281867 -0.958721225267045
		outer loop
			vertex -0.19322505593299866 0.4386351704597473 -0.4793890416622162
			vertex -0.19279257953166962 0.4386709928512573 -0.4792783856391907
			vertex -0.19212506711483002 0.41603535413742065 -0.47615984082221985
		endloop
	endfacet
	facet normal 0.4642642446619483 -0.10743184796580996 -0.8791570446576207
		outer loop
			vertex -0.19212506711483002 0.41603535413742065 -0.47615984082221985
			vertex -0.19279257953166962 0.4386709928512573 -0.4792783856391907
			vertex -0.191728413105011 0.416064977645874 -0.47595399618148804
		endloop
	endfacet
	facet normal 0.4642389981014978 -0.1074349413764368 -0.879169998358201
		outer loop
			vertex -0.19279257953166962 0.4386709928512573 -0.4792783856391907
			vertex -0.19239652156829834 0.43872109055519104 -0.4790753722190857
			vertex -0.191728413105011 0.416064977645874 -0.47595399618148804
		endloop
	endfacet
	facet normal 0.649594858889219 -0.08493367770947677 -0.7555215348985351
		outer loop
			vertex -0.191728413105011 0.416064977645874 -0.47595399618148804
			vertex -0.19239652156829834 0.43872109055519104 -0.4790753722190857
			vertex -0.19138793647289276 0.4161022901535034 -0.47566545009613037
		endloop
	endfacet
	facet normal 0.6496085817237063 -0.08493132686103456 -0.75551000011154
		outer loop
			vertex -0.19239652156829834 0.43872109055519104 -0.4790753722190857
			vertex -0.1920567750930786 0.43878287076950073 -0.47879019379615784
			vertex -0.19138793647289276 0.4161022901535034 -0.47566545009613037
		endloop
	endfacet
	facet normal 0.8024063193899503 -0.05816517360678022 -0.5939367905613915
		outer loop
			vertex -0.19138793647289276 0.4161022901535034 -0.47566545009613037
			vertex -0.1920567750930786 0.43878287076950073 -0.47879019379615784
			vertex -0.1911207139492035 0.4161454141139984 -0.4753086566925049
		endloop
	endfacet
	facet normal 0.8024106077967905 -0.058164121093965675 -0.5939310999708229
		outer loop
			vertex -0.1920567750930786 0.43878287076950073 -0.47879019379615784
			vertex -0.1917903572320938 0.43885329365730286 -0.4784371554851532
			vertex -0.1911207139492035 0.4161454141139984 -0.4753086566925049
		endloop
	endfacet
	facet normal 0.9149712226426063 -0.028472849957009615 -0.4025133023282831
		outer loop
			vertex -0.1911207139492035 0.4161454141139984 -0.4753086566925049
			vertex -0.1917903572320938 0.43885329365730286 -0.4784371554851532
			vertex -0.19094014167785645 0.4161921739578247 -0.4749014973640442
		endloop
	endfacet
	facet normal 0.9149702530391307 -0.02847322606577812 -0.40251547976558133
		outer loop
			vertex -0.1917903572320938 0.43885329365730286 -0.4784371554851532
			vertex -0.19161061942577362 0.4389288127422333 -0.4780339300632477
			vertex -0.19094014167785645 0.4161921739578247 -0.4749014973640442
		endloop
	endfacet
	facet normal 0.9148288593385183 -0.02120802537377339 -0.4032844874045259
		outer loop
			vertex -0.19094014167785645 0.4161921739578247 -0.4749014973640442
			vertex -0.19071632623672485 0.39329594373703003 -0.47318971157073975
			vertex -0.1911207139492035 0.4161454141139984 -0.4753086566925049
		endloop
	endfacet
	facet normal 0.9148324803509842 -0.021207203556471863 -0.40327631645334794
		outer loop
			vertex -0.19071632623672485 0.39329594373703003 -0.47318971157073975
			vertex -0.19089718163013458 0.3932781517505646 -0.47359904646873474
			vertex -0.1911207139492035 0.4161454141139984 -0.4753086566925049
		endloop
	endfacet
	facet normal 0.8019860144487576 -0.03673464194398033 -0.5962122094605617
		outer loop
			vertex -0.1911207139492035 0.4161454141139984 -0.4753086566925049
			vertex -0.19089718163013458 0.3932781517505646 -0.47359904646873474
			vertex -0.19138793647289276 0.4161022901535034 -0.47566545009613037
		endloop
	endfacet
	facet normal 0.8019865988991247 -0.03673455866572767 -0.5962114284260652
		outer loop
			vertex -0.19089718163013458 0.3932781517505646 -0.47359904646873474
			vertex -0.19116467237472534 0.3932625353336334 -0.473957896232605
			vertex -0.19138793647289276 0.4161022901535034 -0.47566545009613037
		endloop
	endfacet
	facet normal 0.6489178614050647 -0.05041523136148093 -0.7591863497167515
		outer loop
			vertex -0.19138793647289276 0.4161022901535034 -0.47566545009613037
			vertex -0.19116467237472534 0.3932625353336334 -0.473957896232605
			vertex -0.191728413105011 0.416064977645874 -0.47595399618148804
		endloop
	endfacet
	facet normal 0.6489082330306393 -0.05041618428898427 -0.7591945162254484
		outer loop
			vertex -0.19116467237472534 0.3932625353336334 -0.473957896232605
			vertex -0.19150540232658386 0.39324989914894104 -0.4742482900619507
			vertex -0.191728413105011 0.416064977645874 -0.47595399618148804
		endloop
	endfacet
	facet normal 0.463365473879423 -0.061562513166931614 -0.8840262974533445
		outer loop
			vertex -0.191728413105011 0.416064977645874 -0.47595399618148804
			vertex -0.19150540232658386 0.39324989914894104 -0.4742482900619507
			vertex -0.19212506711483002 0.41603535413742065 -0.47615984082221985
		endloop
	endfacet
	facet normal 0.4633901213225011 -0.06156076919286333 -0.8840134994201735
		outer loop
			vertex -0.19150540232658386 0.39324989914894104 -0.4742482900619507
			vertex -0.1919022500514984 0.39324086904525757 -0.47445568442344666
			vertex -0.19212506711483002 0.41603535413742065 -0.47615984082221985
		endloop
	endfacet
	facet normal 0.25453528020612115 -0.06962368248081148 -0.9645539559652445
		outer loop
			vertex -0.19212506711483002 0.41603535413742065 -0.47615984082221985
			vertex -0.1919022500514984 0.39324086904525757 -0.47445568442344666
			vertex -0.19255800545215607 0.4160149097442627 -0.4762726128101349
		endloop
	endfacet
	facet normal 0.2545488128885713 -0.06962301176834022 -0.9645504331497265
		outer loop
			vertex -0.1919022500514984 0.39324086904525757 -0.47445568442344666
			vertex -0.1923353374004364 0.3932358920574188 -0.4745696187019348
			vertex -0.19255800545215607 0.4160149097442627 -0.4762726128101349
		endloop
	endfacet
	facet normal 0.03309908453387626 -0.07419086200326334 -0.9966946205324038
		outer loop
			vertex -0.19255800545215607 0.4160149097442627 -0.4762726128101349
			vertex -0.1923353374004364 0.3932358920574188 -0.4745696187019348
			vertex -0.1930055320262909 0.41600462794303894 -0.47628670930862427
		endloop
	endfacet
	facet normal 0.03308468755686038 -0.07419131925776465 -0.9966950644986948
		outer loop
			vertex -0.1923353374004364 0.3932358920574188 -0.4745696187019348
			vertex -0.1927829533815384 0.3932352662086487 -0.4745844304561615
			vertex -0.1930055320262909 0.41600462794303894 -0.47628670930862427
		endloop
	endfacet
	facet normal -0.19005687432901552 -0.075042286257303 -0.9789009346167578
		outer loop
			vertex -0.1930055320262909 0.41600462794303894 -0.47628670930862427
			vertex -0.1927829533815384 0.3932352662086487 -0.4745844304561615
			vertex -0.19344517588615417 0.41600507497787476 -0.4762013852596283
		endloop
	endfacet
	facet normal -0.1900610101543478 -0.07504234917542736 -0.9789001268001462
		outer loop
			vertex -0.1927829533815384 0.3932352662086487 -0.4745844304561615
			vertex -0.19322264194488525 0.39323896169662476 -0.47449934482574463
			vertex -0.19344517588615417 0.41600507497787476 -0.4762013852596283
		endloop
	endfacet
	facet normal -0.1879307909175239 -0.16627168917647722 -0.9680060656852905
		outer loop
			vertex -0.21108697354793549 0.7202695608139038 -0.5458287000656128
			vertex -0.2128949761390686 0.7680647373199463 -0.553687334060669
			vertex -0.2124553769826889 0.7680665254592896 -0.5537729859352112
		endloop
	endfacet
	facet normal -0.18503850467440788 -0.22508935585367718 -0.9566062584309366
		outer loop
			vertex -0.20729678869247437 0.6404011249542236 -0.5302388668060303
			vertex -0.20800162851810455 0.6528586745262146 -0.5330337882041931
			vertex -0.2075621634721756 0.6528634428977966 -0.5331199169158936
		endloop
	endfacet
	facet normal -0.183171552966759 -0.2542063017171681 -0.9496459015606954
		outer loop
			vertex -0.2024901658296585 0.5612806081771851 -0.5114328265190125
			vertex -0.20477257668972015 0.5957872867584229 -0.5202295184135437
			vertex -0.20433318614959717 0.5957935452461243 -0.520315945148468
		endloop
	endfacet
	facet normal 0.9142319190159939 -0.025020258624716567 -0.4044180818295416
		outer loop
			vertex -0.21332891285419464 0.8819682598114014 -0.5665566921234131
			vertex -0.21332618594169617 0.8819696307182312 -0.566550612449646
			vertex -0.21223081648349762 0.8262573480606079 -0.5606276392936707
		endloop
	endfacet
	facet normal 0.9142916824994861 -0.02500481911008414 -0.4042839080813517
		outer loop
			vertex -0.21332618594169617 0.8819696307182312 -0.566550612449646
			vertex -0.21314558386802673 0.8820615410804749 -0.5661478638648987
			vertex -0.21223081648349762 0.8262573480606079 -0.5606276392936707
		endloop
	endfacet
	facet normal 0.9149145134424881 -0.024855895382312185 -0.4028816421196666
		outer loop
			vertex -0.21223081648349762 0.8262573480606079 -0.5606276392936707
			vertex -0.21314558386802673 0.8820615410804749 -0.5661478638648987
			vertex -0.2120503932237625 0.8263105750083923 -0.5602211952209473
		endloop
	endfacet
	facet normal 0.6090314337138201 -0.07245985770027634 -0.7898292738120971
		outer loop
			vertex -0.21391472220420837 0.8818110227584839 -0.5671772956848145
			vertex -0.2137594223022461 0.8818429112434387 -0.5670604705810547
			vertex -0.21249790489673615 0.8262080550193787 -0.5609837174415588
		endloop
	endfacet
	facet normal 0.7330990266484062 -0.057398748501976266 -0.6776955074349883
		outer loop
			vertex -0.2137594223022461 0.8818429112434387 -0.5670604705810547
			vertex -0.2136024534702301 0.8818849921226501 -0.5668942332267761
			vertex -0.21249790489673615 0.8262080550193787 -0.5609837174415588
		endloop
	endfacet
	facet normal 0.8022036734604254 -0.04726781113336019 -0.5951764614946229
		outer loop
			vertex -0.21249790489673615 0.8262080550193787 -0.5609837174415588
			vertex -0.2136024534702301 0.8818849921226501 -0.5668942332267761
			vertex -0.21223081648349762 0.8262573480606079 -0.5606276392936707
		endloop
	endfacet
	facet normal 0.7330993301285659 -0.05825941646906048 -0.6776217326486308
		outer loop
			vertex -0.2136024534702301 0.8818849921226501 -0.5668942332267761
			vertex -0.21343666315078735 0.8819295167922974 -0.5667186975479126
			vertex -0.21223081648349762 0.8262573480606079 -0.5606276392936707
		endloop
	endfacet
	facet normal 0.8364933959680013 -0.04166204403785359 -0.5463909521473692
		outer loop
			vertex -0.21223081648349762 0.8262573480606079 -0.5606276392936707
			vertex -0.21343666315078735 0.8819295167922974 -0.5667186975479126
			vertex -0.21332891285419464 0.8819682598114014 -0.5665566921234131
		endloop
	endfacet
	facet normal 0.46185409289100876 -0.08480676708251438 -0.8828921843219791
		outer loop
			vertex -0.21433274447917938 0.8817453980445862 -0.56739342212677
			vertex -0.21432840824127197 0.8817460536956787 -0.5673912167549133
			vertex -0.2132348120212555 0.8261310458183289 -0.56147700548172
		endloop
	endfacet
	facet normal 0.46811286480241626 -0.08433731079630123 -0.8796349037038734
		outer loop
			vertex -0.21432840824127197 0.8817460536956787 -0.5673912167549133
			vertex -0.21391472220420837 0.8818110227584839 -0.5671772956848145
			vertex -0.2132348120212555 0.8261310458183289 -0.56147700548172
		endloop
	endfacet
	facet normal 0.4639202512482617 -0.08461291312210045 -0.8818268851734685
		outer loop
			vertex -0.2132348120212555 0.8261310458183289 -0.56147700548172
			vertex -0.21391472220420837 0.8818110227584839 -0.5671772956848145
			vertex -0.21283826231956482 0.8261652588844299 -0.5612716674804688
		endloop
	endfacet
	facet normal 0.6493533506441868 -0.06782639426472495 -0.7574561414684114
		outer loop
			vertex -0.21391472220420837 0.8818110227584839 -0.5671772956848145
			vertex -0.21249790489673615 0.8262080550193787 -0.5609837174415588
			vertex -0.21283826231956482 0.8261652588844299 -0.5612716674804688
		endloop
	endfacet
	facet normal 0.03375551295604435 -0.10500548736454472 -0.993898592899904
		outer loop
			vertex -0.21366767585277557 0.8261071443557739 -0.5615893602371216
			vertex -0.21411515772342682 0.8260947465896606 -0.5616032481193542
			vertex -0.2152075320482254 0.8816765546798706 -0.567512571811676
		endloop
	endfacet
	facet normal -0.18311565974687982 -0.10921450076694333 -0.9770060634293384
		outer loop
			vertex -0.2152075320482254 0.8816765546798706 -0.567512571811676
			vertex -0.21518544852733612 0.8816768527030945 -0.5675167441368103
			vertex -0.21366767585277557 0.8261071443557739 -0.5615893602371216
		endloop
	endfacet
	facet normal -0.016776865054549974 -0.1065021996406756 -0.9941709200487807
		outer loop
			vertex -0.21518544852733612 0.8816768527030945 -0.5675167441368103
			vertex -0.21498587727546692 0.8816860318183899 -0.5675210952758789
			vertex -0.21366767585277557 0.8261071443557739 -0.5615893602371216
		endloop
	endfacet
	facet normal 0.25505600672099277 -0.09663062186053367 -0.9620857323307458
		outer loop
			vertex -0.21366767585277557 0.8261071443557739 -0.5615893602371216
			vertex -0.21498587727546692 0.8816860318183899 -0.5675210952758789
			vertex -0.2132348120212555 0.8261310458183289 -0.56147700548172
		endloop
	endfacet
	facet normal 0.1510280552083517 -0.10221004832912407 -0.9832312202938541
		outer loop
			vertex -0.21498587727546692 0.8816860318183899 -0.5675210952758789
			vertex -0.21452003717422485 0.8817235827445984 -0.5674534440040588
			vertex -0.2132348120212555 0.8261310458183289 -0.56147700548172
		endloop
	endfacet
	facet normal 0.3137679129698202 -0.09431659797803438 -0.9448037236042274
		outer loop
			vertex -0.2132348120212555 0.8261310458183289 -0.56147700548172
			vertex -0.21452003717422485 0.8817235827445984 -0.5674534440040588
			vertex -0.21433274447917938 0.8817453980445862 -0.56739342212677
		endloop
	endfacet
	facet normal -0.18375152184489563 -0.10753885556225591 -0.9770725524565949
		outer loop
			vertex -0.21564757823944092 0.8816713690757751 -0.56742924451828
			vertex -0.2152075320482254 0.8816765546798706 -0.567512571811676
			vertex -0.2145547866821289 0.8260944485664368 -0.5615178346633911
		endloop
	endfacet
	facet normal -0.18954397903390763 -0.10748807456494687 -0.9759710005109343
		outer loop
			vertex -0.2152075320482254 0.8816765546798706 -0.567512571811676
			vertex -0.21411515772342682 0.8260947465896606 -0.5616032481193542
			vertex -0.2145547866821289 0.8260944485664368 -0.5615178346633911
		endloop
	endfacet
	facet normal -0.18884154195696465 -0.13662331877841127 -0.9724571665617404
		outer loop
			vertex -0.2145547866821289 0.8260944485664368 -0.5615178346633911
			vertex -0.21411515772342682 0.8260947465896606 -0.5616032481193542
			vertex -0.2138301581144333 0.8007602095603943 -0.5580992698669434
		endloop
	endfacet
	facet normal -0.18123171056664236 -0.28309337287387476 -0.9418137869663951
		outer loop
			vertex -0.19676437973976135 0.4829677641391754 -0.4897242486476898
			vertex -0.20102567970752716 0.5391398072242737 -0.5057886242866516
			vertex -0.19632519781589508 0.48297691345214844 -0.489811509847641
		endloop
	endfacet
	facet normal -0.18111222538334382 -0.2830901839685412 -0.9418377299499903
		outer loop
			vertex -0.20102567970752716 0.5391398072242737 -0.5057886242866516
			vertex -0.20058639347553253 0.5391474962234497 -0.5058754086494446
			vertex -0.19632519781589508 0.48297691345214844 -0.489811509847641
		endloop
	endfacet
	facet normal 0.04154515325309257 -0.27180897388659186 -0.961454045680757
		outer loop
			vertex -0.19632519781589508 0.48297691345214844 -0.489811509847641
			vertex -0.20058639347553253 0.5391474962234497 -0.5058754086494446
			vertex -0.19587908685207367 0.4830154776573181 -0.48980313539505005
		endloop
	endfacet
	facet normal 0.04153336435832291 -0.27181002340144733 -0.9614542583105987
		outer loop
			vertex -0.20058639347553253 0.5391474962234497 -0.5058754086494446
			vertex -0.20013995468616486 0.5391817688941956 -0.5058658123016357
			vertex -0.19587908685207367 0.4830154776573181 -0.48980313539505005
		endloop
	endfacet
	facet normal 0.2622441743202106 -0.24689558524367208 -0.9328829310381318
		outer loop
			vertex -0.19587908685207367 0.4830154776573181 -0.48980313539505005
			vertex -0.20013995468616486 0.5391817688941956 -0.5058658123016357
			vertex -0.1954483985900879 0.48308151960372925 -0.4896995425224304
		endloop
	endfacet
	facet normal 0.26213724206666267 -0.2469119407853256 -0.9329086556674818
		outer loop
			vertex -0.20013995468616486 0.5391817688941956 -0.5058658123016357
			vertex -0.1997087448835373 0.5392409563064575 -0.5057603120803833
			vertex -0.1954483985900879 0.48308151960372925 -0.4896995425224304
		endloop
	endfacet
	facet normal 0.46978971131353736 -0.20960299006165203 -0.8575337974104335
		outer loop
			vertex -0.1954483985900879 0.48308151960372925 -0.4896995425224304
			vertex -0.1997087448835373 0.5392409563064575 -0.5057603120803833
			vertex -0.19505475461483002 0.4831717610359192 -0.48950594663619995
		endloop
	endfacet
	facet normal 0.4697572924718179 -0.20961031068482286 -0.8575497675494754
		outer loop
			vertex -0.1997087448835373 0.5392409563064575 -0.5057603120803833
			vertex -0.1993144005537033 0.5393219590187073 -0.5055640935897827
			vertex -0.19505475461483002 0.4831717610359192 -0.48950594663619995
		endloop
	endfacet
	facet normal 0.6537750439614962 -0.16180063448344065 -0.7391878966635612
		outer loop
			vertex -0.19505475461483002 0.4831717610359192 -0.48950594663619995
			vertex -0.1993144005537033 0.5393219590187073 -0.5055640935897827
			vertex -0.1947178691625595 0.48328161239624023 -0.48923203349113464
		endloop
	endfacet
	facet normal 0.6537797166413285 -0.16179914199785964 -0.7391840905736139
		outer loop
			vertex -0.1993144005537033 0.5393219590187073 -0.5055640935897827
			vertex -0.19897669553756714 0.5394208431243896 -0.5052870512008667
			vertex -0.1947178691625595 0.48328161239624023 -0.48923203349113464
		endloop
	endfacet
	facet normal 0.8049786557064 -0.1058852166274811 -0.5837787977966215
		outer loop
			vertex -0.1947178691625595 0.48328161239624023 -0.48923203349113464
			vertex -0.19897669553756714 0.5394208431243896 -0.5052870512008667
			vertex -0.19445465505123138 0.48340559005737305 -0.4888915717601776
		endloop
	endfacet
	facet normal 0.8049832026004058 -0.10588312542933201 -0.5837729072854533
		outer loop
			vertex -0.19897669553756714 0.5394208431243896 -0.5052870512008667
			vertex -0.1987125426530838 0.5395326018333435 -0.5049430727958679
			vertex -0.19445465505123138 0.48340559005737305 -0.4888915717601776
		endloop
	endfacet
	facet normal 0.9158331206831257 -0.044651226071775775 -0.3990688700839677
		outer loop
			vertex -0.19445465505123138 0.48340559005737305 -0.4888915717601776
			vertex -0.1987125426530838 0.5395326018333435 -0.5049430727958679
			vertex -0.1942782998085022 0.483537495136261 -0.4885016083717346
		endloop
	endfacet
	facet normal 0.9158548960932849 -0.044635348956652623 -0.399020669797288
		outer loop
			vertex -0.1987125426530838 0.5395326018333435 -0.5049430727958679
			vertex -0.19853521883487701 0.53965163230896 -0.5045493841171265
			vertex -0.1942782998085022 0.483537495136261 -0.4885016083717346
		endloop
	endfacet
	facet normal -0.18316102267511283 -0.2542025231153292 -0.9496489440916613
		outer loop
			vertex -0.20102567970752716 0.5391398072242737 -0.5057886242866516
			vertex -0.2024901658296585 0.5612806081771851 -0.5114328265190125
			vertex -0.20058639347553253 0.5391474962234497 -0.5058754086494446
		endloop
	endfacet
	facet normal -0.1832790416614564 -0.2542066778369064 -0.9496250617116114
		outer loop
			vertex -0.2024901658296585 0.5612806081771851 -0.5114328265190125
			vertex -0.20433318614959717 0.5957935452461243 -0.520315945148468
			vertex -0.20058639347553253 0.5391474962234497 -0.5058754086494446
		endloop
	endfacet
	facet normal 0.039586467390225005 -0.24437229737467964 -0.9688731041139411
		outer loop
			vertex -0.20058639347553253 0.5391474962234497 -0.5058754086494446
			vertex -0.20433318614959717 0.5957935452461243 -0.520315945148468
			vertex -0.20013995468616486 0.5391817688941956 -0.5058658123016357
		endloop
	endfacet
	facet normal 0.039539639157047134 -0.24437601470188283 -0.9688740786984426
		outer loop
			vertex -0.20433318614959717 0.5957935452461243 -0.520315945148468
			vertex -0.20388644933700562 0.5958235263824463 -0.5203052759170532
			vertex -0.20013995468616486 0.5391817688941956 -0.5058658123016357
		endloop
	endfacet
	facet normal 0.26038717044521315 -0.22229673490484103 -0.9395651563985238
		outer loop
			vertex -0.20013995468616486 0.5391817688941956 -0.5058658123016357
			vertex -0.20388644933700562 0.5958235263824463 -0.5203052759170532
			vertex -0.1997087448835373 0.5392409563064575 -0.5057603120803833
		endloop
	endfacet
	facet normal 0.26050797584062163 -0.22228021198256892 -0.939535577764039
		outer loop
			vertex -0.20388644933700562 0.5958235263824463 -0.5203052759170532
			vertex -0.20345479249954224 0.5958756804466248 -0.5201979279518127
			vertex -0.1997087448835373 0.5392409563064575 -0.5057603120803833
		endloop
	endfacet
	facet normal 0.4682998704360618 -0.18905255510971616 -0.8631073877311302
		outer loop
			vertex -0.1997087448835373 0.5392409563064575 -0.5057603120803833
			vertex -0.20345479249954224 0.5958756804466248 -0.5201979279518127
			vertex -0.1993144005537033 0.5393219590187073 -0.5055640935897827
		endloop
	endfacet
	facet normal 0.46827021143907316 -0.18905855053356468 -0.8631221660628079
		outer loop
			vertex -0.20345479249954224 0.5958756804466248 -0.5201979279518127
			vertex -0.2030598372220993 0.5959475040435791 -0.5199993848800659
			vertex -0.1993144005537033 0.5393219590187073 -0.5055640935897827
		endloop
	endfacet
	facet normal 0.6526817320027437 -0.1463320366765877 -0.7433663240637018
		outer loop
			vertex -0.1993144005537033 0.5393219590187073 -0.5055640935897827
			vertex -0.2030598372220993 0.5959475040435791 -0.5199993848800659
			vertex -0.19897669553756714 0.5394208431243896 -0.5052870512008667
		endloop
	endfacet
	facet normal 0.6527123895347766 -0.1463232653689484 -0.7433411320245707
		outer loop
			vertex -0.2030598372220993 0.5959475040435791 -0.5199993848800659
			vertex -0.20272138714790344 0.5960353016853333 -0.5197194814682007
			vertex -0.19897669553756714 0.5394208431243896 -0.5052870512008667
		endloop
	endfacet
	facet normal 0.8043015882965242 -0.09628058541878391 -0.5863693408894302
		outer loop
			vertex -0.19897669553756714 0.5394208431243896 -0.5052870512008667
			vertex -0.20272138714790344 0.5960353016853333 -0.5197194814682007
			vertex -0.1987125426530838 0.5395326018333435 -0.5049430727958679
		endloop
	endfacet
	facet normal 0.8042782532821011 -0.0962901984690403 -0.5863997689087928
		outer loop
			vertex -0.20272138714790344 0.5960353016853333 -0.5197194814682007
			vertex -0.20245642960071564 0.5961347222328186 -0.5193724036216736
			vertex -0.1987125426530838 0.5395326018333435 -0.5049430727958679
		endloop
	endfacet
	facet normal 0.9156239736953096 -0.0413818705081668 -0.39990033706869593
		outer loop
			vertex -0.1987125426530838 0.5395326018333435 -0.5049430727958679
			vertex -0.20245642960071564 0.5961347222328186 -0.5193724036216736
			vertex -0.19853521883487701 0.53965163230896 -0.5045493841171265
		endloop
	endfacet
	facet normal 0.9156079685796552 -0.041392314529820874 -0.39993590007812735
		outer loop
			vertex -0.20245642960071564 0.5961347222328186 -0.5193724036216736
			vertex -0.2022782415151596 0.596240758895874 -0.5189754366874695
			vertex -0.19853521883487701 0.53965163230896 -0.5045493841171265
		endloop
	endfacet
	facet normal -0.18495849036267306 -0.22508796213047824 -0.9566220602446451
		outer loop
			vertex -0.20477257668972015 0.5957872867584229 -0.5202295184135437
			vertex -0.20729678869247437 0.6404011249542236 -0.5302388668060303
			vertex -0.20433318614959717 0.5957935452461243 -0.520315945148468
		endloop
	endfacet
	facet normal -0.18502980336999703 -0.22508954914618948 -0.9566078960211574
		outer loop
			vertex -0.20729678869247437 0.6404011249542236 -0.5302388668060303
			vertex -0.2075621634721756 0.6528634428977966 -0.5331199169158936
			vertex -0.20433318614959717 0.5957935452461243 -0.520315945148468
		endloop
	endfacet
	facet normal 0.03784174574041987 -0.21671828711778093 -0.975500479911749
		outer loop
			vertex -0.20433318614959717 0.5957935452461243 -0.520315945148468
			vertex -0.2075621634721756 0.6528634428977966 -0.5331199169158936
			vertex -0.20388644933700562 0.5958235263824463 -0.5203052759170532
		endloop
	endfacet
	facet normal 0.03792294342498701 -0.2167126286622189 -0.9754985837715483
		outer loop
			vertex -0.2075621634721756 0.6528634428977966 -0.5331199169158936
			vertex -0.20711518824100494 0.65288907289505 -0.5331082344055176
			vertex -0.20388644933700562 0.5958235263824463 -0.5203052759170532
		endloop
	endfacet
	facet normal 0.2589883888662027 -0.19746982480110775 -0.9454790757734983
		outer loop
			vertex -0.20388644933700562 0.5958235263824463 -0.5203052759170532
			vertex -0.20711518824100494 0.65288907289505 -0.5331082344055176
			vertex -0.20345479249954224 0.5958756804466248 -0.5201979279518127
		endloop
	endfacet
	facet normal 0.2589537896236578 -0.19747399490192719 -0.9454876816632887
		outer loop
			vertex -0.20711518824100494 0.65288907289505 -0.5331082344055176
			vertex -0.20668312907218933 0.6529342532157898 -0.5329993367195129
			vertex -0.20345479249954224 0.5958756804466248 -0.5201979279518127
		endloop
	endfacet
	facet normal 0.46699796803274063 -0.16833775123971986 -0.8680871496346698
		outer loop
			vertex -0.20345479249954224 0.5958756804466248 -0.5201979279518127
			vertex -0.20668312907218933 0.6529342532157898 -0.5329993367195129
			vertex -0.2030598372220993 0.5959475040435791 -0.5199993848800659
		endloop
	endfacet
	facet normal 0.4669687354705077 -0.16834296648728672 -0.8681018636815241
		outer loop
			vertex -0.20668312907218933 0.6529342532157898 -0.5329993367195129
			vertex -0.20628763735294342 0.6529967188835144 -0.532798707485199
			vertex -0.2030598372220993 0.5959475040435791 -0.5199993848800659
		endloop
	endfacet
	facet normal 0.6517567853269174 -0.1307347907942826 -0.7470753022663097
		outer loop
			vertex -0.2030598372220993 0.5959475040435791 -0.5199993848800659
			vertex -0.20628763735294342 0.6529967188835144 -0.532798707485199
			vertex -0.20272138714790344 0.5960353016853333 -0.5197194814682007
		endloop
	endfacet
	facet normal 0.651781866787909 -0.1307284507766134 -0.7470545296589902
		outer loop
			vertex -0.20628763735294342 0.6529967188835144 -0.532798707485199
			vertex -0.2059485763311386 0.6530733704566956 -0.5325163006782532
			vertex -0.20272138714790344 0.5960353016853333 -0.5197194814682007
		endloop
	endfacet
	facet normal 0.803684289804783 -0.08661041580900501 -0.5887191165525144
		outer loop
			vertex -0.20272138714790344 0.5960353016853333 -0.5197194814682007
			vertex -0.2059485763311386 0.6530733704566956 -0.5325163006782532
			vertex -0.20245642960071564 0.5961347222328186 -0.5193724036216736
		endloop
	endfacet
	facet normal 0.8036851268700131 -0.0866101110332423 -0.5887180186768028
		outer loop
			vertex -0.2059485763311386 0.6530733704566956 -0.5325163006782532
			vertex -0.2056829035282135 0.6531603932380676 -0.5321664214134216
			vertex -0.20245642960071564 0.5961347222328186 -0.5193724036216736
		endloop
	endfacet
	facet normal 0.9154066870866568 -0.038111063219021496 -0.4007220284653035
		outer loop
			vertex -0.20245642960071564 0.5961347222328186 -0.5193724036216736
			vertex -0.2056829035282135 0.6531603932380676 -0.5321664214134216
			vertex -0.2022782415151596 0.596240758895874 -0.5189754366874695
		endloop
	endfacet
	facet normal 0.9153965251212964 -0.03811692152069835 -0.40074468441844735
		outer loop
			vertex -0.2056829035282135 0.6531603932380676 -0.5321664214134216
			vertex -0.20550397038459778 0.6532533168792725 -0.5317665338516235
			vertex -0.2022782415151596 0.596240758895874 -0.5189754366874695
		endloop
	endfacet
	facet normal -0.18655895902199618 -0.19576909473501317 -0.9627409913134802
		outer loop
			vertex -0.20800162851810455 0.6528586745262146 -0.5330337882041931
			vertex -0.21070991456508636 0.71030193567276 -0.5441898107528687
			vertex -0.2075621634721756 0.6528634428977966 -0.5331199169158936
		endloop
	endfacet
	facet normal -0.18653902510024958 -0.19576875985386571 -0.9627449219704709
		outer loop
			vertex -0.21070991456508636 0.71030193567276 -0.5441898107528687
			vertex -0.21027037501335144 0.7103052139282227 -0.5442756414413452
			vertex -0.2075621634721756 0.6528634428977966 -0.5331199169158936
		endloop
	endfacet
	facet normal 0.03647830528969946 -0.18886271210289443 -0.9813257406286309
		outer loop
			vertex -0.2075621634721756 0.6528634428977966 -0.5331199169158936
			vertex -0.21027037501335144 0.7103052139282227 -0.5442756414413452
			vertex -0.20711518824100494 0.65288907289505 -0.5331082344055176
		endloop
	endfacet
	facet normal 0.03643104317720856 -0.18886554474618528 -0.9813269511741474
		outer loop
			vertex -0.21027037501335144 0.7103052139282227 -0.5442756414413452
			vertex -0.20982320606708527 0.7103264331817627 -0.5442631244659424
			vertex -0.20711518824100494 0.65288907289505 -0.5331082344055176
		endloop
	endfacet
	facet normal 0.2576587584180292 -0.17249012468656955 -0.9507150577833988
		outer loop
			vertex -0.20711518824100494 0.65288907289505 -0.5331082344055176
			vertex -0.20982320606708527 0.7103264331817627 -0.5442631244659424
			vertex -0.20668312907218933 0.6529342532157898 -0.5329993367195129
		endloop
	endfacet
	facet normal 0.25766274857898175 -0.17248970894154808 -0.9507140518073689
		outer loop
			vertex -0.20982320606708527 0.7103264331817627 -0.5442631244659424
			vertex -0.2093908041715622 0.710364580154419 -0.5441528558731079
			vertex -0.20668312907218933 0.6529342532157898 -0.5329993367195129
		endloop
	endfacet
	facet normal 0.46588759438707694 -0.14747627135293515 -0.8724674772070636
		outer loop
			vertex -0.20668312907218933 0.6529342532157898 -0.5329993367195129
			vertex -0.2093908041715622 0.710364580154419 -0.5441528558731079
			vertex -0.20628763735294342 0.6529967188835144 -0.532798707485199
		endloop
	endfacet
	facet normal 0.46594814657428707 -0.14746690909431728 -0.8724367228780292
		outer loop
			vertex -0.2093908041715622 0.710364580154419 -0.5441528558731079
			vertex -0.20899488031864166 0.7104176878929138 -0.5439503788948059
			vertex -0.20628763735294342 0.6529967188835144 -0.532798707485199
		endloop
	endfacet
	facet normal 0.6509684481984561 -0.11503113162562704 -0.7503385357337191
		outer loop
			vertex -0.20628763735294342 0.6529967188835144 -0.532798707485199
			vertex -0.20899488031864166 0.7104176878929138 -0.5439503788948059
			vertex -0.2059485763311386 0.6530733704566956 -0.5325163006782532
		endloop
	endfacet
	facet normal 0.6509208258380281 -0.11504157961790897 -0.7503782469190827
		outer loop
			vertex -0.20899488031864166 0.7104176878929138 -0.5439503788948059
			vertex -0.20865528285503387 0.7104831337928772 -0.5436658263206482
			vertex -0.2059485763311386 0.6530733704566956 -0.5325163006782532
		endloop
	endfacet
	facet normal 0.8031792258861818 -0.07686327568616615 -0.5907581298261297
		outer loop
			vertex -0.2059485763311386 0.6530733704566956 -0.5325163006782532
			vertex -0.20865528285503387 0.7104831337928772 -0.5436658263206482
			vertex -0.2056829035282135 0.6531603932380676 -0.5321664214134216
		endloop
	endfacet
	facet normal 0.8031928117046695 -0.07685897788708923 -0.5907402176457087
		outer loop
			vertex -0.20865528285503387 0.7104831337928772 -0.5436658263206482
			vertex -0.2083890289068222 0.7105575799942017 -0.5433135032653809
			vertex -0.2056829035282135 0.6531603932380676 -0.5321664214134216
		endloop
	endfacet
	facet normal 0.9152252562110392 -0.034812251768133094 -0.4014359693902251
		outer loop
			vertex -0.2056829035282135 0.6531603932380676 -0.5321664214134216
			vertex -0.2083890289068222 0.7105575799942017 -0.5433135032653809
			vertex -0.20550397038459778 0.6532533168792725 -0.5317665338516235
		endloop
	endfacet
	facet normal 0.9152248934553701 -0.03481243350625964 -0.4014367806678644
		outer loop
			vertex -0.2083890289068222 0.7105575799942017 -0.5433135032653809
			vertex -0.20820946991443634 0.7106373906135559 -0.5429110527038574
			vertex -0.20550397038459778 0.6532533168792725 -0.5317665338516235
		endloop
	endfacet
	facet normal -0.18779176445008944 -0.16626912468726462 -0.9680334867040774
		outer loop
			vertex -0.21070991456508636 0.71030193567276 -0.5441898107528687
			vertex -0.21108697354793549 0.7202695608139038 -0.5458287000656128
			vertex -0.21027037501335144 0.7103052139282227 -0.5442756414413452
		endloop
	endfacet
	facet normal -0.18784845640291323 -0.16627197986200934 -0.9680219967231171
		outer loop
			vertex -0.21108697354793549 0.7202695608139038 -0.5458287000656128
			vertex -0.2124553769826889 0.7680665254592896 -0.5537729859352112
			vertex -0.21027037501335144 0.7103052139282227 -0.5442756414413452
		endloop
	endfacet
	facet normal 0.03524207373290137 -0.16084645476976744 -0.9863500464982004
		outer loop
			vertex -0.21027037501335144 0.7103052139282227 -0.5442756414413452
			vertex -0.2124553769826889 0.7680665254592896 -0.5537729859352112
			vertex -0.20982320606708527 0.7103264331817627 -0.5442631244659424
		endloop
	endfacet
	facet normal 0.0353502634747039 -0.16084103080333867 -0.9863470594483407
		outer loop
			vertex -0.2124553769826889 0.7680665254592896 -0.5537729859352112
			vertex -0.2120080292224884 0.7680833339691162 -0.5537596940994263
			vertex -0.20982320606708527 0.7103264331817627 -0.5442631244659424
		endloop
	endfacet
	facet normal 0.25659443661812326 -0.1473538923081963 -0.9552204591183402
		outer loop
			vertex -0.20982320606708527 0.7103264331817627 -0.5442631244659424
			vertex -0.2120080292224884 0.7680833339691162 -0.5537596940994263
			vertex -0.2093908041715622 0.710364580154419 -0.5441528558731079
		endloop
	endfacet
	facet normal 0.25653320537051577 -0.14735926809286515 -0.9552360758731132
		outer loop
			vertex -0.2120080292224884 0.7680833339691162 -0.5537596940994263
			vertex -0.21157537400722504 0.7681143879890442 -0.5536482930183411
			vertex -0.2093908041715622 0.710364580154419 -0.5441528558731079
		endloop
	endfacet
	facet normal 0.465056889703161 -0.12647574983545776 -0.876199734103578
		outer loop
			vertex -0.2093908041715622 0.710364580154419 -0.5441528558731079
			vertex -0.21157537400722504 0.7681143879890442 -0.5536482930183411
			vertex -0.20899488031864166 0.7104176878929138 -0.5439503788948059
		endloop
	endfacet
	facet normal 0.4650577939843783 -0.12647563158619313 -0.8761992712101839
		outer loop
			vertex -0.21157537400722504 0.7681143879890442 -0.5536482930183411
			vertex -0.21117909252643585 0.7681580781936646 -0.5534442663192749
			vertex -0.20899488031864166 0.7104176878929138 -0.5439503788948059
		endloop
	endfacet
	facet normal 0.6502497643007795 -0.09924779311315962 -0.7532098775168501
		outer loop
			vertex -0.20899488031864166 0.7104176878929138 -0.5439503788948059
			vertex -0.21117909252643585 0.7681580781936646 -0.5534442663192749
			vertex -0.20865528285503387 0.7104831337928772 -0.5436658263206482
		endloop
	endfacet
	facet normal 0.6502109471933673 -0.09925501174660546 -0.753242435602964
		outer loop
			vertex -0.21117909252643585 0.7681580781936646 -0.5534442663192749
			vertex -0.21083904802799225 0.7682121992111206 -0.5531578660011292
			vertex -0.20865528285503387 0.7104831337928772 -0.5436658263206482
		endloop
	endfacet
	facet normal 0.8027766656667341 -0.06705349142302755 -0.5924976407961325
		outer loop
			vertex -0.20865528285503387 0.7104831337928772 -0.5436658263206482
			vertex -0.21083904802799225 0.7682121992111206 -0.5531578660011292
			vertex -0.2083890289068222 0.7105575799942017 -0.5433135032653809
		endloop
	endfacet
	facet normal 0.8028110813799572 -0.06704424519310583 -0.5924520544314373
		outer loop
			vertex -0.21083904802799225 0.7682121992111206 -0.5531578660011292
			vertex -0.21057233214378357 0.7682741284370422 -0.5528034567832947
			vertex -0.2083890289068222 0.7105575799942017 -0.5433135032653809
		endloop
	endfacet
	facet normal 0.9150835778483452 -0.03148784748336377 -0.4020330347286605
		outer loop
			vertex -0.2083890289068222 0.7105575799942017 -0.5433135032653809
			vertex -0.21057233214378357 0.7682741284370422 -0.5528034567832947
			vertex -0.20820946991443634 0.7106373906135559 -0.5429110527038574
		endloop
	endfacet
	facet normal 0.9150875955122504 -0.031486136209020264 -0.40202402386702635
		outer loop
			vertex -0.21057233214378357 0.7682741284370422 -0.5528034567832947
			vertex -0.21039226651191711 0.7683406472206116 -0.5523988008499146
			vertex -0.20820946991443634 0.7106373906135559 -0.5429110527038574
		endloop
	endfacet
	facet normal -0.18891577902828122 -0.13662517024484772 -0.9724424873943468
		outer loop
			vertex -0.2128949761390686 0.7680647373199463 -0.553687334060669
			vertex -0.2138301581144333 0.8007602095603943 -0.5580992698669434
			vertex -0.2124553769826889 0.7680665254592896 -0.5537729859352112
		endloop
	endfacet
	facet normal -0.18882050135903738 -0.13662364090205434 -0.9724612069451348
		outer loop
			vertex -0.2138301581144333 0.8007602095603943 -0.5580992698669434
			vertex -0.21411515772342682 0.8260947465896606 -0.5616032481193542
			vertex -0.2124553769826889 0.7680665254592896 -0.5537729859352112
		endloop
	endfacet
	facet normal 0.03441738681800725 -0.1326807463483187 -0.9905610849579509
		outer loop
			vertex -0.2124553769826889 0.7680665254592896 -0.5537729859352112
			vertex -0.21411515772342682 0.8260947465896606 -0.5616032481193542
			vertex -0.2120080292224884 0.7680833339691162 -0.5537596940994263
		endloop
	endfacet
	facet normal 0.0344186890731659 -0.1326806938793126 -0.990561046737751
		outer loop
			vertex -0.21411515772342682 0.8260947465896606 -0.5616032481193542
			vertex -0.21366767585277557 0.8261071443557739 -0.5615893602371216
			vertex -0.2120080292224884 0.7680833339691162 -0.5537596940994263
		endloop
	endfacet
	facet normal 0.2556933890171814 -0.12209509351959638 -0.9590170378837645
		outer loop
			vertex -0.2120080292224884 0.7680833339691162 -0.5537596940994263
			vertex -0.21366767585277557 0.8261071443557739 -0.5615893602371216
			vertex -0.21157537400722504 0.7681143879890442 -0.5536482930183411
		endloop
	endfacet
	facet normal 0.2556674041961794 -0.12209694732438355 -0.959023729573807
		outer loop
			vertex -0.21366767585277557 0.8261071443557739 -0.5615893602371216
			vertex -0.2132348120212555 0.8261310458183289 -0.56147700548172
			vertex -0.21157537400722504 0.7681143879890442 -0.5536482930183411
		endloop
	endfacet
	facet normal 0.46435725127164446 -0.10537762000267319 -0.8793565263270724
		outer loop
			vertex -0.21157537400722504 0.7681143879890442 -0.5536482930183411
			vertex -0.2132348120212555 0.8261310458183289 -0.56147700548172
			vertex -0.21117909252643585 0.7681580781936646 -0.5534442663192749
		endloop
	endfacet
	facet normal 0.46441628787074307 -0.10537131133587993 -0.8793261046436164
		outer loop
			vertex -0.2132348120212555 0.8261310458183289 -0.56147700548172
			vertex -0.21283826231956482 0.8261652588844299 -0.5612716674804688
			vertex -0.21117909252643585 0.7681580781936646 -0.5534442663192749
		endloop
	endfacet
	facet normal 0.6496845778385236 -0.08337906783778065 -0.7556175490056343
		outer loop
			vertex -0.21117909252643585 0.7681580781936646 -0.5534442663192749
			vertex -0.21283826231956482 0.8261652588844299 -0.5612716674804688
			vertex -0.21083904802799225 0.7682121992111206 -0.5531578660011292
		endloop
	endfacet
	facet normal 0.6497243244525153 -0.08337300546463366 -0.7555840417680333
		outer loop
			vertex -0.21283826231956482 0.8261652588844299 -0.5612716674804688
			vertex -0.21249790489673615 0.8262080550193787 -0.5609837174415588
			vertex -0.21083904802799225 0.7682121992111206 -0.5531578660011292
		endloop
	endfacet
	facet normal 0.8024833864838982 -0.05718998767717894 -0.5939273690669752
		outer loop
			vertex -0.21083904802799225 0.7682121992111206 -0.5531578660011292
			vertex -0.21249790489673615 0.8262080550193787 -0.5609837174415588
			vertex -0.21057233214378357 0.7682741284370422 -0.5528034567832947
		endloop
	endfacet
	facet normal 0.8024429487053362 -0.05719892446001254 -0.5939811420522566
		outer loop
			vertex -0.21249790489673615 0.8262080550193787 -0.5609837174415588
			vertex -0.21223081648349762 0.8262573480606079 -0.5606276392936707
			vertex -0.21057233214378357 0.7682741284370422 -0.5528034567832947
		endloop
	endfacet
	facet normal 0.9149767063889453 -0.028145139436252926 -0.4025238848711365
		outer loop
			vertex -0.21057233214378357 0.7682741284370422 -0.5528034567832947
			vertex -0.21223081648349762 0.8262573480606079 -0.5606276392936707
			vertex -0.21039226651191711 0.7683406472206116 -0.5523988008499146
		endloop
	endfacet
	facet normal 0.9149932794296154 -0.02813931837634303 -0.4024866176159806
		outer loop
			vertex -0.21223081648349762 0.8262573480606079 -0.5606276392936707
			vertex -0.2120503932237625 0.8263105750083923 -0.5602211952209473
			vertex -0.21039226651191711 0.7683406472206116 -0.5523988008499146
		endloop
	endfacet
	facet normal 0.3976618846015921 0.24050815922022112 0.8854495191051894
		outer loop
			vertex -0.20223185420036316 0.7791743278503418 -0.520089864730835
			vertex -0.1981445997953415 0.7138570547103882 -0.504183828830719
			vertex -0.197734534740448 0.7138384580612183 -0.504362940788269
		endloop
	endfacet
	facet normal 0.3959803746629367 0.26470244590399794 0.8792793401497851
		outer loop
			vertex -0.1952100545167923 0.672304630279541 -0.4929962158203125
			vertex -0.1920951008796692 0.6281976699829102 -0.48112085461616516
			vertex -0.19168494641780853 0.6281778812408447 -0.48129960894584656
		endloop
	endfacet
	facet normal 0.3942316432598364 0.2887229573955395 0.8724794927821644
		outer loop
			vertex -0.1872205287218094 0.5663247108459473 -0.4628482758998871
			vertex -0.18539594113826752 0.5431651473045349 -0.4560087025165558
			vertex -0.1849856972694397 0.543144166469574 -0.4561871290206909
		endloop
	endfacet
	facet normal 0.9556159825913372 -0.011533431885049369 -0.29438932345611
		outer loop
			vertex -0.1769687980413437 0.4609159231185913 -0.4321932792663574
			vertex -0.18406382203102112 0.5425311326980591 -0.45842188596725464
			vertex -0.1769639402627945 0.460919052362442 -0.4321776330471039
		endloop
	endfacet
	facet normal 0.980459983622676 0.022449426182057964 -0.19543347660705016
		outer loop
			vertex -0.18406382203102112 0.5425311326980591 -0.45842188596725464
			vertex -0.18398340046405792 0.5426670908927917 -0.45800280570983887
			vertex -0.1769639402627945 0.460919052362442 -0.4321776330471039
		endloop
	endfacet
	facet normal 0.9817788591413125 0.024783378414792584 -0.18840396996223882
		outer loop
			vertex -0.1769639402627945 0.460919052362442 -0.4321776330471039
			vertex -0.18398340046405792 0.5426670908927917 -0.45800280570983887
			vertex -0.176885187625885 0.46100035309791565 -0.43175655603408813
		endloop
	endfacet
	facet normal 0.9818006729858056 0.024823517551974483 -0.1882849741773515
		outer loop
			vertex -0.176885187625885 0.46100035309791565 -0.43175655603408813
			vertex -0.18398340046405792 0.5426670908927917 -0.45800280570983887
			vertex -0.1768825650215149 0.4610030949115753 -0.43174251914024353
		endloop
	endfacet
	facet normal 0.9956155778060156 0.09200187980541898 0.01689009598146262
		outer loop
			vertex -0.18398340046405792 0.5426670908927917 -0.45800280570983887
			vertex -0.18400271236896515 0.5427975058555603 -0.4575748145580292
			vertex -0.1768825650215149 0.4610030949115753 -0.43174251914024353
		endloop
	endfacet
	facet normal 0.9964913509271079 0.07503250446295276 -0.03708248645229139
		outer loop
			vertex -0.1768825650215149 0.4610030949115753 -0.43174251914024353
			vertex -0.18400271236896515 0.5427975058555603 -0.4575748145580292
			vertex -0.17687806487083435 0.46103912591934204 -0.43154868483543396
		endloop
	endfacet
	facet normal 0.960839394037725 0.1570614681739764 0.22829663615623585
		outer loop
			vertex -0.1841207891702652 0.542915940284729 -0.4571593403816223
			vertex -0.17694705724716187 0.46112266182899475 -0.43108025193214417
			vertex -0.18400271236896515 0.5427975058555603 -0.4575748145580292
		endloop
	endfacet
	facet normal 0.9845532210080722 0.1248661768555019 0.12273301462980925
		outer loop
			vertex -0.17694705724716187 0.46112266182899475 -0.43108025193214417
			vertex -0.1769125759601593 0.4610809087753296 -0.4313143789768219
			vertex -0.18400271236896515 0.5427975058555603 -0.4575748145580292
		endloop
	endfacet
	facet normal 0.9845508427228284 0.12487064152144259 0.12274754979139822
		outer loop
			vertex -0.18400271236896515 0.5427975058555603 -0.4575748145580292
			vertex -0.1769125759601593 0.4610809087753296 -0.4313143789768219
			vertex -0.17687806487083435 0.46103912591934204 -0.43154868483543396
		endloop
	endfacet
	facet normal 0.8778985956554044 0.21398120182184002 0.4283761209651511
		outer loop
			vertex -0.1843317151069641 0.5430163145065308 -0.4567772150039673
			vertex -0.17701418697834015 0.4611561894416809 -0.4308829605579376
			vertex -0.1841207891702652 0.542915940284729 -0.4571593403816223
		endloop
	endfacet
	facet normal 0.8791869263852303 0.21334410859783523 0.42604534946398237
		outer loop
			vertex -0.17701418697834015 0.4611561894416809 -0.4308829605579376
			vertex -0.17700666189193726 0.46115386486053467 -0.4308973252773285
			vertex -0.1841207891702652 0.542915940284729 -0.4571593403816223
		endloop
	endfacet
	facet normal 0.9449313347208462 0.1717070444619014 0.27860628769796053
		outer loop
			vertex -0.1841207891702652 0.542915940284729 -0.4571593403816223
			vertex -0.17700666189193726 0.46115386486053467 -0.4308973252773285
			vertex -0.17694705724716187 0.46112266182899475 -0.43108025193214417
		endloop
	endfacet
	facet normal 0.6760008774213057 0.278477032911837 0.6822560779254697
		outer loop
			vertex -0.1843317151069641 0.5430163145065308 -0.4567772150039673
			vertex -0.177520290017128 0.46126770973205566 -0.430158793926239
			vertex -0.17734365165233612 0.4612448811531067 -0.4303244948387146
		endloop
	endfacet
	facet normal 0.7883952867809513 0.24930513579627858 0.5623876074800909
		outer loop
			vertex -0.17734365165233612 0.4612448811531067 -0.4303244948387146
			vertex -0.1772255301475525 0.4612213969230652 -0.43047967553138733
			vertex -0.1843317151069641 0.5430163145065308 -0.4567772150039673
		endloop
	endfacet
	facet normal 0.8795302340000399 0.21318550043782392 0.4254156906872493
		outer loop
			vertex -0.1772255301475525 0.4612213969230652 -0.43047967553138733
			vertex -0.17722108960151672 0.46122002601623535 -0.4304881691932678
			vertex -0.1843317151069641 0.5430163145065308 -0.4567772150039673
		endloop
	endfacet
	facet normal 0.8790932019752633 0.21340261016127532 0.42620941826434766
		outer loop
			vertex -0.1843317151069641 0.5430163145065308 -0.4567772150039673
			vertex -0.17722108960151672 0.46122002601623535 -0.4304881691932678
			vertex -0.17701418697834015 0.4611561894416809 -0.4308829605579376
		endloop
	endfacet
	facet normal 0.67606514641939 0.27846345560839214 0.6821979343911575
		outer loop
			vertex -0.177520290017128 0.46126770973205566 -0.430158793926239
			vertex -0.1843317151069641 0.5430163145065308 -0.4567772150039673
			vertex -0.17768609523773193 0.4612891376018524 -0.43000322580337524
		endloop
	endfacet
	facet normal 0.7509200889498114 0.2599422604374722 0.6070824007087215
		outer loop
			vertex -0.1843317151069641 0.5430163145065308 -0.4567772150039673
			vertex -0.18462492525577545 0.5430936813354492 -0.45644766092300415
			vertex -0.17768609523773193 0.4612891376018524 -0.43000322580337524
		endloop
	endfacet
	facet normal 0.5440936158189843 0.29950763346879167 0.7837456951836788
		outer loop
			vertex -0.17768609523773193 0.4612891376018524 -0.43000322580337524
			vertex -0.18462492525577545 0.5430936813354492 -0.45644766092300415
			vertex -0.17785193026065826 0.46130216121673584 -0.4298930764198303
		endloop
	endfacet
	facet normal 0.586308136408007 0.29366598705183505 0.7549854682248137
		outer loop
			vertex -0.18462492525577545 0.5430936813354492 -0.45644766092300415
			vertex -0.1849856972694397 0.543144166469574 -0.4561871290206909
			vertex -0.17785193026065826 0.46130216121673584 -0.4298930764198303
		endloop
	endfacet
	facet normal 0.39666253755886516 0.3119460674631909 0.863335671851692
		outer loop
			vertex -0.17785193026065826 0.46130216121673584 -0.4298930764198303
			vertex -0.1849856972694397 0.543144166469574 -0.4561871290206909
			vertex -0.17787091434001923 0.46130287647247314 -0.4298846125602722
		endloop
	endfacet
	facet normal 0.3922863234126858 0.3121803600459416 0.8652484401979261
		outer loop
			vertex -0.1849856972694397 0.543144166469574 -0.4561871290206909
			vertex -0.18539594113826752 0.5431651473045349 -0.4560087025165558
			vertex -0.17787091434001923 0.46130287647247314 -0.4298846125602722
		endloop
	endfacet
	facet normal 0.39730014768163635 0.3119381707369112 0.8630452886665102
		outer loop
			vertex -0.17787091434001923 0.46130287647247314 -0.4298846125602722
			vertex -0.18539594113826752 0.5431651473045349 -0.4560087025165558
			vertex -0.17827968299388885 0.4613185524940491 -0.42970210313796997
		endloop
	endfacet
	facet normal 0.9806806208355406 0.019787821105938252 -0.19461233787583537
		outer loop
			vertex -0.18406382203102112 0.5425311326980591 -0.45842188596725464
			vertex -0.19076678156852722 0.6276118159294128 -0.48354825377464294
			vertex -0.18398340046405792 0.5426670908927917 -0.45800280570983887
		endloop
	endfacet
	facet normal 0.9806782603490706 0.019783936827053296 -0.19462462722467486
		outer loop
			vertex -0.19076678156852722 0.6276118159294128 -0.48354825377464294
			vertex -0.19068551063537598 0.6277370452880859 -0.4831260144710541
			vertex -0.18398340046405792 0.5426670908927917 -0.45800280570983887
		endloop
	endfacet
	facet normal 0.9962628890003675 0.08418886151916233 0.019300041366505385
		outer loop
			vertex -0.18398340046405792 0.5426670908927917 -0.45800280570983887
			vertex -0.19068551063537598 0.6277370452880859 -0.4831260144710541
			vertex -0.18400271236896515 0.5427975058555603 -0.4575748145580292
		endloop
	endfacet
	facet normal 0.9962635793810933 0.08418424771781523 0.019284523197577036
		outer loop
			vertex -0.19068551063537598 0.6277370452880859 -0.4831260144710541
			vertex -0.19070401787757874 0.6278573274612427 -0.48269498348236084
			vertex -0.18400271236896515 0.5427975058555603 -0.4575748145580292
		endloop
	endfacet
	facet normal 0.9618917459795423 0.14436009898690041 0.23221634489613405
		outer loop
			vertex -0.18400271236896515 0.5427975058555603 -0.4575748145580292
			vertex -0.19070401787757874 0.6278573274612427 -0.48269498348236084
			vertex -0.1841207891702652 0.542915940284729 -0.4571593403816223
		endloop
	endfacet
	facet normal 0.9618833709868613 0.1443683384482836 0.23224591163814784
		outer loop
			vertex -0.19070401787757874 0.6278573274612427 -0.48269498348236084
			vertex -0.19082137942314148 0.627966582775116 -0.4822768270969391
			vertex -0.1841207891702652 0.542915940284729 -0.4571593403816223
		endloop
	endfacet
	facet normal 0.8792796672306453 0.19730150327427393 0.43351976148784416
		outer loop
			vertex -0.1841207891702652 0.542915940284729 -0.4571593403816223
			vertex -0.19082137942314148 0.627966582775116 -0.4822768270969391
			vertex -0.1843317151069641 0.5430163145065308 -0.4567772150039673
		endloop
	endfacet
	facet normal 0.8792668360912957 0.19730751354066706 0.4335430498236616
		outer loop
			vertex -0.19082137942314148 0.627966582775116 -0.4822768270969391
			vertex -0.19103170931339264 0.6280593276023865 -0.481892466545105
			vertex -0.1843317151069641 0.5430163145065308 -0.4567772150039673
		endloop
	endfacet
	facet normal 0.7525377300843004 0.24035662588333723 0.6131196108375154
		outer loop
			vertex -0.1843317151069641 0.5430163145065308 -0.4567772150039673
			vertex -0.19103170931339264 0.6280593276023865 -0.481892466545105
			vertex -0.18462492525577545 0.5430936813354492 -0.45644766092300415
		endloop
	endfacet
	facet normal 0.7525846355955544 0.24034436045718593 0.6130668435512825
		outer loop
			vertex -0.19103170931339264 0.6280593276023865 -0.481892466545105
			vertex -0.19132445752620697 0.6281309723854065 -0.48156118392944336
			vertex -0.18462492525577545 0.5430936813354492 -0.45644766092300415
		endloop
	endfacet
	facet normal 0.5881564259547416 0.2713358091970087 0.7618719690706237
		outer loop
			vertex -0.18462492525577545 0.5430936813354492 -0.45644766092300415
			vertex -0.19132445752620697 0.6281309723854065 -0.48156118392944336
			vertex -0.1849856972694397 0.543144166469574 -0.4561871290206909
		endloop
	endfacet
	facet normal 0.588139951740018 0.27133813065382145 0.7618838599291491
		outer loop
			vertex -0.19132445752620697 0.6281309723854065 -0.48156118392944336
			vertex -0.19168494641780853 0.6281778812408447 -0.48129960894584656
			vertex -0.1849856972694397 0.543144166469574 -0.4561871290206909
		endloop
	endfacet
	facet normal 0.39422838457991427 0.28872305688387573 0.8724809322931599
		outer loop
			vertex -0.1849856972694397 0.543144166469574 -0.4561871290206909
			vertex -0.19168494641780853 0.6281778812408447 -0.48129960894584656
			vertex -0.1872205287218094 0.5663247108459473 -0.4628482758998871
		endloop
	endfacet
	facet normal 0.3941847552226306 0.28872554282827884 0.8724998221596326
		outer loop
			vertex -0.19168494641780853 0.6281778812408447 -0.48129960894584656
			vertex -0.1920951008796692 0.6281976699829102 -0.48112085461616516
			vertex -0.1872205287218094 0.5663247108459473 -0.4628482758998871
		endloop
	endfacet
	facet normal 0.39605047336343024 0.2646998510125455 0.8792485492865707
		outer loop
			vertex -0.1981445997953415 0.7138570547103882 -0.504183828830719
			vertex -0.1952100545167923 0.672304630279541 -0.4929962158203125
			vertex -0.197734534740448 0.7138384580612183 -0.504362940788269
		endloop
	endfacet
	facet normal 0.3960490232031318 0.2646999347386921 0.879249177292295
		outer loop
			vertex -0.1952100545167923 0.672304630279541 -0.4929962158203125
			vertex -0.19168494641780853 0.6281778812408447 -0.48129960894584656
			vertex -0.197734534740448 0.7138384580612183 -0.504362940788269
		endloop
	endfacet
	facet normal 0.5897907815721575 0.2485273012956955 0.7683625540610255
		outer loop
			vertex -0.197734534740448 0.7138384580612183 -0.504362940788269
			vertex -0.19168494641780853 0.6281778812408447 -0.48129960894584656
			vertex -0.19737429916858673 0.7137951254844666 -0.5046254396438599
		endloop
	endfacet
	facet normal 0.5898438578294717 0.24852034121554736 0.7683240614369395
		outer loop
			vertex -0.19168494641780853 0.6281778812408447 -0.48129960894584656
			vertex -0.19132445752620697 0.6281309723854065 -0.48156118392944336
			vertex -0.19737429916858673 0.7137951254844666 -0.5046254396438599
		endloop
	endfacet
	facet normal 0.7540811577427994 0.21988298650328691 0.6188805052541845
		outer loop
			vertex -0.19737429916858673 0.7137951254844666 -0.5046254396438599
			vertex -0.19132445752620697 0.6281309723854065 -0.48156118392944336
			vertex -0.19708195328712463 0.7137293219566345 -0.5049582719802856
		endloop
	endfacet
	facet normal 0.754113131058479 0.21987524016305204 0.6188442973223698
		outer loop
			vertex -0.19132445752620697 0.6281309723854065 -0.48156118392944336
			vertex -0.19103170931339264 0.6280593276023865 -0.481892466545105
			vertex -0.19708195328712463 0.7137293219566345 -0.5049582719802856
		endloop
	endfacet
	facet normal 0.8805840249867474 0.18019547528081098 0.43829369790867667
		outer loop
			vertex -0.19708195328712463 0.7137293219566345 -0.5049582719802856
			vertex -0.19103170931339264 0.6280593276023865 -0.481892466545105
			vertex -0.19687217473983765 0.7136442065238953 -0.5053447484970093
		endloop
	endfacet
	facet normal 0.8805440583642995 0.18021279757039818 0.4383668656173501
		outer loop
			vertex -0.19103170931339264 0.6280593276023865 -0.481892466545105
			vertex -0.19082137942314148 0.627966582775116 -0.4822768270969391
			vertex -0.19687217473983765 0.7136442065238953 -0.5053447484970093
		endloop
	endfacet
	facet normal 0.9628400833761334 0.13150975671823523 0.2358901391159694
		outer loop
			vertex -0.19687217473983765 0.7136442065238953 -0.5053447484970093
			vertex -0.19082137942314148 0.627966582775116 -0.4822768270969391
			vertex -0.19675545394420624 0.7135441303253174 -0.5057653784751892
		endloop
	endfacet
	facet normal 0.9628440028203183 0.13150618403662567 0.23587613230904028
		outer loop
			vertex -0.19082137942314148 0.627966582775116 -0.4822768270969391
			vertex -0.19070401787757874 0.6278573274612427 -0.48269498348236084
			vertex -0.19675545394420624 0.7135441303253174 -0.5057653784751892
		endloop
	endfacet
	facet normal 0.9968599558178589 0.07619963032804551 0.021537057010778127
		outer loop
			vertex -0.19675545394420624 0.7135441303253174 -0.5057653784751892
			vertex -0.19070401787757874 0.6278573274612427 -0.48269498348236084
			vertex -0.19673767685890198 0.7134341597557068 -0.5061991214752197
		endloop
	endfacet
	facet normal 0.9968599072388658 0.07619994179416517 0.02153820350647065
		outer loop
			vertex -0.19070401787757874 0.6278573274612427 -0.48269498348236084
			vertex -0.19068551063537598 0.6277370452880859 -0.4831260144710541
			vertex -0.19673767685890198 0.7134341597557068 -0.5061991214752197
		endloop
	endfacet
	facet normal 0.9808824337595463 0.01708034593418455 -0.19385023323359177
		outer loop
			vertex -0.19673767685890198 0.7134341597557068 -0.5061991214752197
			vertex -0.19068551063537598 0.6277370452880859 -0.4831260144710541
			vertex -0.1968197077512741 0.713319718837738 -0.5066242814064026
		endloop
	endfacet
	facet normal 0.9808804003823005 0.017077301628822227 -0.1938607900400088
		outer loop
			vertex -0.19068551063537598 0.6277370452880859 -0.4831260144710541
			vertex -0.19076678156852722 0.6276118159294128 -0.48354825377464294
			vertex -0.1968197077512741 0.713319718837738 -0.5066242814064026
		endloop
	endfacet
	facet normal 0.39767572092730635 0.24050869972201347 0.8854431581659963
		outer loop
			vertex -0.2035406082868576 0.8000890016555786 -0.5251830220222473
			vertex -0.20223185420036316 0.7791743278503418 -0.520089864730835
			vertex -0.20313061773777008 0.8000715970993042 -0.5253624320030212
		endloop
	endfacet
	facet normal 0.3977120265105996 0.24050631059247038 0.8854275004392117
		outer loop
			vertex -0.20223185420036316 0.7791743278503418 -0.520089864730835
			vertex -0.197734534740448 0.7138384580612183 -0.504362940788269
			vertex -0.20313061773777008 0.8000715970993042 -0.5253624320030212
		endloop
	endfacet
	facet normal 0.5913273792527279 0.22554750758536546 0.7742481852533659
		outer loop
			vertex -0.20313061773777008 0.8000715970993042 -0.5253624320030212
			vertex -0.197734534740448 0.7138384580612183 -0.504362940788269
			vertex -0.20277060568332672 0.8000319004058838 -0.5256258249282837
		endloop
	endfacet
	facet normal 0.5913195844117476 0.22554845280859012 0.774253863100966
		outer loop
			vertex -0.197734534740448 0.7138384580612183 -0.504362940788269
			vertex -0.19737429916858673 0.7137951254844666 -0.5046254396438599
			vertex -0.20277060568332672 0.8000319004058838 -0.5256258249282837
		endloop
	endfacet
	facet normal 0.7554710944653599 0.19926571545451605 0.6241446948198082
		outer loop
			vertex -0.20277060568332672 0.8000319004058838 -0.5256258249282837
			vertex -0.19737429916858673 0.7137951254844666 -0.5046254396438599
			vertex -0.20247861742973328 0.799971878528595 -0.5259600877761841
		endloop
	endfacet
	facet normal 0.7554551528040427 0.19926926742287876 0.6241628562823729
		outer loop
			vertex -0.19737429916858673 0.7137951254844666 -0.5046254396438599
			vertex -0.19708195328712463 0.7137293219566345 -0.5049582719802856
			vertex -0.20247861742973328 0.799971878528595 -0.5259600877761841
		endloop
	endfacet
	facet normal 0.8817043543066296 0.16299255230334508 0.4427537232936282
		outer loop
			vertex -0.20247861742973328 0.799971878528595 -0.5259600877761841
			vertex -0.19708195328712463 0.7137293219566345 -0.5049582719802856
			vertex -0.2022693157196045 0.7998945116996765 -0.5263484120368958
		endloop
	endfacet
	facet normal 0.8817298996199983 0.16298238955226013 0.44270658998025236
		outer loop
			vertex -0.19708195328712463 0.7137293219566345 -0.5049582719802856
			vertex -0.19687217473983765 0.7136442065238953 -0.5053447484970093
			vertex -0.2022693157196045 0.7998945116996765 -0.5263484120368958
		endloop
	endfacet
	facet normal 0.9637104310340896 0.11855009167123953 0.23918210819547106
		outer loop
			vertex -0.2022693157196045 0.7998945116996765 -0.5263484120368958
			vertex -0.19687217473983765 0.7136442065238953 -0.5053447484970093
			vertex -0.20215319097042084 0.7998037338256836 -0.5267713069915771
		endloop
	endfacet
	facet normal 0.9637023870100025 0.11855682791703952 0.23921117830375913
		outer loop
			vertex -0.19687217473983765 0.7136442065238953 -0.5053447484970093
			vertex -0.19675545394420624 0.7135441303253174 -0.5057653784751892
			vertex -0.20215319097042084 0.7998037338256836 -0.5267713069915771
		endloop
	endfacet
	facet normal 0.9973941352880943 0.06816634548840332 0.023628123828832018
		outer loop
			vertex -0.20215319097042084 0.7998037338256836 -0.5267713069915771
			vertex -0.19675545394420624 0.7135441303253174 -0.5057653784751892
			vertex -0.20213603973388672 0.7997040152549744 -0.527207612991333
		endloop
	endfacet
	facet normal 0.9973953696961704 0.06815883909182009 0.02359765162669709
		outer loop
			vertex -0.19675545394420624 0.7135441303253174 -0.5057653784751892
			vertex -0.19673767685890198 0.7134341597557068 -0.5061991214752197
			vertex -0.20213603973388672 0.7997040152549744 -0.527207612991333
		endloop
	endfacet
	facet normal 0.9810601221052188 0.014348943449156324 -0.19317128315768453
		outer loop
			vertex -0.20213603973388672 0.7997040152549744 -0.527207612991333
			vertex -0.19673767685890198 0.7134341597557068 -0.5061991214752197
			vertex -0.20221875607967377 0.7996004819869995 -0.527635395526886
		endloop
	endfacet
	facet normal 0.9810639541842241 0.014354124956683994 -0.193151435141297
		outer loop
			vertex -0.19673767685890198 0.7134341597557068 -0.5061991214752197
			vertex -0.1968197077512741 0.713319718837738 -0.5066242814064026
			vertex -0.20221875607967377 0.7996004819869995 -0.527635395526886
		endloop
	endfacet
	facet normal 0.9812207683500799 0.011606295177824001 -0.19253856151619111
		outer loop
			vertex -0.20221875607967377 0.7996004819869995 -0.527635395526886
			vertex -0.2069605141878128 0.8863993883132935 -0.5465682148933411
			vertex -0.20213603973388672 0.7997040152549744 -0.527207612991333
		endloop
	endfacet
	facet normal 0.9812210957384083 0.01160669132451047 -0.19253686918202154
		outer loop
			vertex -0.2069605141878128 0.8863993883132935 -0.5465682148933411
			vertex -0.206877201795578 0.8864920139312744 -0.5461380481719971
			vertex -0.20213603973388672 0.7997040152549744 -0.527207612991333
		endloop
	endfacet
	facet normal 0.9978682497692486 0.060074094128128926 0.02549626084627617
		outer loop
			vertex -0.20213603973388672 0.7997040152549744 -0.527207612991333
			vertex -0.206877201795578 0.8864920139312744 -0.5461380481719971
			vertex -0.20215319097042084 0.7998037338256836 -0.5267713069915771
		endloop
	endfacet
	facet normal 0.9978679248283803 0.060075943683390094 0.025504618978768476
		outer loop
			vertex -0.206877201795578 0.8864920139312744 -0.5461380481719971
			vertex -0.20689378678798676 0.886581301689148 -0.5456994771957397
			vertex -0.20215319097042084 0.7998037338256836 -0.5267713069915771
		endloop
	endfacet
	facet normal 0.9644742350688825 0.10551565773348918 0.2421897930577655
		outer loop
			vertex -0.20215319097042084 0.7998037338256836 -0.5267713069915771
			vertex -0.20689378678798676 0.886581301689148 -0.5456994771957397
			vertex -0.2022693157196045 0.7998945116996765 -0.5263484120368958
		endloop
	endfacet
	facet normal 0.9644732711484063 0.1055163918080256 0.24219331184016693
		outer loop
			vertex -0.20689378678798676 0.886581301689148 -0.5456994771957397
			vertex -0.20700940489768982 0.8866627812385559 -0.545274555683136
			vertex -0.2022693157196045 0.7998945116996765 -0.5263484120368958
		endloop
	endfacet
	facet normal 0.8827191442506354 0.1456691631641414 0.44675206465833467
		outer loop
			vertex -0.2022693157196045 0.7998945116996765 -0.5263484120368958
			vertex -0.20700940489768982 0.8866627812385559 -0.545274555683136
			vertex -0.20247861742973328 0.799971878528595 -0.5259600877761841
		endloop
	endfacet
	facet normal 0.8826946097820287 0.1456780360843203 0.44679764509716
		outer loop
			vertex -0.20700940489768982 0.8866627812385559 -0.545274555683136
			vertex -0.20721828937530518 0.8867323398590088 -0.5448845624923706
			vertex -0.20247861742973328 0.799971878528595 -0.5259600877761841
		endloop
	endfacet
	facet normal 0.7566868638990581 0.17852195118485162 0.628931556648068
		outer loop
			vertex -0.20247861742973328 0.799971878528595 -0.5259600877761841
			vertex -0.20721828937530518 0.8867323398590088 -0.5448845624923706
			vertex -0.20277060568332672 0.8000319004058838 -0.5256258249282837
		endloop
	endfacet
	facet normal 0.7566759481670202 0.1785241685938896 0.6289440600668725
		outer loop
			vertex -0.20721828937530518 0.8867323398590088 -0.5448845624923706
			vertex -0.20750994980335236 0.8867865204811096 -0.5445490479469299
			vertex -0.20277060568332672 0.8000319004058838 -0.5256258249282837
		endloop
	endfacet
	facet normal 0.5926820890144063 0.2024236100597296 0.7795849045818588
		outer loop
			vertex -0.20277060568332672 0.8000319004058838 -0.5256258249282837
			vertex -0.20750994980335236 0.8867865204811096 -0.5445490479469299
			vertex -0.20313061773777008 0.8000715970993042 -0.5253624320030212
		endloop
	endfacet
	facet normal 0.5927506446735109 0.20241597771714745 0.7795347620240863
		outer loop
			vertex -0.20750994980335236 0.8867865204811096 -0.5445490479469299
			vertex -0.207869753241539 0.8868225812911987 -0.5442848205566406
			vertex -0.20313061773777008 0.8000715970993042 -0.5253624320030212
		endloop
	endfacet
	facet normal 0.3991010542473388 0.21616373141497955 0.8910620571651648
		outer loop
			vertex -0.20313061773777008 0.8000715970993042 -0.5253624320030212
			vertex -0.207869753241539 0.8868225812911987 -0.5442848205566406
			vertex -0.2035406082868576 0.8000890016555786 -0.5251830220222473
		endloop
	endfacet
	facet normal 0.39903085109094066 0.21616697814575087 0.8910927097878055
		outer loop
			vertex -0.207869753241539 0.8868225812911987 -0.5442848205566406
			vertex -0.20827968418598175 0.8868387341499329 -0.5441051721572876
			vertex -0.2035406082868576 0.8000890016555786 -0.5251830220222473
		endloop
	endfacet
	facet normal 0.9817542587769212 -0.011694601146816634 -0.18979412972322102
		outer loop
			vertex -0.1769687980413437 0.30635616183280945 -0.425466924905777
			vertex -0.17688365280628204 0.30637526512145996 -0.42502766847610474
			vertex -0.17710715532302856 0.28196603059768677 -0.4246797561645508
		endloop
	endfacet
	facet normal 0.39698953992241 -0.1724696404254633 0.9014729770346447
		outer loop
			vertex -0.18081368505954742 0.22508642077445984 -0.4275205135345459
			vertex -0.1818530112504959 0.2089923769235611 -0.4301419258117676
			vertex -0.18144284188747406 0.2089967280626297 -0.43032172322273254
		endloop
	endfacet
	facet normal 0.4025416296801368 -0.05152502258556034 0.91395044090039
		outer loop
			vertex -0.17895229160785675 0.26564353704452515 -0.4233362078666687
			vertex -0.17917637526988983 0.25748583674430847 -0.42369741201400757
			vertex -0.17876654863357544 0.25748410820961 -0.423878014087677
		endloop
	endfacet
	facet normal 0.3925731570781748 -0.23209104003413103 0.8899550918319139
		outer loop
			vertex -0.1818530112504959 0.2089923769235611 -0.4301419258117676
			vertex -0.18384727835655212 0.1851557493209839 -0.4354785680770874
			vertex -0.18144284188747406 0.2089967280626297 -0.43032172322273254
		endloop
	endfacet
	facet normal 0.39260295151789854 -0.23209119331109218 0.8899419084675515
		outer loop
			vertex -0.18384727835655212 0.1851557493209839 -0.4354785680770874
			vertex -0.18343687057495117 0.18516308069229126 -0.43565770983695984
			vertex -0.18144284188747406 0.2089967280626297 -0.43032172322273254
		endloop
	endfacet
	facet normal 0.5865016332078514 -0.22337191235359852 0.7785376182407754
		outer loop
			vertex -0.18144284188747406 0.2089967280626297 -0.43032172322273254
			vertex -0.18343687057495117 0.18516308069229126 -0.43565770983695984
			vertex -0.1810823231935501 0.20902115106582642 -0.4305863082408905
		endloop
	endfacet
	facet normal 0.5863747144553482 -0.22337925925169547 0.778631106997128
		outer loop
			vertex -0.18343687057495117 0.18516308069229126 -0.43565770983695984
			vertex -0.18337678909301758 0.18516860902309418 -0.4357013702392578
			vertex -0.1810823231935501 0.20902115106582642 -0.4305863082408905
		endloop
	endfacet
	facet normal 0.5864744337100831 -0.2233731228439758 0.7785577606031343
		outer loop
			vertex -0.18337678909301758 0.18516860902309418 -0.4357013702392578
			vertex -0.18307560682296753 0.18519631028175354 -0.4359202980995178
			vertex -0.1810823231935501 0.20902115106582642 -0.4305863082408905
		endloop
	endfacet
	facet normal 0.7511332914342029 -0.20344611062457257 0.628019473082607
		outer loop
			vertex -0.18307560682296753 0.18519631028175354 -0.4359202980995178
			vertex -0.18297770619392395 0.18521544337272644 -0.43603119254112244
			vertex -0.1810823231935501 0.20902115106582642 -0.4305863082408905
		endloop
	endfacet
	facet normal 0.7510512185113349 -0.20346092720782244 0.628112822884848
		outer loop
			vertex -0.1810823231935501 0.20902115106582642 -0.4305863082408905
			vertex -0.18297770619392395 0.18521544337272644 -0.43603119254112244
			vertex -0.180789515376091 0.20906439423561096 -0.43092241883277893
		endloop
	endfacet
	facet normal 0.7510628342843095 -0.20345914155324005 0.6280995117616625
		outer loop
			vertex -0.18297770619392395 0.18521544337272644 -0.43603119254112244
			vertex -0.1827816218137741 0.18525376915931702 -0.43625324964523315
			vertex -0.180789515376091 0.20906439423561096 -0.43092241883277893
		endloop
	endfacet
	facet normal 0.8780202504629578 -0.17334115112025128 0.4461314661680693
		outer loop
			vertex -0.1827816218137741 0.18525376915931702 -0.43625324964523315
			vertex -0.18267562985420227 0.18529315292835236 -0.43644654750823975
			vertex -0.180789515376091 0.20906439423561096 -0.43092241883277893
		endloop
	endfacet
	facet normal 0.8780278088782567 -0.17333853051176232 0.4461176085702856
		outer loop
			vertex -0.180789515376091 0.20906439423561096 -0.43092241883277893
			vertex -0.18267562985420227 0.18529315292835236 -0.43644654750823975
			vertex -0.18057912588119507 0.20912431180477142 -0.4313132166862488
		endloop
	endfacet
	facet normal 0.4035892836466081 0.00934405787296347 0.9148925503621093
		outer loop
			vertex -0.17827968299388885 0.30646511912345886 -0.4229629933834076
			vertex -0.1785040646791458 0.2819606363773346 -0.4226137399673462
			vertex -0.17786996066570282 0.3064572513103485 -0.4231436550617218
		endloop
	endfacet
	facet normal 0.4036175139668203 0.009343057937720419 0.9148801067285354
		outer loop
			vertex -0.1785040646791458 0.2819606363773346 -0.4226137399673462
			vertex -0.1780943125486374 0.2819558382034302 -0.4227944612503052
			vertex -0.17786996066570282 0.3064572513103485 -0.4231436550617218
		endloop
	endfacet
	facet normal 0.5970685895722319 0.005965314794091566 0.802168008814633
		outer loop
			vertex -0.17786996066570282 0.3064572513103485 -0.4231436550617218
			vertex -0.1780943125486374 0.2819558382034302 -0.4227944612503052
			vertex -0.17751076817512512 0.3064456284046173 -0.42341092228889465
		endloop
	endfacet
	facet normal 0.5970046300121694 0.005968036570914029 0.8022155909003021
		outer loop
			vertex -0.1780943125486374 0.2819558382034302 -0.4227944612503052
			vertex -0.17773503065109253 0.28195327520370483 -0.4230618178844452
			vertex -0.17751076817512512 0.3064456284046173 -0.42341092228889465
		endloop
	endfacet
	facet normal 0.76048464410569 0.0022922839749284366 0.6493518703396645
		outer loop
			vertex -0.17751076817512512 0.3064456284046173 -0.42341092228889465
			vertex -0.17773503065109253 0.28195327520370483 -0.4230618178844452
			vertex -0.17722009122371674 0.3064308166503906 -0.4237512946128845
		endloop
	endfacet
	facet normal 0.7605291378180334 0.0022898803084863365 0.6492997666547644
		outer loop
			vertex -0.17773503065109253 0.28195327520370483 -0.4230618178844452
			vertex -0.1774442344903946 0.2819530665874481 -0.42340242862701416
			vertex -0.17722009122371674 0.3064308166503906 -0.4237512946128845
		endloop
	endfacet
	facet normal 0.8859203098623851 -0.0015016413544858905 0.46383504572916634
		outer loop
			vertex -0.17722009122371674 0.3064308166503906 -0.4237512946128845
			vertex -0.1774442344903946 0.2819530665874481 -0.42340242862701416
			vertex -0.17701253294944763 0.30641356110572815 -0.4241477847099304
		endloop
	endfacet
	facet normal 0.8859015911306809 -0.0015002214554615879 0.46387080115880597
		outer loop
			vertex -0.1774442344903946 0.2819530665874481 -0.42340242862701416
			vertex -0.17723648250102997 0.28195521235466003 -0.42379918694496155
			vertex -0.17701253294944763 0.30641356110572815 -0.4241477847099304
		endloop
	endfacet
	facet normal 0.9668991696947687 -0.005217337348661353 0.2551054194535221
		outer loop
			vertex -0.17701253294944763 0.30641356110572815 -0.4241477847099304
			vertex -0.17723648250102997 0.28195521235466003 -0.42379918694496155
			vertex -0.17689847946166992 0.3063947260379791 -0.424580454826355
		endloop
	endfacet
	facet normal 0.9669009036798687 -0.005217571580341277 0.2550988424314341
		outer loop
			vertex -0.17723648250102997 0.28195521235466003 -0.42379918694496155
			vertex -0.17712222039699554 0.281959593296051 -0.4242321848869324
			vertex -0.17689847946166992 0.3063947260379791 -0.424580454826355
		endloop
	endfacet
	facet normal 0.9994007138797842 -0.00867341257162592 0.033510968516890866
		outer loop
			vertex -0.17689847946166992 0.3063947260379791 -0.424580454826355
			vertex -0.17712222039699554 0.281959593296051 -0.4242321848869324
			vertex -0.17688365280628204 0.30637526512145996 -0.42502766847610474
		endloop
	endfacet
	facet normal 0.4025023788499213 -0.05152415679911857 0.9139677763938368
		outer loop
			vertex -0.1785040646791458 0.2819606363773346 -0.4226137399673462
			vertex -0.17895229160785675 0.26564353704452515 -0.4233362078666687
			vertex -0.1780943125486374 0.2819558382034302 -0.4227944612503052
		endloop
	endfacet
	facet normal 0.40253469885501747 -0.0515253817155137 0.9139534732450942
		outer loop
			vertex -0.17895229160785675 0.26564353704452515 -0.4233362078666687
			vertex -0.17876654863357544 0.25748410820961 -0.423878014087677
			vertex -0.1780943125486374 0.2819558382034302 -0.4227944612503052
		endloop
	endfacet
	facet normal 0.5959466712303799 -0.05185248193627776 0.8013481672572027
		outer loop
			vertex -0.1780943125486374 0.2819558382034302 -0.4227944612503052
			vertex -0.17876654863357544 0.25748410820961 -0.423878014087677
			vertex -0.17773503065109253 0.28195327520370483 -0.4230618178844452
		endloop
	endfacet
	facet normal 0.5959616230502971 -0.05185274077776964 0.8013370309208786
		outer loop
			vertex -0.17876654863357544 0.25748410820961 -0.423878014087677
			vertex -0.17840701341629028 0.2574906051158905 -0.424144983291626
			vertex -0.17773503065109253 0.28195327520370483 -0.4230618178844452
		endloop
	endfacet
	facet normal 0.7595800761641135 -0.049580872701511784 0.6485212756391853
		outer loop
			vertex -0.17773503065109253 0.28195327520370483 -0.4230618178844452
			vertex -0.17840701341629028 0.2574906051158905 -0.424144983291626
			vertex -0.1774442344903946 0.2819530665874481 -0.42340242862701416
		endloop
	endfacet
	facet normal 0.7595681124642698 -0.0495808272855712 0.6485352913243388
		outer loop
			vertex -0.17840701341629028 0.2574906051158905 -0.424144983291626
			vertex -0.1781158149242401 0.25750496983528137 -0.4244849383831024
			vertex -0.1774442344903946 0.2819530665874481 -0.42340242862701416
		endloop
	endfacet
	facet normal 0.8851084351918896 -0.044824059909355375 0.4632211800051971
		outer loop
			vertex -0.1774442344903946 0.2819530665874481 -0.42340242862701416
			vertex -0.1781158149242401 0.25750496983528137 -0.4244849383831024
			vertex -0.17723648250102997 0.28195521235466003 -0.42379918694496155
		endloop
	endfacet
	facet normal 0.8851013363635452 -0.044824184693318045 0.46323473189523046
		outer loop
			vertex -0.1781158149242401 0.25750496983528137 -0.4244849383831024
			vertex -0.1779075264930725 0.2575264871120453 -0.42488083243370056
			vertex -0.17723648250102997 0.28195521235466003 -0.42379918694496155
		endloop
	endfacet
	facet normal 0.9663037143307727 -0.037817429418478515 0.2546114170706632
		outer loop
			vertex -0.17723648250102997 0.28195521235466003 -0.42379918694496155
			vertex -0.1779075264930725 0.2575264871120453 -0.42488083243370056
			vertex -0.17712222039699554 0.281959593296051 -0.4242321848869324
		endloop
	endfacet
	facet normal 0.9663041814604776 -0.03781739749266588 0.25460964895085636
		outer loop
			vertex -0.1779075264930725 0.2575264871120453 -0.42488083243370056
			vertex -0.17779262363910675 0.2575540840625763 -0.4253128170967102
			vertex -0.17712222039699554 0.281959593296051 -0.4242321848869324
		endloop
	endfacet
	facet normal 0.4003163931627845 -0.11220483535013533 0.9094816437340493
		outer loop
			vertex -0.17917637526988983 0.25748583674430847 -0.42369741201400757
			vertex -0.18029408156871796 0.23313261568546295 -0.426209956407547
			vertex -0.17876654863357544 0.25748410820961 -0.423878014087677
		endloop
	endfacet
	facet normal 0.4002978492932233 -0.1122044581864829 0.9094898522876974
		outer loop
			vertex -0.18029408156871796 0.23313261568546295 -0.426209956407547
			vertex -0.17988412082195282 0.2331339418888092 -0.42639023065567017
			vertex -0.17876654863357544 0.25748410820961 -0.423878014087677
		endloop
	endfacet
	facet normal 0.5938501303483257 -0.10949144718380163 0.7970907386733793
		outer loop
			vertex -0.17876654863357544 0.25748410820961 -0.423878014087677
			vertex -0.17988412082195282 0.2331339418888092 -0.42639023065567017
			vertex -0.17840701341629028 0.2574906051158905 -0.424144983291626
		endloop
	endfacet
	facet normal 0.5938524110620904 -0.10949142909199254 0.7970890419715574
		outer loop
			vertex -0.17988412082195282 0.2331339418888092 -0.42639023065567017
			vertex -0.17952416837215424 0.2331494390964508 -0.4266562759876251
			vertex -0.17840701341629028 0.2574906051158905 -0.424144983291626
		endloop
	endfacet
	facet normal 0.7576725881864438 -0.10129075051175622 0.6447266342967543
		outer loop
			vertex -0.17840701341629028 0.2574906051158905 -0.424144983291626
			vertex -0.17952416837215424 0.2331494390964508 -0.4266562759876251
			vertex -0.1781158149242401 0.25750496983528137 -0.4244849383831024
		endloop
	endfacet
	facet normal 0.7576723278302778 -0.10129076256531716 0.6447269383694035
		outer loop
			vertex -0.17952416837215424 0.2331494390964508 -0.4266562759876251
			vertex -0.17923229932785034 0.2331783026456833 -0.4269947409629822
			vertex -0.1781158149242401 0.25750496983528137 -0.4244849383831024
		endloop
	endfacet
	facet normal 0.8835178097730708 -0.08801366327635189 0.4600542086433654
		outer loop
			vertex -0.1781158149242401 0.25750496983528137 -0.4244849383831024
			vertex -0.17923229932785034 0.2331783026456833 -0.4269947409629822
			vertex -0.1779075264930725 0.2575264871120453 -0.42488083243370056
		endloop
	endfacet
	facet normal 0.8835332772281241 -0.08801195417534735 0.4600248297133181
		outer loop
			vertex -0.17923229932785034 0.2331783026456833 -0.4269947409629822
			vertex -0.1790231466293335 0.23321910202503204 -0.42738863825798035
			vertex -0.1779075264930725 0.2575264871120453 -0.42488083243370056
		endloop
	endfacet
	facet normal 0.9651126424235089 -0.07031645734699514 0.25221654041811115
		outer loop
			vertex -0.1779075264930725 0.2575264871120453 -0.42488083243370056
			vertex -0.1790231466293335 0.23321910202503204 -0.42738863825798035
			vertex -0.17779262363910675 0.2575540840625763 -0.4253128170967102
		endloop
	endfacet
	facet normal 0.9651053486818072 -0.07031842241241802 0.25224390065013735
		outer loop
			vertex -0.1790231466293335 0.23321910202503204 -0.42738863825798035
			vertex -0.17890717089176178 0.2332697957754135 -0.427818238735199
			vertex -0.17779262363910675 0.2575540840625763 -0.4253128170967102
		endloop
	endfacet
	facet normal 0.39697119278570064 -0.17246791664119476 0.901481386290224
		outer loop
			vertex -0.18029408156871796 0.23313261568546295 -0.426209956407547
			vertex -0.18081368505954742 0.22508642077445984 -0.4275205135345459
			vertex -0.17988412082195282 0.2331339418888092 -0.42639023065567017
		endloop
	endfacet
	facet normal 0.3969981738587472 -0.17246932652420072 0.9014692348389428
		outer loop
			vertex -0.18081368505954742 0.22508642077445984 -0.4275205135345459
			vertex -0.18144284188747406 0.2089967280626297 -0.43032172322273254
			vertex -0.17988412082195282 0.2331339418888092 -0.42639023065567017
		endloop
	endfacet
	facet normal 0.5906936355285798 -0.1667369022778918 0.7894807371714667
		outer loop
			vertex -0.17988412082195282 0.2331339418888092 -0.42639023065567017
			vertex -0.18144284188747406 0.2089967280626297 -0.43032172322273254
			vertex -0.17952416837215424 0.2331494390964508 -0.4266562759876251
		endloop
	endfacet
	facet normal 0.5906952376416146 -0.16673684932761618 0.789479549642558
		outer loop
			vertex -0.18144284188747406 0.2089967280626297 -0.43032172322273254
			vertex -0.1810823231935501 0.20902115106582642 -0.4305863082408905
			vertex -0.17952416837215424 0.2331494390964508 -0.4266562759876251
		endloop
	endfacet
	facet normal 0.754837140829198 -0.15264781040269632 0.6379024508528431
		outer loop
			vertex -0.17952416837215424 0.2331494390964508 -0.4266562759876251
			vertex -0.1810823231935501 0.20902115106582642 -0.4305863082408905
			vertex -0.17923229932785034 0.2331783026456833 -0.4269947409629822
		endloop
	endfacet
	facet normal 0.7548146206510751 -0.15264997069694863 0.6379285813455878
		outer loop
			vertex -0.1810823231935501 0.20902115106582642 -0.4305863082408905
			vertex -0.180789515376091 0.20906439423561096 -0.43092241883277893
			vertex -0.17923229932785034 0.2331783026456833 -0.4269947409629822
		endloop
	endfacet
	facet normal 0.8811656814927439 -0.13090401706978644 0.45432497188072474
		outer loop
			vertex -0.17923229932785034 0.2331783026456833 -0.4269947409629822
			vertex -0.180789515376091 0.20906439423561096 -0.43092241883277893
			vertex -0.1790231466293335 0.23321910202503204 -0.42738863825798035
		endloop
	endfacet
	facet normal 0.8811705594347466 -0.13090303122551053 0.4543157950164497
		outer loop
			vertex -0.180789515376091 0.20906439423561096 -0.43092241883277893
			vertex -0.18057912588119507 0.20912431180477142 -0.4313132166862488
			vertex -0.1790231466293335 0.23321910202503204 -0.42738863825798035
		endloop
	endfacet
	facet normal 0.963323837510367 -0.10259592966648183 0.24795414757606019
		outer loop
			vertex -0.1790231466293335 0.23321910202503204 -0.42738863825798035
			vertex -0.18057912588119507 0.20912431180477142 -0.4313132166862488
			vertex -0.17890717089176178 0.2332697957754135 -0.427818238735199
		endloop
	endfacet
	facet normal 0.9633332609560481 -0.1025915450995961 0.24791934819586806
		outer loop
			vertex -0.18057912588119507 0.20912431180477142 -0.4313132166862488
			vertex -0.18046168982982635 0.20919787883758545 -0.43173909187316895
			vertex -0.17890717089176178 0.2332697957754135 -0.427818238735199
		endloop
	endfacet
	facet normal 0.8779977309605537 -0.1733478545817006 0.44617317909085596
		outer loop
			vertex -0.18267562985420227 0.18529315292835236 -0.43644654750823975
			vertex -0.18256963789463043 0.1853325515985489 -0.43663981556892395
			vertex -0.18057912588119507 0.20912431180477142 -0.4313132166862488
		endloop
	endfacet
	facet normal 0.9609710939985345 -0.1345206216820144 0.24174109878451375
		outer loop
			vertex -0.18256963789463043 0.1853325515985489 -0.43663981556892395
			vertex -0.1824900507926941 0.1853967010974884 -0.43692049384117126
			vertex -0.18057912588119507 0.20912431180477142 -0.4313132166862488
		endloop
	endfacet
	facet normal 0.9609682284738215 -0.134522796739421 0.24175127925471188
		outer loop
			vertex -0.18057912588119507 0.20912431180477142 -0.4313132166862488
			vertex -0.1824900507926941 0.1853967010974884 -0.43692049384117126
			vertex -0.18046168982982635 0.20919787883758545 -0.43173909187316895
		endloop
	endfacet
	facet normal 0.9609581031856652 -0.13452984165451906 0.2417876043684185
		outer loop
			vertex -0.1824900507926941 0.1853967010974884 -0.43692049384117126
			vertex -0.1824503093957901 0.18542872369289398 -0.4370606243610382
			vertex -0.18046168982982635 0.20919787883758545 -0.43173909187316895
		endloop
	endfacet
	facet normal 0.9957175233520672 -0.08894726885506059 0.025199147859628745
		outer loop
			vertex -0.18046168982982635 0.20919787883758545 -0.43173909187316895
			vertex -0.1824503093957901 0.18542872369289398 -0.4370606243610382
			vertex -0.18243305385112762 0.18551938235759735 -0.4374224543571472
		endloop
	endfacet
	facet normal 0.999400590253787 -0.008673290215930997 0.0335146868881774
		outer loop
			vertex -0.17688365280628204 0.30637526512145996 -0.42502766847610474
			vertex -0.17712222039699554 0.281959593296051 -0.4242321848869324
			vertex -0.17710715532302856 0.28196603059768677 -0.4246797561645508
		endloop
	endfacet
	facet normal 0.999030053428964 -0.028913225049884656 0.03321110902900294
		outer loop
			vertex -0.17712222039699554 0.281959593296051 -0.4242321848869324
			vertex -0.17779262363910675 0.2575540840625763 -0.4253128170967102
			vertex -0.17710715532302856 0.28196603059768677 -0.4246797561645508
		endloop
	endfacet
	facet normal 0.9990307862353236 -0.02891268596846618 0.033189527627256084
		outer loop
			vertex -0.17710715532302856 0.28196603059768677 -0.4246797561645508
			vertex -0.17779262363910675 0.2575540840625763 -0.4253128170967102
			vertex -0.17777685821056366 0.25758638978004456 -0.4257592260837555
		endloop
	endfacet
	facet normal 0.9982911614222173 -0.04908823757942415 0.03170334300395602
		outer loop
			vertex -0.17779262363910675 0.2575540840625763 -0.4253128170967102
			vertex -0.17890717089176178 0.2332697957754135 -0.427818238735199
			vertex -0.17777685821056366 0.25758638978004456 -0.4257592260837555
		endloop
	endfacet
	facet normal 0.9982914790538463 -0.04908750180400799 0.03169447925310988
		outer loop
			vertex -0.17777685821056366 0.25758638978004456 -0.4257592260837555
			vertex -0.17890717089176178 0.2332697957754135 -0.427818238735199
			vertex -0.17889022827148438 0.23332783579826355 -0.42826199531555176
		endloop
	endfacet
	facet normal 0.9971854906039115 -0.06912502903837353 0.029031494785499747
		outer loop
			vertex -0.17890717089176178 0.2332697957754135 -0.427818238735199
			vertex -0.18046168982982635 0.20919787883758545 -0.43173909187316895
			vertex -0.17889022827148438 0.23332783579826355 -0.42826199531555176
		endloop
	endfacet
	facet normal 0.9971849564715216 -0.06912697115028087 0.029045213830819407
		outer loop
			vertex -0.17889022827148438 0.23332783579826355 -0.42826199531555176
			vertex -0.18046168982982635 0.20919787883758545 -0.43173909187316895
			vertex -0.18044309318065643 0.20928142964839935 -0.43217870593070984
		endloop
	endfacet
	facet normal 0.9957167676423122 -0.08895111411975755 0.02521543045041438
		outer loop
			vertex -0.18046168982982635 0.20919787883758545 -0.43173909187316895
			vertex -0.18243305385112762 0.18551938235759735 -0.4374224543571472
			vertex -0.18044309318065643 0.20928142964839935 -0.43217870593070984
		endloop
	endfacet
	facet normal 0.9957173721937911 -0.08894817991963345 0.025201904699366114
		outer loop
			vertex -0.18044309318065643 0.20928142964839935 -0.43217870593070984
			vertex -0.18243305385112762 0.18551938235759735 -0.4374224543571472
			vertex -0.18242961168289185 0.18553747236728668 -0.4374946057796478
		endloop
	endfacet
	facet normal 0.9817518602742425 -0.01169498717798562 -0.18980651233024368
		outer loop
			vertex -0.1769687980413437 0.30635616183280945 -0.425466924905777
			vertex -0.17710715532302856 0.28196603059768677 -0.4246797561645508
			vertex -0.1771920621395111 0.281974196434021 -0.42511942982673645
		endloop
	endfacet
	facet normal 0.9816261908274864 -0.018556307517131675 -0.18990967572203638
		outer loop
			vertex -0.17710715532302856 0.28196603059768677 -0.4246797561645508
			vertex -0.17777685821056366 0.25758638978004456 -0.4257592260837555
			vertex -0.1771920621395111 0.281974196434021 -0.42511942982673645
		endloop
	endfacet
	facet normal 0.981623825342199 -0.01855592906981537 -0.18992193927217516
		outer loop
			vertex -0.1771920621395111 0.281974196434021 -0.42511942982673645
			vertex -0.17777685821056366 0.25758638978004456 -0.4257592260837555
			vertex -0.1778610199689865 0.25762176513671875 -0.42619767785072327
		endloop
	endfacet
	facet normal 0.9813731202228207 -0.025394759516486766 -0.19042558938657667
		outer loop
			vertex -0.17777685821056366 0.25758638978004456 -0.4257592260837555
			vertex -0.17889022827148438 0.23332783579826355 -0.42826199531555176
			vertex -0.1778610199689865 0.25762176513671875 -0.42619767785072327
		endloop
	endfacet
	facet normal 0.9813784172277152 -0.025397332888188996 -0.19039794558185566
		outer loop
			vertex -0.1778610199689865 0.25762176513671875 -0.42619767785072327
			vertex -0.17889022827148438 0.23332783579826355 -0.42826199531555176
			vertex -0.17897313833236694 0.23339030146598816 -0.4286976754665375
		endloop
	endfacet
	facet normal 0.9810034245178635 -0.03219176144921832 -0.19130073596048006
		outer loop
			vertex -0.17889022827148438 0.23332783579826355 -0.42826199531555176
			vertex -0.18044309318065643 0.20928142964839935 -0.43217870593070984
			vertex -0.17897313833236694 0.23339030146598816 -0.4286976754665375
		endloop
	endfacet
	facet normal 0.981004104149704 -0.03219231967673709 -0.1912971567882481
		outer loop
			vertex -0.17897313833236694 0.23339030146598816 -0.4286976754665375
			vertex -0.18044309318065643 0.20928142964839935 -0.43217870593070984
			vertex -0.18052425980567932 0.20937076210975647 -0.4326099753379822
		endloop
	endfacet
	facet normal 0.9805062749783686 -0.03891406508664297 -0.1925957950384078
		outer loop
			vertex -0.18044309318065643 0.20928142964839935 -0.43217870593070984
			vertex -0.18242961168289185 0.18553747236728668 -0.4374946057796478
			vertex -0.18052425980567932 0.20937076210975647 -0.4326099753379822
		endloop
	endfacet
	facet normal 0.9805075614809823 -0.038915572733396055 -0.19258894069351407
		outer loop
			vertex -0.18052425980567932 0.20937076210975647 -0.4326099753379822
			vertex -0.18242961168289185 0.18553747236728668 -0.4374946057796478
			vertex -0.18250855803489685 0.18565331399440765 -0.437919944524765
		endloop
	endfacet
	facet normal 0.9817625657182079 -0.00826573848877956 -0.1899314142569283
		outer loop
			vertex -0.1769687980413437 0.30635616183280945 -0.425466924905777
			vertex -0.1769687980413437 0.3912757635116577 -0.4291625916957855
			vertex -0.17688365280628204 0.3912948966026306 -0.4287233054637909
		endloop
	endfacet
	facet normal 0.9817600581841799 -0.008266232053404838 -0.18994435385616182
		outer loop
			vertex -0.1769687980413437 0.30635616183280945 -0.425466924905777
			vertex -0.17688365280628204 0.3912948966026306 -0.4287233054637909
			vertex -0.17688365280628204 0.30637526512145996 -0.42502766847610474
		endloop
	endfacet
	facet normal 0.9994518426511636 0.0014393898226328623 0.033074799744403506
		outer loop
			vertex -0.17688365280628204 0.3912948966026306 -0.4287233054637909
			vertex -0.17689847946166992 0.3913143575191498 -0.4282761216163635
			vertex -0.17688365280628204 0.30637526512145996 -0.42502766847610474
		endloop
	endfacet
	facet normal 0.9994519155091285 0.0014393057727150095 0.03307260171239561
		outer loop
			vertex -0.17688365280628204 0.30637526512145996 -0.42502766847610474
			vertex -0.17689847946166992 0.3913143575191498 -0.4282761216163635
			vertex -0.17689847946166992 0.3063947260379791 -0.424580454826355
		endloop
	endfacet
	facet normal 0.9670320678076011 0.011071982808204468 0.25441381846992933
		outer loop
			vertex -0.17689847946166992 0.3913143575191498 -0.4282761216163635
			vertex -0.17701253294944763 0.3913331925868988 -0.4278434216976166
			vertex -0.17689847946166992 0.3063947260379791 -0.424580454826355
		endloop
	endfacet
	facet normal 0.9670277563185119 0.01107260551409138 0.2544301788638958
		outer loop
			vertex -0.17689847946166992 0.3063947260379791 -0.424580454826355
			vertex -0.17701253294944763 0.3913331925868988 -0.4278434216976166
			vertex -0.17701253294944763 0.30641356110572815 -0.4241477847099304
		endloop
	endfacet
	facet normal 0.8861134446430857 0.020150715297836998 0.46303014145490645
		outer loop
			vertex -0.17701253294944763 0.3913331925868988 -0.4278434216976166
			vertex -0.17722009122371674 0.3913504183292389 -0.42744696140289307
			vertex -0.17701253294944763 0.30641356110572815 -0.4241477847099304
		endloop
	endfacet
	facet normal 0.8861283458004312 0.020149645808367176 0.4630016701295895
		outer loop
			vertex -0.17701253294944763 0.30641356110572815 -0.4241477847099304
			vertex -0.17722009122371674 0.3913504183292389 -0.42744696140289307
			vertex -0.17722009122371674 0.3064308166503906 -0.4237512946128845
		endloop
	endfacet
	facet normal 0.7607698676124498 0.028218454213143115 0.6484079945333465
		outer loop
			vertex -0.17722009122371674 0.3913504183292389 -0.42744696140289307
			vertex -0.17751076817512512 0.39136525988578796 -0.4271065592765808
			vertex -0.17722009122371674 0.3064308166503906 -0.4237512946128845
		endloop
	endfacet
	facet normal 0.7607406434996237 0.028219706514574523 0.6484422267958879
		outer loop
			vertex -0.17722009122371674 0.3064308166503906 -0.4237512946128845
			vertex -0.17751076817512512 0.39136525988578796 -0.4271065592765808
			vertex -0.17751076817512512 0.3064456284046173 -0.42341092228889465
		endloop
	endfacet
	facet normal 0.5972751837434809 0.03487099993946178 0.8012779594169637
		outer loop
			vertex -0.17751076817512512 0.39136525988578796 -0.4271065592765808
			vertex -0.17786996066570282 0.39137688279151917 -0.42683932185173035
			vertex -0.17751076817512512 0.3064456284046173 -0.42341092228889465
		endloop
	endfacet
	facet normal 0.5973179467550332 0.03486989594300631 0.8012461300008102
		outer loop
			vertex -0.17751076817512512 0.3064456284046173 -0.42341092228889465
			vertex -0.17786996066570282 0.39137688279151917 -0.42683932185173035
			vertex -0.17786996066570282 0.3064572513103485 -0.4231436550617218
		endloop
	endfacet
	facet normal 0.4038324126881306 0.03977549943807801 0.913967883520496
		outer loop
			vertex -0.17786996066570282 0.39137688279151917 -0.42683932185173035
			vertex -0.17827968299388885 0.3913847506046295 -0.42665863037109375
			vertex -0.17786996066570282 0.3064572513103485 -0.4231436550617218
		endloop
	endfacet
	facet normal 0.4037767719920725 0.039776247081376906 0.9139924335396783
		outer loop
			vertex -0.17786996066570282 0.3064572513103485 -0.4231436550617218
			vertex -0.17827968299388885 0.3913847506046295 -0.42665863037109375
			vertex -0.17827968299388885 0.30646511912345886 -0.4229629933834076
		endloop
	endfacet
	facet normal -0.9808675635609209 0.03401450783406369 0.1916816006059771
		outer loop
			vertex -0.22214289009571075 0.20134001970291138 -0.4648033380508423
			vertex -0.22222450375556946 0.2014232575893402 -0.46523573994636536
			vertex -0.23583175241947174 0.004999999888241291 -0.5000104308128357
		endloop
	endfacet
	facet normal -0.9841070971135465 0.03744300117143747 0.173583533418422
		outer loop
			vertex -0.22222450375556946 0.2014232575893402 -0.46523573994636536
			vertex -0.23592405021190643 0.004999999888241291 -0.5005336999893188
			vertex -0.23583175241947174 0.004999999888241291 -0.5000104308128357
		endloop
	endfacet
	facet normal -0.9968236201090094 0.07455561483716798 -0.028002333635279437
		outer loop
			vertex -0.22222450375556946 0.2014232575893402 -0.46523573994636536
			vertex -0.2222214788198471 0.20143617689609528 -0.4653090238571167
			vertex -0.23592405021190643 0.004999999888241291 -0.5005336999893188
		endloop
	endfacet
	facet normal -0.9968237021017813 0.07455526444321034 -0.02800034771038308
		outer loop
			vertex -0.2222214788198471 0.20143617689609528 -0.4653090238571167
			vertex -0.22220630943775177 0.2015010118484497 -0.4656764268875122
			vertex -0.23592405021190643 0.004999999888241291 -0.5005336999893188
		endloop
	endfacet
	facet normal -0.9929863036069261 0.08406715211605181 -0.08313191194812415
		outer loop
			vertex -0.23592405021190643 0.004999999888241291 -0.5005336999893188
			vertex -0.22220630943775177 0.2015010118484497 -0.4656764268875122
			vertex -0.23587985336780548 0.004999999888241291 -0.5010616183280945
		endloop
	endfacet
	facet normal -0.962808030158515 0.11132901841215187 -0.24618396926214958
		outer loop
			vertex -0.22220630943775177 0.2015010118484497 -0.4656764268875122
			vertex -0.22216732800006866 0.2015237808227539 -0.4658185839653015
			vertex -0.23587985336780548 0.004999999888241291 -0.5010616183280945
		endloop
	endfacet
	facet normal -0.9627968644921254 0.11133554080926156 -0.2462246841339054
		outer loop
			vertex -0.22216732800006866 0.2015237808227539 -0.4658185839653015
			vertex -0.2220892459154129 0.20156937837600708 -0.46610328555107117
			vertex -0.23587985336780548 0.004999999888241291 -0.5010616183280945
		endloop
	endfacet
	facet normal -0.9342024317638714 0.12496454823904994 -0.33414020735296035
		outer loop
			vertex -0.23587985336780548 0.004999999888241291 -0.5010616183280945
			vertex -0.2220892459154129 0.20156937837600708 -0.46610328555107117
			vertex -0.23570220172405243 0.004999999888241291 -0.5015583038330078
		endloop
	endfacet
	facet normal -0.8804979472398503 0.14252477673079378 -0.45211729996124617
		outer loop
			vertex -0.2220892459154129 0.20156937837600708 -0.46610328555107117
			vertex -0.22198420763015747 0.2015971690416336 -0.4662990868091583
			vertex -0.23570220172405243 0.004999999888241291 -0.5015583038330078
		endloop
	endfacet
	facet normal -0.8479198238345778 0.15033862408519447 -0.5083603745931713
		outer loop
			vertex -0.23570220172405243 0.004999999888241291 -0.5015583038330078
			vertex -0.22198420763015747 0.2015971690416336 -0.4662990868091583
			vertex -0.23556676506996155 0.004999999888241291 -0.5017842054367065
		endloop
	endfacet
	facet normal -0.8805038010364473 0.14244082880239725 -0.45213235523511763
		outer loop
			vertex -0.22198420763015747 0.2015971690416336 -0.4662990868091583
			vertex -0.22187916934490204 0.20162495970726013 -0.4664948880672455
			vertex -0.23556676506996155 0.004999999888241291 -0.5017842054367065
		endloop
	endfacet
	facet normal -0.7720786487655498 0.16394720403117294 -0.6140161841602583
		outer loop
			vertex -0.23556676506996155 0.004999999888241291 -0.5017842054367065
			vertex -0.22187916934490204 0.20162495970726013 -0.4664948880672455
			vertex -0.2354031801223755 0.004999999888241291 -0.5019899010658264
		endloop
	endfacet
	facet normal -0.7540440837956168 0.16655884290885908 -0.6353547603832765
		outer loop
			vertex -0.22187916934490204 0.20162495970726013 -0.4664948880672455
			vertex -0.2216840386390686 0.20165163278579712 -0.46671947836875916
			vertex -0.2354031801223755 0.004999999888241291 -0.5019899010658264
		endloop
	endfacet
	facet normal -0.6830042741940915 0.1748435829449285 -0.7091790203718539
		outer loop
			vertex -0.2354031801223755 0.004999999888241291 -0.5019899010658264
			vertex -0.2216840386390686 0.20165163278579712 -0.46671947836875916
			vertex -0.2352142333984375 0.004999999888241291 -0.5021718740463257
		endloop
	endfacet
	facet normal -0.7539522054948502 0.16644116487776836 -0.6354946187526552
		outer loop
			vertex -0.2216840386390686 0.20165163278579712 -0.46671947836875916
			vertex -0.22158659994602203 0.20166493952274323 -0.46683159470558167
			vertex -0.2352142333984375 0.004999999888241291 -0.5021718740463257
		endloop
	endfacet
	facet normal -0.5821751592930309 0.18271001654257954 -0.792268347062499
		outer loop
			vertex -0.2352142333984375 0.004999999888241291 -0.5021718740463257
			vertex -0.22158659994602203 0.20166493952274323 -0.46683159470558167
			vertex -0.23500317335128784 0.004999999888241291 -0.5023269653320312
		endloop
	endfacet
	facet normal -0.5898034839307181 0.18222859040145312 -0.7867176057414036
		outer loop
			vertex -0.22158659994602203 0.20166493952274323 -0.46683159470558167
			vertex -0.22128614783287048 0.20168361067771912 -0.46705251932144165
			vertex -0.23500317335128784 0.004999999888241291 -0.5023269653320312
		endloop
	endfacet
	facet normal -0.4716040673869954 0.1874261275467371 -0.8616617957974444
		outer loop
			vertex -0.23500317335128784 0.004999999888241291 -0.5023269653320312
			vertex -0.22128614783287048 0.20168361067771912 -0.46705251932144165
			vertex -0.23477360606193542 0.004999999888241291 -0.5024526119232178
		endloop
	endfacet
	facet normal -0.5897052430071843 0.18205644306280047 -0.7868310987176085
		outer loop
			vertex -0.22128614783287048 0.20168361067771912 -0.46705251932144165
			vertex -0.22122623026371002 0.20168732106685638 -0.46709656715393066
			vertex -0.23477360606193542 0.004999999888241291 -0.5024526119232178
		endloop
	endfacet
	facet normal -0.35260828466877425 0.189031030665225 -0.9164794962401438
		outer loop
			vertex -0.23477360606193542 0.004999999888241291 -0.5024526119232178
			vertex -0.22122623026371002 0.20168732106685638 -0.46709656715393066
			vertex -0.23452945053577423 0.004999999888241291 -0.5025465488433838
		endloop
	endfacet
	facet normal -0.3959303603308485 0.18875169988996016 -0.898672323796018
		outer loop
			vertex -0.22122623026371002 0.20168732106685638 -0.46709656715393066
			vertex -0.22081610560417175 0.20169100165367126 -0.4672764837741852
			vertex -0.23452945053577423 0.004999999888241291 -0.5025465488433838
		endloop
	endfacet
	facet normal -0.3982513878932351 0.15103069885491946 -0.9047571829195425
		outer loop
			vertex -0.2196836620569229 0.2283412367105484 -0.46332624554634094
			vertex -0.21927376091480255 0.22834108769893646 -0.46350669860839844
			vertex -0.22081610560417175 0.20169100165367126 -0.4672764837741852
		endloop
	endfacet
	facet normal -0.4034926991987952 -0.0015107228437028295 -0.9149816169791394
		outer loop
			vertex -0.21803437173366547 0.28218162059783936 -0.46188849210739136
			vertex -0.21834467351436615 0.25522446632385254 -0.46170714497566223
			vertex -0.2184440791606903 0.2821894586086273 -0.46170783042907715
		endloop
	endfacet
	facet normal -0.40354312090857375 -0.0015109081565729799 -0.9149593798218097
		outer loop
			vertex -0.21834467351436615 0.25522446632385254 -0.46170714497566223
			vertex -0.21875444054603577 0.2552284598350525 -0.46152642369270325
			vertex -0.2184440791606903 0.2821894586086273 -0.46170783042907715
		endloop
	endfacet
	facet normal -0.5967936735312308 0.0014710933387657586 -0.8023933867608128
		outer loop
			vertex -0.2184440791606903 0.2821894586086273 -0.46170783042907715
			vertex -0.21875444054603577 0.2552284598350525 -0.46152642369270325
			vertex -0.21850381791591644 0.2821913957595825 -0.4616633951663971
		endloop
	endfacet
	facet normal -0.5968531115304517 0.0014718704206386907 -0.8023491738974269
		outer loop
			vertex -0.21875444054603577 0.2552284598350525 -0.46152642369270325
			vertex -0.2191137671470642 0.2552286982536316 -0.461259126663208
			vertex -0.21850381791591644 0.2821913957595825 -0.4616633951663971
		endloop
	endfacet
	facet normal -0.5968789800488907 0.001472744175294726 -0.8023299285209236
		outer loop
			vertex -0.21850381791591644 0.2821913957595825 -0.4616633951663971
			vertex -0.2191137671470642 0.2552286982536316 -0.461259126663208
			vertex -0.2188032865524292 0.2822011113166809 -0.4614405930042267
		endloop
	endfacet
	facet normal -0.3982596157223131 0.1510305161671831 -0.904753591687256
		outer loop
			vertex -0.22081610560417175 0.20169100165367126 -0.4672764837741852
			vertex -0.22122623026371002 0.20168732106685638 -0.46709656715393066
			vertex -0.2196836620569229 0.2283412367105484 -0.46332624554634094
		endloop
	endfacet
	facet normal -0.591798540384523 0.14637860215399015 -0.7926839171007523
		outer loop
			vertex -0.22122623026371002 0.20168732106685638 -0.46709656715393066
			vertex -0.22128614783287048 0.20168361067771912 -0.46705251932144165
			vertex -0.2196836620569229 0.2283412367105484 -0.46332624554634094
		endloop
	endfacet
	facet normal -0.5918749854510464 0.14637530419358277 -0.7926274483763224
		outer loop
			vertex -0.2196836620569229 0.2283412367105484 -0.46332624554634094
			vertex -0.22128614783287048 0.20168361067771912 -0.46705251932144165
			vertex -0.2200433760881424 0.2283301055431366 -0.4630596935749054
		endloop
	endfacet
	facet normal -0.7603958684176839 0.004383580340594867 -0.6494450765974856
		outer loop
			vertex -0.2188032865524292 0.2822011113166809 -0.4614405930042267
			vertex -0.2191137671470642 0.2552286982536316 -0.461259126663208
			vertex -0.21890008449554443 0.2822060286998749 -0.4613272249698639
		endloop
	endfacet
	facet normal -0.760362900863219 0.00438322177290298 -0.6494836767446589
		outer loop
			vertex -0.2191137671470642 0.2552286982536316 -0.461259126663208
			vertex -0.2194046527147293 0.25522515177726746 -0.4609186053276062
			vertex -0.21890008449554443 0.2822060286998749 -0.4613272249698639
		endloop
	endfacet
	facet normal -0.7603726659352137 0.0043835775656627185 -0.6494722420136998
		outer loop
			vertex -0.21890008449554443 0.2822060286998749 -0.4613272249698639
			vertex -0.2194046527147293 0.25522515177726746 -0.4609186053276062
			vertex -0.2190939486026764 0.2822159230709076 -0.46110019087791443
		endloop
	endfacet
	facet normal -0.591904769380904 0.14637341289939526 -0.7926055563647799
		outer loop
			vertex -0.22128614783287048 0.20168361067771912 -0.46705251932144165
			vertex -0.22158659994602203 0.20166493952274323 -0.46683159470558167
			vertex -0.2200433760881424 0.2283301055431366 -0.4630596935749054
		endloop
	endfacet
	facet normal -0.7557795514145639 0.13439615891845533 -0.6408860601788481
		outer loop
			vertex -0.22158659994602203 0.20166493952274323 -0.46683159470558167
			vertex -0.2216840386390686 0.20165163278579712 -0.46671947836875916
			vertex -0.2200433760881424 0.2283301055431366 -0.4630596935749054
		endloop
	endfacet
	facet normal -0.7558782704638893 0.1343865341487326 -0.6407716439419048
		outer loop
			vertex -0.2200433760881424 0.2283301055431366 -0.4630596935749054
			vertex -0.2216840386390686 0.20165163278579712 -0.46671947836875916
			vertex -0.22033488750457764 0.2283082753419876 -0.4627203941345215
		endloop
	endfacet
	facet normal -0.8857859770938372 0.00707480268319607 -0.4640400305479152
		outer loop
			vertex -0.2190939486026764 0.2822159230709076 -0.46110019087791443
			vertex -0.2194046527147293 0.25522515177726746 -0.4609186053276062
			vertex -0.21919773519039154 0.28222453594207764 -0.4609019458293915
		endloop
	endfacet
	facet normal -0.885789937689618 0.007074828371172059 -0.4640324698675097
		outer loop
			vertex -0.2194046527147293 0.25522515177726746 -0.4609186053276062
			vertex -0.2196124941110611 0.2552180290222168 -0.46052196621894836
			vertex -0.21919773519039154 0.28222453594207764 -0.4609019458293915
		endloop
	endfacet
	facet normal -0.8857855437100686 0.007074642837475236 -0.46404086025153063
		outer loop
			vertex -0.21919773519039154 0.28222453594207764 -0.4609019458293915
			vertex -0.2196124941110611 0.2552180290222168 -0.46052196621894836
			vertex -0.2193015217781067 0.28223317861557007 -0.46070370078086853
		endloop
	endfacet
	facet normal -0.7558794481235128 0.13438638987916204 -0.6407702849849854
		outer loop
			vertex -0.2216840386390686 0.20165163278579712 -0.46671947836875916
			vertex -0.22187916934490204 0.20162495970726013 -0.4664948880672455
			vertex -0.22033488750457764 0.2283082753419876 -0.4627203941345215
		endloop
	endfacet
	facet normal -0.8820404070621061 0.11565838642208273 -0.45675798620270935
		outer loop
			vertex -0.22187916934490204 0.20162495970726013 -0.4664948880672455
			vertex -0.22198420763015747 0.2015971690416336 -0.4662990868091583
			vertex -0.22033488750457764 0.2283082753419876 -0.4627203941345215
		endloop
	endfacet
	facet normal -0.8820396114573067 0.11565853799479092 -0.4567594842027379
		outer loop
			vertex -0.22033488750457764 0.2283082753419876 -0.4627203941345215
			vertex -0.22198420763015747 0.2015971690416336 -0.4662990868091583
			vertex -0.22054357826709747 0.2282768040895462 -0.4623253643512726
		endloop
	endfacet
	facet normal -0.9668239659170212 0.009411907924526022 -0.2552701214746899
		outer loop
			vertex -0.2193015217781067 0.28223317861557007 -0.46070370078086853
			vertex -0.2196124941110611 0.2552180290222168 -0.46052196621894836
			vertex -0.21937759220600128 0.2822457253932953 -0.4604151248931885
		endloop
	endfacet
	facet normal -0.9668227675586853 0.00941191544987207 -0.25527465988172177
		outer loop
			vertex -0.2196124941110611 0.2552180290222168 -0.46052196621894836
			vertex -0.21972689032554626 0.2552076280117035 -0.4600890874862671
			vertex -0.21937759220600128 0.2822457253932953 -0.4604151248931885
		endloop
	endfacet
	facet normal -0.9668253912160126 0.009412069237366035 -0.25526471721073263
		outer loop
			vertex -0.21937759220600128 0.2822457253932953 -0.4604151248931885
			vertex -0.21972689032554626 0.2552076280117035 -0.4600890874862671
			vertex -0.2194155752658844 0.2822520136833191 -0.46027103066444397
		endloop
	endfacet
	facet normal -0.882040408317014 0.11565835859623844 -0.4567579908253156
		outer loop
			vertex -0.22198420763015747 0.2015971690416336 -0.4662990868091583
			vertex -0.2220892459154129 0.20156937837600708 -0.46610328555107117
			vertex -0.22054357826709747 0.2282768040895462 -0.4623253643512726
		endloop
	endfacet
	facet normal -0.9640021225576185 0.09112528360391944 -0.2497920943354929
		outer loop
			vertex -0.2220892459154129 0.20156937837600708 -0.46610328555107117
			vertex -0.22216732800006866 0.2015237808227539 -0.4658185839653015
			vertex -0.22054357826709747 0.2282768040895462 -0.4623253643512726
		endloop
	endfacet
	facet normal -0.9640006439097683 0.09112590915722699 -0.2497975724898484
		outer loop
			vertex -0.22054357826709747 0.2282768040895462 -0.4623253643512726
			vertex -0.22216732800006866 0.2015237808227539 -0.4658185839653015
			vertex -0.22065897285938263 0.2282373011112213 -0.4618944525718689
		endloop
	endfacet
	facet normal -0.9817485667086806 0.012578028962295675 0.18976708079346963
		outer loop
			vertex -0.21965733170509338 0.25517937541007996 -0.4592021703720093
			vertex -0.21934524178504944 0.28229057788848877 -0.459384560585022
			vertex -0.219742089509964 0.2551945447921753 -0.4596416652202606
		endloop
	endfacet
	facet normal -0.9817470851437148 0.01257793447699687 0.18977475168238872
		outer loop
			vertex -0.21934524178504944 0.28229057788848877 -0.459384560585022
			vertex -0.21943040192127228 0.28227147459983826 -0.4598238468170166
			vertex -0.219742089509964 0.2551945447921753 -0.4596416652202606
		endloop
	endfacet
	facet normal -0.999371075831751 0.011277745438598474 -0.03361941773307455
		outer loop
			vertex -0.219742089509964 0.2551945447921753 -0.4596416652202606
			vertex -0.21943040192127228 0.28227147459983826 -0.4598238468170166
			vertex -0.21972689032554626 0.2552076280117035 -0.4600890874862671
		endloop
	endfacet
	facet normal -0.9993670594960419 0.011278865780381713 -0.033738221366025285
		outer loop
			vertex -0.21943040192127228 0.28227147459983826 -0.4598238468170166
			vertex -0.2194279283285141 0.282268226146698 -0.4598982036113739
			vertex -0.21972689032554626 0.2552076280117035 -0.4600890874862671
		endloop
	endfacet
	facet normal -0.999371622265915 0.011277963033206172 -0.03360309746756882
		outer loop
			vertex -0.21972689032554626 0.2552076280117035 -0.4600890874862671
			vertex -0.2194279283285141 0.282268226146698 -0.4598982036113739
			vertex -0.2194155752658844 0.2822520136833191 -0.46027103066444397
		endloop
	endfacet
	facet normal -0.40178355162725204 0.07497839557852141 -0.9126599683552808
		outer loop
			vertex -0.21834467351436615 0.25522446632385254 -0.46170714497566223
			vertex -0.21927376091480255 0.22834108769893646 -0.46350669860839844
			vertex -0.21875444054603577 0.2552284598350525 -0.46152642369270325
		endloop
	endfacet
	facet normal -0.4017622421154384 0.07497867322040058 -0.9126693264115345
		outer loop
			vertex -0.21927376091480255 0.22834108769893646 -0.46350669860839844
			vertex -0.2196836620569229 0.2283412367105484 -0.46332624554634094
			vertex -0.21875444054603577 0.2552284598350525 -0.46152642369270325
		endloop
	endfacet
	facet normal -0.5951804289603169 0.07413222351404612 -0.8001654019135526
		outer loop
			vertex -0.21875444054603577 0.2552284598350525 -0.46152642369270325
			vertex -0.2196836620569229 0.2283412367105484 -0.46332624554634094
			vertex -0.2191137671470642 0.2552286982536316 -0.461259126663208
		endloop
	endfacet
	facet normal -0.5952092935850776 0.07413119196869039 -0.8001440265397562
		outer loop
			vertex -0.2196836620569229 0.2283412367105484 -0.46332624554634094
			vertex -0.2200433760881424 0.2283301055431366 -0.4630596935749054
			vertex -0.2191137671470642 0.2552286982536316 -0.461259126663208
		endloop
	endfacet
	facet normal -0.758863071600552 0.06957075399976179 -0.6475235507291455
		outer loop
			vertex -0.2191137671470642 0.2552286982536316 -0.461259126663208
			vertex -0.2200433760881424 0.2283301055431366 -0.4630596935749054
			vertex -0.2194046527147293 0.25522515177726746 -0.4609186053276062
		endloop
	endfacet
	facet normal -0.7588716061893422 0.06957016545289611 -0.6475136117476332
		outer loop
			vertex -0.2200433760881424 0.2283301055431366 -0.4630596935749054
			vertex -0.22033488750457764 0.2283082753419876 -0.4627203941345215
			vertex -0.2194046527147293 0.25522515177726746 -0.4609186053276062
		endloop
	endfacet
	facet normal -0.8845358081425913 0.061521578322129566 -0.4623975556967047
		outer loop
			vertex -0.2194046527147293 0.25522515177726746 -0.4609186053276062
			vertex -0.22033488750457764 0.2283082753419876 -0.4627203941345215
			vertex -0.2196124941110611 0.2552180290222168 -0.46052196621894836
		endloop
	endfacet
	facet normal -0.8845384234558707 0.061521243447281375 -0.46239259729682425
		outer loop
			vertex -0.22033488750457764 0.2283082753419876 -0.4627203941345215
			vertex -0.22054357826709747 0.2282768040895462 -0.4623253643512726
			vertex -0.2196124941110611 0.2552180290222168 -0.46052196621894836
		endloop
	endfacet
	facet normal -0.9658801294083479 0.050385713531646344 -0.2540410507890808
		outer loop
			vertex -0.2196124941110611 0.2552180290222168 -0.46052196621894836
			vertex -0.22054357826709747 0.2282768040895462 -0.4623253643512726
			vertex -0.21972689032554626 0.2552076280117035 -0.4600890874862671
		endloop
	endfacet
	facet normal -0.9658814639535712 0.05038533883295831 -0.25403605102739757
		outer loop
			vertex -0.22054357826709747 0.2282768040895462 -0.4623253643512726
			vertex -0.22065897285938263 0.2282373011112213 -0.4618944525718689
			vertex -0.21972689032554626 0.2552076280117035 -0.4600890874862671
		endloop
	endfacet
	facet normal -0.9987854500638703 0.03671690440702194 -0.0328556490040559
		outer loop
			vertex -0.21972689032554626 0.2552076280117035 -0.4600890874862671
			vertex -0.22065897285938263 0.2282373011112213 -0.4618944525718689
			vertex -0.219742089509964 0.2551945447921753 -0.4596416652202606
		endloop
	endfacet
	facet normal -0.9987846618997198 0.03671871057851413 -0.03287758274742292
		outer loop
			vertex -0.22065897285938263 0.2282373011112213 -0.4618944525718689
			vertex -0.2206753045320511 0.22819173336029053 -0.46144920587539673
			vertex -0.219742089509964 0.2551945447921753 -0.4596416652202606
		endloop
	endfacet
	facet normal -0.9815500077235764 0.021202113520728334 0.19002645268514967
		outer loop
			vertex -0.219742089509964 0.2551945447921753 -0.4596416652202606
			vertex -0.2206753045320511 0.22819173336029053 -0.46144920587539673
			vertex -0.21965733170509338 0.25517937541007996 -0.4592021703720093
		endloop
	endfacet
	facet normal -0.9815478982741312 0.021201117507541688 0.19003745949172027
		outer loop
			vertex -0.2206753045320511 0.22819173336029053 -0.46144920587539673
			vertex -0.2205917239189148 0.2281423956155777 -0.46101200580596924
			vertex -0.21965733170509338 0.25517937541007996 -0.4592021703720093
		endloop
	endfacet
	facet normal -0.9640132068968251 0.09111982214175471 -0.2497513061854815
		outer loop
			vertex -0.22216732800006866 0.2015237808227539 -0.4658185839653015
			vertex -0.22220630943775177 0.2015010118484497 -0.4656764268875122
			vertex -0.22065897285938263 0.2282373011112213 -0.4618944525718689
		endloop
	endfacet
	facet normal -0.9976168434396743 0.06201455662318487 -0.03024613119541333
		outer loop
			vertex -0.22220630943775177 0.2015010118484497 -0.4656764268875122
			vertex -0.2222214788198471 0.20143617689609528 -0.4653090238571167
			vertex -0.22065897285938263 0.2282373011112213 -0.4618944525718689
		endloop
	endfacet
	facet normal -0.9976168520565926 0.062014528311090375 -0.030245905029408004
		outer loop
			vertex -0.22065897285938263 0.2282373011112213 -0.4618944525718689
			vertex -0.2222214788198471 0.20143617689609528 -0.4653090238571167
			vertex -0.2206753045320511 0.22819173336029053 -0.46144920587539673
		endloop
	endfacet
	facet normal -0.9976168500099041 0.06201453573548317 -0.030245957313815904
		outer loop
			vertex -0.2222214788198471 0.20143617689609528 -0.4653090238571167
			vertex -0.22222450375556946 0.2014232575893402 -0.46523573994636536
			vertex -0.2206753045320511 0.22819173336029053 -0.46144920587539673
		endloop
	endfacet
	facet normal -0.981152079408794 0.029775301379903453 0.19092938092272618
		outer loop
			vertex -0.2206753045320511 0.22819173336029053 -0.46144920587539673
			vertex -0.22222450375556946 0.2014232575893402 -0.46523573994636536
			vertex -0.2205917239189148 0.2281423956155777 -0.46101200580596924
		endloop
	endfacet
	facet normal -0.9811538758950327 0.029776910219776975 0.19091989795178058
		outer loop
			vertex -0.22222450375556946 0.2014232575893402 -0.46523573994636536
			vertex -0.22214289009571075 0.20134001970291138 -0.4648033380508423
			vertex -0.2205917239189148 0.2281423956155777 -0.46101200580596924
		endloop
	endfacet
	facet normal -0.9817562507768618 0.008267124070549832 0.18996399322019406
		outer loop
			vertex -0.21943040192127228 0.28227147459983826 -0.4598238468170166
			vertex -0.21934524178504944 0.28229057788848877 -0.459384560585022
			vertex -0.21934524178504944 0.3936857581138611 -0.4642324149608612
		endloop
	endfacet
	facet normal -0.9994477753653797 -0.000550715869298205 -0.0332241031365022
		outer loop
			vertex -0.21943040192127228 0.28227147459983826 -0.4598238468170166
			vertex -0.21934524178504944 0.3936857581138611 -0.4642324149608612
			vertex -0.2194279283285141 0.282268226146698 -0.4598982036113739
		endloop
	endfacet
	facet normal -0.9851388576588537 0.007406451902092371 0.17160004545696098
		outer loop
			vertex -0.21934524178504944 0.3936857581138611 -0.4642324149608612
			vertex -0.219434916973114 0.3936634063720703 -0.46474626660346985
			vertex -0.2194279283285141 0.282268226146698 -0.4598982036113739
		endloop
	endfacet
	facet normal -0.9994525696403193 -0.001501085484479141 -0.0330500799050644
		outer loop
			vertex -0.2194279283285141 0.282268226146698 -0.4598982036113739
			vertex -0.219434916973114 0.3936634063720703 -0.46474626660346985
			vertex -0.2194155752658844 0.2822520136833191 -0.46027103066444397
		endloop
	endfacet
	facet normal -0.9670290037264712 -0.010388945510935848 -0.2544542704749907
		outer loop
			vertex -0.2194155752658844 0.2822520136833191 -0.46027103066444397
			vertex -0.219434916973114 0.3936634063720703 -0.46474626660346985
			vertex -0.21937759220600128 0.2822457253932953 -0.4604151248931885
		endloop
	endfacet
	facet normal -0.996022479207882 -0.003972688163618302 -0.08901369929027232
		outer loop
			vertex -0.219434916973114 0.3936634063720703 -0.46474626660346985
			vertex -0.21938839554786682 0.39364078640937805 -0.46526581048965454
			vertex -0.21937759220600128 0.2822457253932953 -0.4604151248931885
		endloop
	endfacet
	facet normal -0.967027004444378 -0.011172852009687107 -0.25442865415141963
		outer loop
			vertex -0.21937759220600128 0.2822457253932953 -0.4604151248931885
			vertex -0.21938839554786682 0.39364078640937805 -0.46526581048965454
			vertex -0.2193015217781067 0.28223317861557007 -0.46070370078086853
		endloop
	endfacet
	facet normal -0.8861151778149129 -0.01965267039998512 -0.46304823095677067
		outer loop
			vertex -0.2193015217781067 0.28223317861557007 -0.46070370078086853
			vertex -0.21938839554786682 0.39364078640937805 -0.46526581048965454
			vertex -0.21919773519039154 0.28222453594207764 -0.4609019458293915
		endloop
	endfacet
	facet normal -0.9390305778567862 -0.015060991806379154 -0.3435036249819769
		outer loop
			vertex -0.21938839554786682 0.39364078640937805 -0.46526581048965454
			vertex -0.21920888125896454 0.39361947774887085 -0.4657556116580963
			vertex -0.21919773519039154 0.28222453594207764 -0.4609019458293915
		endloop
	endfacet
	facet normal -0.8861140515788615 -0.020263404416787263 -0.46302406204854685
		outer loop
			vertex -0.21919773519039154 0.28222453594207764 -0.4609019458293915
			vertex -0.21920888125896454 0.39361947774887085 -0.4657556116580963
			vertex -0.2190939486026764 0.2822159230709076 -0.46110019087791443
		endloop
	endfacet
	facet normal -0.8180524963120435 -0.024856070475765445 -0.5746062034455753
		outer loop
			vertex -0.21920888125896454 0.39361947774887085 -0.4657556116580963
			vertex -0.21890859305858612 0.3936009109020233 -0.46618232131004333
			vertex -0.2190939486026764 0.2822159230709076 -0.46110019087791443
		endloop
	endfacet
	facet normal -0.7607784557110352 -0.02831805506451989 -0.6483935757572674
		outer loop
			vertex -0.2190939486026764 0.2822159230709076 -0.46110019087791443
			vertex -0.21890859305858612 0.3936009109020233 -0.46618232131004333
			vertex -0.21890008449554443 0.2822060286998749 -0.4613272249698639
		endloop
	endfacet
	facet normal -0.7607983245678619 -0.028317042405060385 -0.6483703065719191
		outer loop
			vertex -0.21890008449554443 0.2822060286998749 -0.4613272249698639
			vertex -0.21890859305858612 0.3936009109020233 -0.46618232131004333
			vertex -0.2188032865524292 0.2822011113166809 -0.4614405930042267
		endloop
	endfacet
	facet normal -0.6412933021949354 -0.0332354821500135 -0.7665756996449675
		outer loop
			vertex -0.21890859305858612 0.3936009109020233 -0.46618232131004333
			vertex -0.21850799024105072 0.3935863673686981 -0.4665168225765228
			vertex -0.2188032865524292 0.2822011113166809 -0.4614405930042267
		endloop
	endfacet
	facet normal -0.5972753315636176 -0.034933557790509724 -0.8012751243147813
		outer loop
			vertex -0.2188032865524292 0.2822011113166809 -0.4614405930042267
			vertex -0.21850799024105072 0.3935863673686981 -0.4665168225765228
			vertex -0.21850381791591644 0.2821913957595825 -0.4616633951663971
		endloop
	endfacet
	facet normal -0.5971897957426825 -0.03493632696406354 -0.8013387554081441
		outer loop
			vertex -0.21850381791591644 0.2821913957595825 -0.4616633951663971
			vertex -0.21850799024105072 0.3935863673686981 -0.4665168225765228
			vertex -0.2184440791606903 0.2821894586086273 -0.46170783042907715
		endloop
	endfacet
	facet normal -0.420855949107022 -0.03936515737122482 -0.906272947012304
		outer loop
			vertex -0.21850799024105072 0.3935863673686981 -0.4665168225765228
			vertex -0.21803437173366547 0.39357680082321167 -0.4667363464832306
			vertex -0.2184440791606903 0.2821894586086273 -0.46170783042907715
		endloop
	endfacet
	facet normal -0.403786641494502 -0.03977623694556957 -0.9139880738417983
		outer loop
			vertex -0.2184440791606903 0.2821894586086273 -0.46170783042907715
			vertex -0.21803437173366547 0.39357680082321167 -0.4667363464832306
			vertex -0.21803437173366547 0.28218162059783936 -0.46188849210739136
		endloop
	endfacet
	facet normal -0.41938425981804317 -0.13602837966387288 -0.8975595370463697
		outer loop
			vertex -0.21847911179065704 0.42387813329696655 -0.4694765508174896
			vertex -0.2182569056749344 0.41634291410446167 -0.46843838691711426
			vertex -0.21873056888580322 0.4163569211959839 -0.46821919083595276
		endloop
	endfacet
	facet normal -0.41688822374284573 -0.1997383003643497 -0.8867405597310275
		outer loop
			vertex -0.21966226398944855 0.45385271310806274 -0.47456252574920654
			vertex -0.21892358362674713 0.43895038962364197 -0.4715530574321747
			vertex -0.21939736604690552 0.4389687776565552 -0.47133445739746094
		endloop
	endfacet
	facet normal -0.3960760400282603 -0.26343996673461256 -0.8796153445923952
		outer loop
			vertex -0.2219863384962082 0.4833263158798218 -0.4817827343940735
			vertex -0.22157610952854156 0.48330560326576233 -0.4819612503051758
			vertex -0.22003155946731567 0.4613029658794403 -0.47606706619262695
		endloop
	endfacet
	facet normal -0.5896505506815154 -0.2515231512813911 -0.7674948419699408
		outer loop
			vertex -0.2219863384962082 0.4833263158798218 -0.4817827343940735
			vertex -0.22003155946731567 0.4613029658794403 -0.47606706619262695
			vertex -0.22204630076885223 0.48333457112312317 -0.4817393720149994
		endloop
	endfacet
	facet normal -0.41314556260932433 -0.26230632195811204 -0.8720700301908284
		outer loop
			vertex -0.22003155946731567 0.4613029658794403 -0.47606706619262695
			vertex -0.22050555050373077 0.4613257348537445 -0.47584936022758484
			vertex -0.22204630076885223 0.48333457112312317 -0.4817393720149994
		endloop
	endfacet
	facet normal -0.6339820409774225 -0.24103669364729174 -0.7348252064495906
		outer loop
			vertex -0.22050555050373077 0.4613257348537445 -0.47584936022758484
			vertex -0.2209073007106781 0.46137893199920654 -0.47552019357681274
			vertex -0.22204630076885223 0.48333457112312317 -0.4817393720149994
		endloop
	endfacet
	facet normal -0.5897522146064657 -0.2482736087249675 -0.7684741638971679
		outer loop
			vertex -0.22204630076885223 0.48333457112312317 -0.4817393720149994
			vertex -0.2209073007106781 0.46137893199920654 -0.47552019357681274
			vertex -0.22234702110290527 0.4833758771419525 -0.48152193427085876
		endloop
	endfacet
	facet normal -0.7540638798320244 -0.21836454805651168 -0.6194389310373946
		outer loop
			vertex -0.22234702110290527 0.4833758771419525 -0.48152193427085876
			vertex -0.2209073007106781 0.46137893199920654 -0.47552019357681274
			vertex -0.22264011204242706 0.483451783657074 -0.4811919033527374
		endloop
	endfacet
	facet normal -0.8116936436536655 -0.20432154055244509 -0.5471801686085782
		outer loop
			vertex -0.2209073007106781 0.46137893199920654 -0.47552019357681274
			vertex -0.22120940685272217 0.4614590108394623 -0.47510194778442383
			vertex -0.22264011204242706 0.483451783657074 -0.4811919033527374
		endloop
	endfacet
	facet normal -0.880530006530818 -0.1788326203055137 -0.43895990877698815
		outer loop
			vertex -0.22264011204242706 0.483451783657074 -0.4811919033527374
			vertex -0.22120940685272217 0.4614590108394623 -0.47510194778442383
			vertex -0.22274549305438995 0.48350101709365845 -0.4810005724430084
		endloop
	endfacet
	facet normal -0.8805462540487624 -0.17882577654960632 -0.43893010391419157
		outer loop
			vertex -0.22274549305438995 0.48350101709365845 -0.4810005724430084
			vertex -0.22120940685272217 0.4614590108394623 -0.47510194778442383
			vertex -0.22285087406635284 0.48355022072792053 -0.48080921173095703
		endloop
	endfacet
	facet normal -0.9341559689676904 -0.15273664717900556 -0.3225277387304097
		outer loop
			vertex -0.22120940685272217 0.4614590108394623 -0.47510194778442383
			vertex -0.22139129042625427 0.4615604877471924 -0.4746232032775879
			vertex -0.22285087406635284 0.48355022072792053 -0.48080921173095703
		endloop
	endfacet
	facet normal -0.9628653020269969 -0.1304122249536471 -0.2363959850232222
		outer loop
			vertex -0.22285087406635284 0.48355022072792053 -0.48080921173095703
			vertex -0.22139129042625427 0.4615604877471924 -0.4746232032775879
			vertex -0.22296877205371857 0.4836662709712982 -0.48039302229881287
		endloop
	endfacet
	facet normal -0.9929940465881888 -0.09064599384968694 -0.07580321391218643
		outer loop
			vertex -0.22139129042625427 0.4615604877471924 -0.4746232032775879
			vertex -0.22144055366516113 0.4616764187812805 -0.4741165041923523
			vertex -0.22296877205371857 0.4836662709712982 -0.48039302229881287
		endloop
	endfacet
	facet normal -0.9969027482191002 -0.07553279104661789 -0.021902238924675178
		outer loop
			vertex -0.22296877205371857 0.4836662709712982 -0.48039302229881287
			vertex -0.22144055366516113 0.4616764187812805 -0.4741165041923523
			vertex -0.2229847013950348 0.4837728440761566 -0.4800355136394501
		endloop
	endfacet
	facet normal -0.9969039656857965 -0.07552511644534864 -0.021873271036790865
		outer loop
			vertex -0.2229847013950348 0.4837728440761566 -0.4800355136394501
			vertex -0.22144055366516113 0.4616764187812805 -0.4741165041923523
			vertex -0.22298787534236908 0.48379409313201904 -0.4799642264842987
		endloop
	endfacet
	facet normal -0.9841183777878229 -0.022285865953589078 0.17610893980420936
		outer loop
			vertex -0.22144055366516113 0.4616764187812805 -0.4741165041923523
			vertex -0.22135384380817413 0.4617989659309387 -0.47361645102500916
			vertex -0.22298787534236908 0.48379409313201904 -0.4799642264842987
		endloop
	endfacet
	facet normal -0.980896287732929 -0.016943130923089113 0.19379216451209233
		outer loop
			vertex -0.22298787534236908 0.48379409313201904 -0.4799642264842987
			vertex -0.22135384380817413 0.4617989659309387 -0.47361645102500916
			vertex -0.22290721535682678 0.48392730951309204 -0.4795443117618561
		endloop
	endfacet
	facet normal -0.4168800425163278 -0.19973751856299823 -0.8867445820696516
		outer loop
			vertex -0.22003155946731567 0.4613029658794403 -0.47606706619262695
			vertex -0.21966226398944855 0.45385271310806274 -0.47456252574920654
			vertex -0.22050555050373077 0.4613257348537445 -0.47584936022758484
		endloop
	endfacet
	facet normal -0.4168930068035903 -0.19973791653758452 -0.8867383974856883
		outer loop
			vertex -0.21966226398944855 0.45385271310806274 -0.47456252574920654
			vertex -0.21939736604690552 0.4389687776565552 -0.47133445739746094
			vertex -0.22050555050373077 0.4613257348537445 -0.47584936022758484
		endloop
	endfacet
	facet normal -0.6374631295278389 -0.18275299522019117 -0.7484932205642364
		outer loop
			vertex -0.22050555050373077 0.4613257348537445 -0.47584936022758484
			vertex -0.21939736604690552 0.4389687776565552 -0.47133445739746094
			vertex -0.2209073007106781 0.46137893199920654 -0.47552019357681274
		endloop
	endfacet
	facet normal -0.6374896881442598 -0.18275066600256826 -0.7484711695084536
		outer loop
			vertex -0.21939736604690552 0.4389687776565552 -0.47133445739746094
			vertex -0.2197984755039215 0.4390092194080353 -0.4710026979446411
			vertex -0.2209073007106781 0.46137893199920654 -0.47552019357681274
		endloop
	endfacet
	facet normal -0.8147601638109915 -0.15330732984164258 -0.5591625327966031
		outer loop
			vertex -0.2209073007106781 0.46137893199920654 -0.47552019357681274
			vertex -0.2197984755039215 0.4390092194080353 -0.4710026979446411
			vertex -0.22120940685272217 0.4614590108394623 -0.47510194778442383
		endloop
	endfacet
	facet normal -0.8147436256592697 -0.15331053027261834 -0.5591857524607691
		outer loop
			vertex -0.2197984755039215 0.4390092194080353 -0.4710026979446411
			vertex -0.2200995832681656 0.439069002866745 -0.4705803692340851
			vertex -0.22120940685272217 0.4614590108394623 -0.47510194778442383
		endloop
	endfacet
	facet normal -0.9365208640467406 -0.11341900989994731 -0.33176015342180887
		outer loop
			vertex -0.22120940685272217 0.4614590108394623 -0.47510194778442383
			vertex -0.2200995832681656 0.439069002866745 -0.4705803692340851
			vertex -0.22139129042625427 0.4615604877471924 -0.4746232032775879
		endloop
	endfacet
	facet normal -0.9365249658607177 -0.11341727098037768 -0.33174916874491983
		outer loop
			vertex -0.2200995832681656 0.439069002866745 -0.4705803692340851
			vertex -0.22028015553951263 0.4391440153121948 -0.47009626030921936
			vertex -0.22139129042625427 0.4615604877471924 -0.4746232032775879
		endloop
	endfacet
	facet normal -0.9944888930736908 -0.06578108427570138 -0.08163755572393439
		outer loop
			vertex -0.22139129042625427 0.4615604877471924 -0.4746232032775879
			vertex -0.22028015553951263 0.4391440153121948 -0.47009626030921936
			vertex -0.22144055366516113 0.4616764187812805 -0.4741165041923523
		endloop
	endfacet
	facet normal -0.9944875707256362 -0.0657835373696254 -0.0816516863473242
		outer loop
			vertex -0.22028015553951263 0.4391440153121948 -0.47009626030921936
			vertex -0.22032789885997772 0.43922916054725647 -0.4695833623409271
			vertex -0.22144055366516113 0.4616764187812805 -0.4741165041923523
		endloop
	endfacet
	facet normal -0.9846364426008114 -0.013650645103022493 0.1740825545271285
		outer loop
			vertex -0.22144055366516113 0.4616764187812805 -0.4741165041923523
			vertex -0.22032789885997772 0.43922916054725647 -0.4695833623409271
			vertex -0.22135384380817413 0.4617989659309387 -0.47361645102500916
		endloop
	endfacet
	facet normal -0.9846316184122381 -0.013645477926448494 0.17411024368214342
		outer loop
			vertex -0.22032789885997772 0.43922916054725647 -0.4695833623409271
			vertex -0.2202395349740982 0.43931862711906433 -0.46907663345336914
			vertex -0.22135384380817413 0.4617989659309387 -0.47361645102500916
		endloop
	endfacet
	facet normal -0.4194033934024033 -0.13602370955686205 -0.8975513044060154
		outer loop
			vertex -0.21892358362674713 0.43895038962364197 -0.4715530574321747
			vertex -0.21847911179065704 0.42387813329696655 -0.4694765508174896
			vertex -0.21939736604690552 0.4389687776565552 -0.47133445739746094
		endloop
	endfacet
	facet normal -0.4194264943421215 -0.13602378480309665 -0.8975404981457491
		outer loop
			vertex -0.21847911179065704 0.42387813329696655 -0.4694765508174896
			vertex -0.21873056888580322 0.4163569211959839 -0.46821919083595276
			vertex -0.21939736604690552 0.4389687776565552 -0.47133445739746094
		endloop
	endfacet
	facet normal -0.6398349444042513 -0.12337373887558334 -0.7585447676143238
		outer loop
			vertex -0.21939736604690552 0.4389687776565552 -0.47133445739746094
			vertex -0.21873056888580322 0.4163569211959839 -0.46821919083595276
			vertex -0.2197984755039215 0.4390092194080353 -0.4710026979446411
		endloop
	endfacet
	facet normal -0.6398196686863469 -0.12337458510055535 -0.7585575148354666
		outer loop
			vertex -0.21873056888580322 0.4163569211959839 -0.46821919083595276
			vertex -0.21913129091262817 0.4163844585418701 -0.46788567304611206
			vertex -0.2197984755039215 0.4390092194080353 -0.4710026979446411
		endloop
	endfacet
	facet normal -0.8167558989554655 -0.10231688478246828 -0.5678389354472453
		outer loop
			vertex -0.2197984755039215 0.4390092194080353 -0.4710026979446411
			vertex -0.21913129091262817 0.4163844585418701 -0.46788567304611206
			vertex -0.2200995832681656 0.439069002866745 -0.4705803692340851
		endloop
	endfacet
	facet normal -0.8167622007364174 -0.10231609395108088 -0.567830013619215
		outer loop
			vertex -0.21913129091262817 0.4163844585418701 -0.46788567304611206
			vertex -0.2194317877292633 0.4164237082004547 -0.4674605131149292
			vertex -0.2200995832681656 0.439069002866745 -0.4705803692340851
		endloop
	endfacet
	facet normal -0.9380697105898256 -0.07428317041209428 -0.33838916747947007
		outer loop
			vertex -0.2200995832681656 0.439069002866745 -0.4705803692340851
			vertex -0.2194317877292633 0.4164237082004547 -0.4674605131149292
			vertex -0.22028015553951263 0.4391440153121948 -0.47009626030921936
		endloop
	endfacet
	facet normal -0.938071928757099 -0.07428255553923468 -0.33838315327524304
		outer loop
			vertex -0.2194317877292633 0.4164237082004547 -0.4674605131149292
			vertex -0.21961157023906708 0.4164719581604004 -0.4669727087020874
			vertex -0.22028015553951263 0.4391440153121948 -0.47009626030921936
		endloop
	endfacet
	facet normal -0.9954587037656525 -0.04117987743453127 -0.08582649236502728
		outer loop
			vertex -0.22028015553951263 0.4391440153121948 -0.47009626030921936
			vertex -0.21961157023906708 0.4164719581604004 -0.4669727087020874
			vertex -0.22032789885997772 0.43922916054725647 -0.4695833623409271
		endloop
	endfacet
	facet normal -0.9954596546043406 -0.04117870659323801 -0.08581602518361599
		outer loop
			vertex -0.21961157023906708 0.4164719581604004 -0.4669727087020874
			vertex -0.21965838968753815 0.4165259599685669 -0.46645551919937134
			vertex -0.22032789885997772 0.43922916054725647 -0.4695833623409271
		endloop
	endfacet
	facet normal -0.9849628037423248 -0.005254988040636277 0.1726865957298114
		outer loop
			vertex -0.22032789885997772 0.43922916054725647 -0.4695833623409271
			vertex -0.21965838968753815 0.4165259599685669 -0.46645551919937134
			vertex -0.2202395349740982 0.43931862711906433 -0.46907663345336914
		endloop
	endfacet
	facet normal -0.984969156180731 -0.0052593323742639074 0.17265022674643649
		outer loop
			vertex -0.21965838968753815 0.4165259599685669 -0.46645551919937134
			vertex -0.21956905722618103 0.41658198833465576 -0.46594417095184326
			vertex -0.2202395349740982 0.43931862711906433 -0.46907663345336914
		endloop
	endfacet
	facet normal -0.4206421760111755 -0.07172547054410774 -0.9043868733212627
		outer loop
			vertex -0.2182569056749344 0.41634291410446167 -0.46843838691711426
			vertex -0.21803437173366547 0.39357680082321167 -0.4667363464832306
			vertex -0.21873056888580322 0.4163569211959839 -0.46821919083595276
		endloop
	endfacet
	facet normal -0.4206365917970588 -0.0717254689558878 -0.9043894707173524
		outer loop
			vertex -0.21803437173366547 0.39357680082321167 -0.4667363464832306
			vertex -0.21850799024105072 0.3935863673686981 -0.4665168225765228
			vertex -0.21873056888580322 0.4163569211959839 -0.46821919083595276
		endloop
	endfacet
	facet normal -0.6409952659974578 -0.06345226601387309 -0.7649175634710927
		outer loop
			vertex -0.21873056888580322 0.4163569211959839 -0.46821919083595276
			vertex -0.21850799024105072 0.3935863673686981 -0.4665168225765228
			vertex -0.21913129091262817 0.4163844585418701 -0.46788567304611206
		endloop
	endfacet
	facet normal -0.6410014432148082 -0.06345212479320073 -0.7649123986808953
		outer loop
			vertex -0.21850799024105072 0.3935863673686981 -0.4665168225765228
			vertex -0.21890859305858612 0.3936009109020233 -0.46618232131004333
			vertex -0.21913129091262817 0.4163844585418701 -0.46788567304611206
		endloop
	endfacet
	facet normal -0.8177704305378791 -0.05085406985727978 -0.5732934558468665
		outer loop
			vertex -0.21913129091262817 0.4163844585418701 -0.46788567304611206
			vertex -0.21890859305858612 0.3936009109020233 -0.46618232131004333
			vertex -0.2194317877292633 0.4164237082004547 -0.4674605131149292
		endloop
	endfacet
	facet normal -0.8177784049587451 -0.0508536178402312 -0.5732821207186655
		outer loop
			vertex -0.21890859305858612 0.3936009109020233 -0.46618232131004333
			vertex -0.21920888125896454 0.39361947774887085 -0.4657556116580963
			vertex -0.2194317877292633 0.4164237082004547 -0.4674605131149292
		endloop
	endfacet
	facet normal -0.9388461821479502 -0.034788781763324284 -0.3425749362251153
		outer loop
			vertex -0.2194317877292633 0.4164237082004547 -0.4674605131149292
			vertex -0.21920888125896454 0.39361947774887085 -0.4657556116580963
			vertex -0.21961157023906708 0.4164719581604004 -0.4669727087020874
		endloop
	endfacet
	facet normal -0.9388452610651764 -0.03478889933652748 -0.34257744855494204
		outer loop
			vertex -0.21920888125896454 0.39361947774887085 -0.4657556116580963
			vertex -0.21938839554786682 0.39364078640937805 -0.46526581048965454
			vertex -0.21961157023906708 0.4164719581604004 -0.4669727087020874
		endloop
	endfacet
	facet normal -0.9959462090818991 -0.01634825304476938 -0.08845271752624993
		outer loop
			vertex -0.21961157023906708 0.4164719581604004 -0.4669727087020874
			vertex -0.21938839554786682 0.39364078640937805 -0.46526581048965454
			vertex -0.21965838968753815 0.4165259599685669 -0.46645551919937134
		endloop
	endfacet
	facet normal -0.9959448473873151 -0.016349026539014985 -0.08846790544533278
		outer loop
			vertex -0.21938839554786682 0.39364078640937805 -0.46526581048965454
			vertex -0.219434916973114 0.3936634063720703 -0.46474626660346985
			vertex -0.21965838968753815 0.4165259599685669 -0.46645551919937134
		endloop
	endfacet
	facet normal -0.9851351396746026 0.0032111554338214165 0.17175111370550397
		outer loop
			vertex -0.21965838968753815 0.4165259599685669 -0.46645551919937134
			vertex -0.219434916973114 0.3936634063720703 -0.46474626660346985
			vertex -0.21956905722618103 0.41658198833465576 -0.46594417095184326
		endloop
	endfacet
	facet normal -0.9851299394671175 0.0032127431976276266 0.17178090885386474
		outer loop
			vertex -0.219434916973114 0.3936634063720703 -0.46474626660346985
			vertex -0.21934524178504944 0.3936857581138611 -0.4642324149608612
			vertex -0.21956905722618103 0.41658198833465576 -0.46594417095184326
		endloop
	endfacet
	facet normal -0.8638755997535702 0.021900250643878422 0.5032289013680997
		outer loop
			vertex -0.20559771358966827 0.4682735502719879 -0.4235392212867737
			vertex -0.20559771358966827 0.3067459762096405 -0.41650962829589844
			vertex -0.20537354052066803 0.46683940291404724 -0.42309197783470154
		endloop
	endfacet
	facet normal -0.9148386077711331 0.017868072896709337 0.40342416102947115
		outer loop
			vertex -0.20559771358966827 0.3067459762096405 -0.41650962829589844
			vertex -0.20541685819625854 0.30676376819610596 -0.41610029339790344
			vertex -0.20537354052066803 0.46683940291404724 -0.42309197783470154
		endloop
	endfacet
	facet normal -0.8633607422865076 0.022251239294637477 0.5040963310998637
		outer loop
			vertex -0.20537354052066803 0.46683940291404724 -0.42309197783470154
			vertex -0.20541685819625854 0.30676376819610596 -0.41610029339790344
			vertex -0.20514936745166779 0.46540525555610657 -0.4226447343826294
		endloop
	endfacet
	facet normal -0.802033188263469 0.02596861928567104 0.5967146686116664
		outer loop
			vertex -0.20541685819625854 0.30676376819610596 -0.41610029339790344
			vertex -0.20514936745166779 0.3067793846130371 -0.4157414436340332
			vertex -0.20514936745166779 0.46540525555610657 -0.4226447343826294
		endloop
	endfacet
	facet normal -0.6490225111264335 0.03307685396221273 0.7600498021729241
		outer loop
			vertex -0.20514936745166779 0.3067793846130371 -0.4157414436340332
			vertex -0.20480865240097046 0.3067920207977295 -0.4154510498046875
			vertex -0.20514936745166779 0.46540525555610657 -0.4226447343826294
		endloop
	endfacet
	facet normal -0.5590555401396743 0.03636696796361888 0.8283322682838515
		outer loop
			vertex -0.20514936745166779 0.46540525555610657 -0.4226447343826294
			vertex -0.20480865240097046 0.3067920207977295 -0.4154510498046875
			vertex -0.20478057861328125 0.4642558693885803 -0.422345370054245
		endloop
	endfacet
	facet normal -0.46346103325158083 0.038842664285924214 0.8852655635957768
		outer loop
			vertex -0.20480865240097046 0.3067920207977295 -0.4154510498046875
			vertex -0.2044118046760559 0.30680105090141296 -0.4152436852455139
			vertex -0.20478057861328125 0.4642558693885803 -0.422345370054245
		endloop
	endfacet
	facet normal -0.5597592169759273 0.03602848985581215 0.8278717092214267
		outer loop
			vertex -0.20478057861328125 0.4642558693885803 -0.422345370054245
			vertex -0.2044118046760559 0.30680105090141296 -0.4152436852455139
			vertex -0.2044118046760559 0.4631064832210541 -0.4220460057258606
		endloop
	endfacet
	facet normal -0.2546988270905667 0.04204436433721596 0.9661059874083016
		outer loop
			vertex -0.2044118046760559 0.30680105090141296 -0.4152436852455139
			vertex -0.20397870242595673 0.3068060278892517 -0.41512972116470337
			vertex -0.2044118046760559 0.4631064832210541 -0.4220460057258606
		endloop
	endfacet
	facet normal -0.254682009807091 0.04204460665085298 0.9661104103218204
		outer loop
			vertex -0.2044118046760559 0.4631064832210541 -0.4220460057258606
			vertex -0.20397870242595673 0.3068060278892517 -0.41512972116470337
			vertex -0.20397870242595673 0.4623182713985443 -0.4218975305557251
		endloop
	endfacet
	facet normal 0.19016764933758964 0.042684909679462674 0.9808232581005977
		outer loop
			vertex -0.20309141278266907 0.3068029582500458 -0.41519999504089355
			vertex -0.20309141278266907 0.461656391620636 -0.4219391345977783
			vertex -0.20353108644485474 0.30680665373802185 -0.4151149094104767
		endloop
	endfacet
	facet normal 0.2698691040678947 0.0416289238414075 0.9619967252383961
		outer loop
			vertex -0.20309141278266907 0.461656391620636 -0.4219391345977783
			vertex -0.20320792496204376 0.4616699814796448 -0.4219070374965668
			vertex -0.20353108644485474 0.30680665373802185 -0.4151149094104767
		endloop
	endfacet
	facet normal 0.21941780900057933 0.042291964563568644 0.9747139143496103
		outer loop
			vertex -0.20353108644485474 0.30680665373802185 -0.4151149094104767
			vertex -0.20320792496204376 0.4616699814796448 -0.4219070374965668
			vertex -0.20329375565052032 0.4616949260234833 -0.4218887984752655
		endloop
	endfacet
	facet normal 0.1667989015400843 0.04282508780218575 0.9850604744378675
		outer loop
			vertex -0.20329375565052032 0.4616949260234833 -0.4218887984752655
			vertex -0.20341703295707703 0.46175211668014526 -0.4218704104423523
			vertex -0.20353108644485474 0.30680665373802185 -0.4151149094104767
		endloop
	endfacet
	facet normal 0.10773369290598779 0.04322517138786832 0.9932396669340829
		outer loop
			vertex -0.20341703295707703 0.46175211668014526 -0.4218704104423523
			vertex -0.20353108644485474 0.4618268311023712 -0.42186129093170166
			vertex -0.20353108644485474 0.30680665373802185 -0.4151149094104767
		endloop
	endfacet
	facet normal -0.0331016653764214 0.04345439734241611 0.9985068828510473
		outer loop
			vertex -0.20353108644485474 0.30680665373802185 -0.4151149094104767
			vertex -0.20353108644485474 0.4618268311023712 -0.42186129093170166
			vertex -0.20397870242595673 0.3068060278892517 -0.41512972116470337
		endloop
	endfacet
	facet normal 0.01799705385152161 0.043323877719204984 0.9988989676999556
		outer loop
			vertex -0.20353108644485474 0.4618268311023712 -0.42186129093170166
			vertex -0.20377469062805176 0.46205514669418335 -0.4218668043613434
			vertex -0.20397870242595673 0.3068060278892517 -0.41512972116470337
		endloop
	endfacet
	facet normal -0.09397350456085565 0.04328590552145881 0.994633254432878
		outer loop
			vertex -0.20397870242595673 0.3068060278892517 -0.41512972116470337
			vertex -0.20377469062805176 0.46205514669418335 -0.4218668043613434
			vertex -0.20397870242595673 0.4623182713985443 -0.4218975305557251
		endloop
	endfacet
	facet normal 0.000025078558901075827 -0.9990508847968946 0.043558339702152754
		outer loop
			vertex -0.17637108266353607 0.39135876297950745 -0.427255779504776
			vertex -0.17827968299388885 0.3913847506046295 -0.42665863037109375
			vertex -0.17786996066570282 0.39137688279151917 -0.42683932185173035
		endloop
	endfacet
	facet normal -0.0000073400549885734684 -0.9990559558033386 0.04344188209552273
		outer loop
			vertex -0.17786996066570282 0.39137688279151917 -0.42683932185173035
			vertex -0.17751076817512512 0.39136525988578796 -0.4271065592765808
			vertex -0.17637108266353607 0.39135876297950745 -0.427255779504776
		endloop
	endfacet
	facet normal 0.000008987263136443052 -0.9990505358898814 0.04356634776257767
		outer loop
			vertex -0.17751076817512512 0.39136525988578796 -0.4271065592765808
			vertex -0.17722009122371674 0.3913504183292389 -0.42744696140289307
			vertex -0.17637108266353607 0.39135876297950745 -0.427255779504776
		endloop
	endfacet
	facet normal 0.00004001856222739308 -0.9990565236159514 0.043428804023652755
		outer loop
			vertex -0.17637108266353607 0.39135876297950745 -0.427255779504776
			vertex -0.17722009122371674 0.3913504183292389 -0.42744696140289307
			vertex -0.17701253294944763 0.3913331925868988 -0.4278434216976166
		endloop
	endfacet
	facet normal -0.000011521193945453615 -0.9990540818181186 0.0434849568220829
		outer loop
			vertex -0.17701253294944763 0.3913331925868988 -0.4278434216976166
			vertex -0.17689847946166992 0.3913143575191498 -0.4282761216163635
			vertex -0.17637108266353607 0.39135876297950745 -0.427255779504776
		endloop
	endfacet
	facet normal 0.0000024360377334569807 -0.9990543952700361 0.04347775621726798
		outer loop
			vertex -0.17689847946166992 0.3913143575191498 -0.4282761216163635
			vertex -0.17688365280628204 0.3912948966026306 -0.4287233054637909
			vertex -0.17637108266353607 0.39135876297950745 -0.427255779504776
		endloop
	endfacet
	facet normal -0.00022618109218067086 -0.9990508981125338 0.04355745427195433
		outer loop
			vertex -0.17637108266353607 0.39135876297950745 -0.427255779504776
			vertex -0.17688365280628204 0.3912948966026306 -0.4287233054637909
			vertex -0.1769687980413437 0.3912757635116577 -0.4291625916957855
		endloop
	endfacet
	facet normal -0.000025078558901075827 0.9990508847968946 -0.043558339702152754
		outer loop
			vertex -0.17786996066570282 0.421348512172699 -0.4281436800956726
			vertex -0.17827968299388885 0.4213563799858093 -0.427962988615036
			vertex -0.17637108266353607 0.42133039236068726 -0.42856013774871826
		endloop
	endfacet
	facet normal 0.0000073400549885734684 0.9990559558033386 -0.04344188209552273
		outer loop
			vertex -0.17786996066570282 0.421348512172699 -0.4281436800956726
			vertex -0.17637108266353607 0.42133039236068726 -0.42856013774871826
			vertex -0.17751076817512512 0.4213368892669678 -0.42841091752052307
		endloop
	endfacet
	facet normal -0.000010012249303521119 0.9990545101606663 -0.0434751150359152
		outer loop
			vertex -0.17689847946166992 0.4212859869003296 -0.4295804500579834
			vertex -0.17637108266353607 0.42133039236068726 -0.42856013774871826
			vertex -0.17688365280628204 0.4212665259838104 -0.43002766370773315
		endloop
	endfacet
	facet normal 0.00024519373595115494 0.9990506046378307 -0.043564082141332505
		outer loop
			vertex -0.17637108266353607 0.42133039236068726 -0.42856013774871826
			vertex -0.1769687980413437 0.4212473928928375 -0.4304669201374054
			vertex -0.17688365280628204 0.4212665259838104 -0.43002766370773315
		endloop
	endfacet
	facet normal 0.000013731427797189543 0.9990539769740011 -0.04348736487624941
		outer loop
			vertex -0.17689847946166992 0.4212859869003296 -0.4295804500579834
			vertex -0.17701253294944763 0.4213048219680786 -0.42914777994155884
			vertex -0.17637108266353607 0.42133039236068726 -0.42856013774871826
		endloop
	endfacet
	facet normal 0.0000044567519571199 0.9990544168536236 -0.04347726009540309
		outer loop
			vertex -0.17701253294944763 0.4213048219680786 -0.42914777994155884
			vertex -0.17722009122371674 0.4213220775127411 -0.42875128984451294
			vertex -0.17637108266353607 0.42133039236068726 -0.42856013774871826
		endloop
	endfacet
	facet normal 0.0000033454594705954423 0.999054631240026 -0.04347233357738784
		outer loop
			vertex -0.17637108266353607 0.42133039236068726 -0.42856013774871826
			vertex -0.17722009122371674 0.4213220775127411 -0.42875128984451294
			vertex -0.17751076817512512 0.4213368892669678 -0.42841091752052307
		endloop
	endfacet
	facet normal 0 -0.1523855056777472 -0.988321130837208
		outer loop
			vertex -0.19650113582611084 0.004999999888241291 -0.0307997427880764
			vertex -0.22300000488758087 0.004999999888241291 -0.0307997427880764
			vertex -0.1950540840625763 0.024746986106038094 -0.03384445607662201
		endloop
	endfacet
	facet normal -0.003336389528696681 -0.1477709854272889 -0.9890159778136857
		outer loop
			vertex -0.22300000488758087 0.004999999888241291 -0.0307997427880764
			vertex -0.22300000488758087 0.04531319439411163 -0.03682302311062813
			vertex -0.1950540840625763 0.024746986106038094 -0.03384445607662201
		endloop
	endfacet
	facet normal 0.0012967033292805733 -0.14160665348175996 -0.9899221556517325
		outer loop
			vertex -0.1950540840625763 0.024746986106038094 -0.03384445607662201
			vertex -0.22300000488758087 0.04531319439411163 -0.03682302311062813
			vertex -0.1931697428226471 0.05337804555892944 -0.03793761134147644
		endloop
	endfacet
	facet normal -0.0023063716072197625 -0.1285257895253226 -0.9917034849575259
		outer loop
			vertex -0.1931697428226471 0.05337804555892944 -0.03793761134147644
			vertex -0.22300000488758087 0.04531319439411163 -0.03682302311062813
			vertex -0.19234773516654968 0.06779925525188446 -0.03980852663516998
		endloop
	endfacet
	facet normal -0.0017794722503116005 -0.12923199986500758 -0.9916127891921327
		outer loop
			vertex -0.22300000488758087 0.04531319439411163 -0.03682302311062813
			vertex -0.22300000488758087 0.06780633330345154 -0.03975444287061691
			vertex -0.19234773516654968 0.06779925525188446 -0.03980852663516998
		endloop
	endfacet
	facet normal -0.001779471183799881 -0.1285556799984004 -0.99170069608852
		outer loop
			vertex -0.19234773516654968 0.06779925525188446 -0.03980852663516998
			vertex -0.22300000488758087 0.06780633330345154 -0.03975444287061691
			vertex -0.19153554737567902 0.08204823732376099 -0.04165710136294365
		endloop
	endfacet
	facet normal -0.0014680429835182123 -0.12923203783846585 -0.9916132942059198
		outer loop
			vertex -0.22300000488758087 0.06780633330345154 -0.03975444287061691
			vertex -0.22300000488758087 0.08755898475646973 -0.04232870787382126
			vertex -0.19153554737567902 0.08204823732376099 -0.04165710136294365
		endloop
	endfacet
	facet normal 0.0009174272571981123 -0.11581379910870557 -0.9932705181687597
		outer loop
			vertex -0.19153554737567902 0.08204823732376099 -0.04165710136294365
			vertex -0.22300000488758087 0.08755898475646973 -0.04232870787382126
			vertex -0.19015169143676758 0.1107579916715622 -0.04500333592295647
		endloop
	endfacet
	facet normal -0.003073324696050719 -0.11023580425241813 -0.9939007104012629
		outer loop
			vertex -0.22300000488758087 0.08755898475646973 -0.04232870787382126
			vertex -0.22300000488758087 0.12990237772464752 -0.04702511057257652
			vertex -0.19015169143676758 0.1107579916715622 -0.04500333592295647
		endloop
	endfacet
	facet normal 0.0012417712468926606 -0.1029151647752096 -0.994689361993714
		outer loop
			vertex -0.19015169143676758 0.1107579916715622 -0.04500333592295647
			vertex -0.22300000488758087 0.12990237772464752 -0.04702511057257652
			vertex -0.18936079740524292 0.13082300126552582 -0.047078367322683334
		endloop
	endfacet
	facet normal 0.0009193673265402606 -0.09120076332036416 -0.9958321020802161
		outer loop
			vertex -0.22300000488758087 0.12990237772464752 -0.04702511057257652
			vertex -0.22300000488758087 0.13081972301006317 -0.047109123319387436
			vertex -0.18936079740524292 0.13082300126552582 -0.047078367322683334
		endloop
	endfacet
	facet normal 0.0009194644233975887 -0.10290272248641308 -0.994690999401351
		outer loop
			vertex -0.18936079740524292 0.13082300126552582 -0.047078367322683334
			vertex -0.22300000488758087 0.13081972301006317 -0.047109123319387436
			vertex -0.18901847302913666 0.13950778543949127 -0.04797650873661041
		endloop
	endfacet
	facet normal -0.002101744464862968 -0.09119965306545928 -0.9958304102360725
		outer loop
			vertex -0.22300000488758087 0.13081972301006317 -0.047109123319387436
			vertex -0.22300000488758087 0.17232787609100342 -0.050910502672195435
			vertex -0.18901847302913666 0.13950778543949127 -0.04797650873661041
		endloop
	endfacet
	facet normal -0.0008552542124683564 -0.08991962280718174 -0.995948658302448
		outer loop
			vertex -0.18901847302913666 0.13950778543949127 -0.04797650873661041
			vertex -0.22300000488758087 0.17232787609100342 -0.050910502672195435
			vertex -0.18813621997833252 0.16829811036586761 -0.05057661235332489
		endloop
	endfacet
	facet normal 0.000646123737028308 -0.07701989364273137 -0.9970293468636612
		outer loop
			vertex -0.18813621997833252 0.16829811036586761 -0.05057661235332489
			vertex -0.22300000488758087 0.17232787609100342 -0.050910502672195435
			vertex -0.18757326900959015 0.1940273642539978 -0.05256381630897522
		endloop
	endfacet
	facet normal -0.002365970398999275 -0.07212999179532772 -0.9973924335323971
		outer loop
			vertex -0.22300000488758087 0.17232787609100342 -0.050910502672195435
			vertex -0.22300000488758087 0.19403332471847534 -0.05248020961880684
			vertex -0.18757326900959015 0.1940273642539978 -0.05256381630897522
		endloop
	endfacet
	facet normal -0.002365931019582017 -0.076954288723968 -0.9970318148471486
		outer loop
			vertex -0.18757326900959015 0.1940273642539978 -0.05256381630897522
			vertex -0.22300000488758087 0.19403332471847534 -0.05248020961880684
			vertex -0.18750539422035217 0.1971295177936554 -0.052803412079811096
		endloop
	endfacet
	facet normal -0.0027900357479558554 -0.07212990239556255 -0.9973913438971344
		outer loop
			vertex -0.22300000488758087 0.19403332471847534 -0.05248020961880684
			vertex -0.22300000488758087 0.21481995284557343 -0.05398346856236458
			vertex -0.18750539422035217 0.1971295177936554 -0.052803412079811096
		endloop
	endfacet
	facet normal 0.0012483726988826477 -0.06406405322871968 -0.9979450078283435
		outer loop
			vertex -0.18750539422035217 0.1971295177936554 -0.052803412079811096
			vertex -0.22300000488758087 0.21481995284557343 -0.05398346856236458
			vertex -0.18712645769119263 0.22600257396697998 -0.05465647205710411
		endloop
	endfacet
	facet normal -0.002819905135675617 -0.051058066046527115 -0.9986917051956596
		outer loop
			vertex -0.18712645769119263 0.22600257396697998 -0.05465647205710411
			vertex -0.22300000488758087 0.21481995284557343 -0.05398346856236458
			vertex -0.18700000643730164 0.25491786003112793 -0.05613512173295021
		endloop
	endfacet
	facet normal -0.0006130191934553117 -0.05303409101692408 -0.9985925141905868
		outer loop
			vertex -0.22300000488758087 0.21481995284557343 -0.05398346856236458
			vertex -0.22300000488758087 0.25736305117607117 -0.05624288320541382
			vertex -0.18700000643730164 0.25491786003112793 -0.05613512173295021
		endloop
	endfacet
	facet normal 0 -0.044028040882232444 -0.999030295644768
		outer loop
			vertex -0.18700000643730164 0.25491786003112793 -0.05613512173295021
			vertex -0.22300000488758087 0.25736305117607117 -0.05624288320541382
			vertex -0.18700000643730164 0.25736305117607117 -0.05624288320541382
		endloop
	endfacet
	facet normal -1 0 0
		outer loop
			vertex -0.22499999403953552 0.04559061676263809 -0.0348423570394516
			vertex -0.22499999403953552 0.004999999888241291 -0.028774665668606758
			vertex -0.22499999403953552 0.004999999888241291 -0.002219490008428693
		endloop
	endfacet
	facet normal -1 0 0
		outer loop
			vertex -0.22499999403953552 0.4390623867511749 -0.021109631285071373
			vertex -0.22499999403953552 0.4372797906398773 -0.06207086145877838
			vertex -0.22499999403953552 0.2574499845504761 -0.05424477159976959
		endloop
	endfacet
	facet normal -1 0 0
		outer loop
			vertex -0.22499999403953552 0.04559061676263809 -0.0348423570394516
			vertex -0.22499999403953552 0.004999999888241291 -0.002219490008428693
			vertex -0.22499999403953552 0.08779846131801605 -0.04034309834241867
		endloop
	endfacet
	facet normal -1 0 0
		outer loop
			vertex -0.22499999403953552 0.2574499845504761 -0.05424477159976959
			vertex -0.22499999403953552 0.21494512259960175 -0.05198739096522331
			vertex -0.22499999403953552 0.4390623867511749 -0.021109631285071373
		endloop
	endfacet
	facet normal -1 0 0
		outer loop
			vertex -0.22499999403953552 0.21494512259960175 -0.05198739096522331
			vertex -0.22499999403953552 0.17249120771884918 -0.04891718551516533
			vertex -0.22499999403953552 0.4390623867511749 -0.021109631285071373
		endloop
	endfacet
	facet normal -1 0 0
		outer loop
			vertex -0.22499999403953552 0.4390623867511749 -0.021109631285071373
			vertex -0.22499999403953552 0.17249120771884918 -0.04891718551516533
			vertex -0.22499999403953552 0.004999999888241291 -0.002219490008428693
		endloop
	endfacet
	facet normal -1 0 0
		outer loop
			vertex -0.22499999403953552 0.17249120771884918 -0.04891718551516533
			vertex -0.22499999403953552 0.13010382652282715 -0.04503528028726578
			vertex -0.22499999403953552 0.004999999888241291 -0.002219490008428693
		endloop
	endfacet
	facet normal -1 0 0
		outer loop
			vertex -0.22499999403953552 0.004999999888241291 -0.002219490008428693
			vertex -0.22499999403953552 0.13010382652282715 -0.04503528028726578
			vertex -0.22499999403953552 0.08779846131801605 -0.04034309834241867
		endloop
	endfacet
	facet normal 0.9999904454004359 -0.004367262909023518 0.00019005925742017225
		outer loop
			vertex -0.1850000023841858 0.2550070285797119 -0.05413711071014404
			vertex -0.1850000023841858 0.25678956508636475 -0.013177224434912205
			vertex -0.18512652814388275 0.22610022127628326 -0.05265902727842331
		endloop
	endfacet
	facet normal 0.9999823797695491 -0.005792682308799234 0.0012980686033141138
		outer loop
			vertex -0.1850000023841858 0.25678956508636475 -0.013177224434912205
			vertex -0.18522609770298004 0.2181360125541687 -0.011495044454932213
			vertex -0.18512652814388275 0.22610022127628326 -0.05265902727842331
		endloop
	endfacet
	facet normal 0.9999136237699967 -0.01314266294501409 -0.00012413648665271656
		outer loop
			vertex -0.18512652814388275 0.22610022127628326 -0.05265902727842331
			vertex -0.18522609770298004 0.2181360125541687 -0.011495044454932213
			vertex -0.1855056881904602 0.19723565876483917 -0.05080687254667282
		endloop
	endfacet
	facet normal 0.9998454018873443 -0.0174493729433947 0.0021660352299493054
		outer loop
			vertex -0.18522609770298004 0.2181360125541687 -0.011495044454932213
			vertex -0.1859038919210434 0.17950722575187683 -0.009813942946493626
			vertex -0.1855056881904602 0.19723565876483917 -0.05080687254667282
		endloop
	endfacet
	facet normal 0.999760667237213 -0.021875677643567494 0.0002509442913055226
		outer loop
			vertex -0.1855056881904602 0.19723565876483917 -0.05080687254667282
			vertex -0.1859038919210434 0.17950722575187683 -0.009813942946493626
			vertex -0.18603470921516418 0.17307977378368378 -0.048941679298877716
		endloop
	endfacet
	facet normal 0.9995734675606517 -0.02916816604906412 0.0014494958120920011
		outer loop
			vertex -0.1859038919210434 0.17950722575187683 -0.009813942946493626
			vertex -0.18604178726673126 0.1747918426990509 -0.009608731605112553
			vertex -0.18603470921516418 0.17307977378368378 -0.048941679298877716
		endloop
	endfacet
	facet normal 0.9997615556507825 -0.021807267459801005 0.001129127390565245
		outer loop
			vertex -0.18603470921516418 0.17307977378368378 -0.048941679298877716
			vertex -0.18604178726673126 0.1747918426990509 -0.009608731605112553
			vertex -0.18613691627979279 0.1684127151966095 -0.048581313341856
		endloop
	endfacet
	facet normal 0.9995729525603964 -0.029128901045326012 0.002328010649305554
		outer loop
			vertex -0.18604178726673126 0.1747918426990509 -0.009608731605112553
			vertex -0.18703274428844452 0.1409045159816742 -0.008133974857628345
			vertex -0.18613691627979279 0.1684127151966095 -0.048581313341856
		endloop
	endfacet
	facet normal 0.9986179888284 -0.0524082434549899 0.003935531258208819
		outer loop
			vertex -0.19064173102378845 0.06378237158060074 -0.004777664318680763
			vertex -0.18953828513622284 0.08218807727098465 -0.03966754302382469
			vertex -0.18930932879447937 0.0890880599617958 -0.005878953263163567
		endloop
	endfacet
	facet normal 0.9988504647333152 -0.04784079523065518 0.0030012353688144444
		outer loop
			vertex -0.18953828513622284 0.08218807727098465 -0.03966754302382469
			vertex -0.1892777383327484 0.08758846670389175 -0.04029674082994461
			vertex -0.18930932879447937 0.0890880599617958 -0.005878953263163567
		endloop
	endfacet
	facet normal 0.9986189603105377 -0.05243970969628402 0.0032013989551971833
		outer loop
			vertex -0.18930932879447937 0.0890880599617958 -0.005878953263163567
			vertex -0.1892777383327484 0.08758846670389175 -0.04029674082994461
			vertex -0.188612163066864 0.10232913494110107 -0.006455196999013424
		endloop
	endfacet
	facet normal 0.9988446126479342 -0.04803957202342249 0.0012803530781843853
		outer loop
			vertex -0.1892777383327484 0.08758846670389175 -0.04029674082994461
			vertex -0.18815359473228455 0.11088944226503372 -0.04301152750849724
			vertex -0.188612163066864 0.10232913494110107 -0.006455196999013424
		endloop
	endfacet
	facet normal 0.9991637099606866 -0.04077957807706186 0.0029844110732245117
		outer loop
			vertex -0.188612163066864 0.10232913494110107 -0.006455196999013424
			vertex -0.18815359473228455 0.11088944226503372 -0.04301152750849724
			vertex -0.18703274428844452 0.1409045159816742 -0.008133974857628345
		endloop
	endfacet
	facet normal 0.9992280601064251 -0.03924933386761721 0.0016654389509299882
		outer loop
			vertex -0.18815359473228455 0.11088944226503372 -0.04301152750849724
			vertex -0.1870196908712387 0.13963082432746887 -0.04598278924822807
			vertex -0.18703274428844452 0.1409045159816742 -0.008133974857628345
		endloop
	endfacet
	facet normal 0.9995328184411185 -0.03053296368579368 0.0013722199955531612
		outer loop
			vertex -0.18703274428844452 0.1409045159816742 -0.008133974857628345
			vertex -0.1870196908712387 0.13963082432746887 -0.04598278924822807
			vertex -0.18613691627979279 0.1684127151966095 -0.048581313341856
		endloop
	endfacet
	facet normal 0.9973271057555666 -0.07299132772959087 0.0033030594146459106
		outer loop
			vertex -0.19460728764533997 0.004999999888241291 -0.002219490008428693
			vertex -0.1945192813873291 0.004999999888241291 -0.028792135417461395
			vertex -0.19312119483947754 0.0252655241638422 -0.0031014338601380587
		endloop
	endfacet
	facet normal 0.9973489765863313 -0.07270193902071029 0.003073591519188378
		outer loop
			vertex -0.1945192813873291 0.004999999888241291 -0.028792135417461395
			vertex -0.19305895268917084 0.0249035507440567 -0.03186039999127388
			vertex -0.19312119483947754 0.0252655241638422 -0.0031014338601380587
		endloop
	endfacet
	facet normal 0.9979383215049904 -0.06411165955436245 0.0029667458583838096
		outer loop
			vertex -0.19312119483947754 0.0252655241638422 -0.0031014338601380587
			vertex -0.19305895268917084 0.0249035507440567 -0.03186039999127388
			vertex -0.19064173102378845 0.06378237158060074 -0.004777664318680763
		endloop
	endfacet
	facet normal 0.9978687309398935 -0.06510488790918671 0.004398793327572635
		outer loop
			vertex -0.19305895268917084 0.0249035507440567 -0.03186039999127388
			vertex -0.1911734640598297 0.05352625623345375 -0.035950638353824615
			vertex -0.19064173102378845 0.06378237158060074 -0.004777664318680763
		endloop
	endfacet
	facet normal 0.9983872948557485 -0.05674610430623007 0.0016398526418952423
		outer loop
			vertex -0.19064173102378845 0.06378237158060074 -0.004777664318680763
			vertex -0.1911734640598297 0.05352625623345375 -0.035950638353824615
			vertex -0.18953828513622284 0.08218807727098465 -0.03966754302382469
		endloop
	endfacet
	facet normal 0 -0.043478263070970996 -0.9990543732151577
		outer loop
			vertex -0.18700000643730164 0.25736305117607117 -0.05624288320541382
			vertex -0.22300000488758087 0.25736305117607117 -0.05624288320541382
			vertex -0.18700000643730164 0.4072211980819702 -0.06276462227106094
		endloop
	endfacet
	facet normal -1.0338243690019465e-7 -0.04347823828264815 -0.9990543742939254
		outer loop
			vertex -0.22300000488758087 0.25736305117607117 -0.05624288320541382
			vertex -0.22300000488758087 0.43719282746315 -0.06406896561384201
			vertex -0.18700000643730164 0.4072211980819702 -0.06276462227106094
		endloop
	endfacet
	facet normal 0 -0.043478114341034095 -0.9990543796877865
		outer loop
			vertex -0.18700000643730164 0.4072211980819702 -0.06276462227106094
			vertex -0.22300000488758087 0.43719282746315 -0.06406896561384201
			vertex -0.1850000023841858 0.4072211980819702 -0.06276462227106094
		endloop
	endfacet
	facet normal 0 -0.043478114341034095 -0.9990543796877865
		outer loop
			vertex -0.22300000488758087 0.43719282746315 -0.06406896561384201
			vertex -0.1850000023841858 0.43719282746315 -0.06406896561384201
			vertex -0.1850000023841858 0.4072211980819702 -0.06276462227106094
		endloop
	endfacet
	facet normal 0 -1 0
		outer loop
			vertex -0.21105536818504333 0.007000000216066837 -0.014758669771254063
			vertex -0.21120521426200867 0.007000000216066837 -0.015120442025363445
			vertex -0.20975632965564728 0.007000000216066837 -0.01550867035984993
		endloop
	endfacet
	facet normal 0 -1 0
		outer loop
			vertex -0.21120521426200867 0.007000000216066837 -0.015120442025363445
			vertex -0.21125632524490356 0.007000000216066837 -0.01550867035984993
			vertex -0.20975632965564728 0.007000000216066837 -0.01550867035984993
		endloop
	endfacet
	facet normal 0 -1 0
		outer loop
			vertex -0.20975632965564728 0.007000000216066837 -0.01550867035984993
			vertex -0.21125632524490356 0.007000000216066837 -0.01550867035984993
			vertex -0.21120521426200867 0.007000000216066837 -0.01589689962565899
		endloop
	endfacet
	facet normal 0 -1 0
		outer loop
			vertex -0.2101445496082306 0.007000000216066837 -0.014059781096875668
			vertex -0.21050631999969482 0.007000000216066837 -0.014209631830453873
			vertex -0.20975632965564728 0.007000000216066837 -0.01550867035984993
		endloop
	endfacet
	facet normal 0 -1 0
		outer loop
			vertex -0.21050631999969482 0.007000000216066837 -0.014209631830453873
			vertex -0.21081697940826416 0.007000000216066837 -0.014448010362684727
			vertex -0.20975632965564728 0.007000000216066837 -0.01550867035984993
		endloop
	endfacet
	facet normal 0 -1 0
		outer loop
			vertex -0.20975632965564728 0.007000000216066837 -0.01550867035984993
			vertex -0.21081697940826416 0.007000000216066837 -0.014448010362684727
			vertex -0.21105536818504333 0.007000000216066837 -0.014758669771254063
		endloop
	endfacet
	facet normal 0 -1 0
		outer loop
			vertex -0.20900632441043854 0.007000000216066837 -0.014209631830453873
			vertex -0.20936809480190277 0.007000000216066837 -0.014059781096875668
			vertex -0.20975632965564728 0.007000000216066837 -0.01550867035984993
		endloop
	endfacet
	facet normal 0 -1 0
		outer loop
			vertex -0.20936809480190277 0.007000000216066837 -0.014059781096875668
			vertex -0.20975632965564728 0.007000000216066837 -0.01400867011398077
			vertex -0.20975632965564728 0.007000000216066837 -0.01550867035984993
		endloop
	endfacet
	facet normal 0 -1 0
		outer loop
			vertex -0.20975632965564728 0.007000000216066837 -0.01550867035984993
			vertex -0.20975632965564728 0.007000000216066837 -0.01400867011398077
			vertex -0.2101445496082306 0.007000000216066837 -0.014059781096875668
		endloop
	endfacet
	facet normal 0 -1 0
		outer loop
			vertex -0.2083074301481247 0.007000000216066837 -0.015120442025363445
			vertex -0.20845729112625122 0.007000000216066837 -0.014758669771254063
			vertex -0.20975632965564728 0.007000000216066837 -0.01550867035984993
		endloop
	endfacet
	facet normal 0 -1 0
		outer loop
			vertex -0.20845729112625122 0.007000000216066837 -0.014758669771254063
			vertex -0.2086956650018692 0.007000000216066837 -0.014448010362684727
			vertex -0.20975632965564728 0.007000000216066837 -0.01550867035984993
		endloop
	endfacet
	facet normal 0 -1 0
		outer loop
			vertex -0.20975632965564728 0.007000000216066837 -0.01550867035984993
			vertex -0.2086956650018692 0.007000000216066837 -0.014448010362684727
			vertex -0.20900632441043854 0.007000000216066837 -0.014209631830453873
		endloop
	endfacet
	facet normal 0 -1 0
		outer loop
			vertex -0.20845729112625122 0.007000000216066837 -0.016258670017123222
			vertex -0.2083074301481247 0.007000000216066837 -0.01589689962565899
			vertex -0.20975632965564728 0.007000000216066837 -0.01550867035984993
		endloop
	endfacet
	facet normal 0 -1 0
		outer loop
			vertex -0.2083074301481247 0.007000000216066837 -0.01589689962565899
			vertex -0.2082563191652298 0.007000000216066837 -0.01550867035984993
			vertex -0.20975632965564728 0.007000000216066837 -0.01550867035984993
		endloop
	endfacet
	facet normal 0 -1 0
		outer loop
			vertex -0.20975632965564728 0.007000000216066837 -0.01550867035984993
			vertex -0.2082563191652298 0.007000000216066837 -0.01550867035984993
			vertex -0.2083074301481247 0.007000000216066837 -0.015120442025363445
		endloop
	endfacet
	facet normal 0 -1 0
		outer loop
			vertex -0.20936809480190277 0.007000000216066837 -0.016957558691501617
			vertex -0.20900632441043854 0.007000000216066837 -0.016807708889245987
			vertex -0.20975632965564728 0.007000000216066837 -0.01550867035984993
		endloop
	endfacet
	facet normal 0 -1 0
		outer loop
			vertex -0.20900632441043854 0.007000000216066837 -0.016807708889245987
			vertex -0.2086956650018692 0.007000000216066837 -0.016569331288337708
			vertex -0.20975632965564728 0.007000000216066837 -0.01550867035984993
		endloop
	endfacet
	facet normal 0 -1 0
		outer loop
			vertex -0.20975632965564728 0.007000000216066837 -0.01550867035984993
			vertex -0.2086956650018692 0.007000000216066837 -0.016569331288337708
			vertex -0.20845729112625122 0.007000000216066837 -0.016258670017123222
		endloop
	endfacet
	facet normal 0 -1 0
		outer loop
			vertex -0.21050631999969482 0.007000000216066837 -0.016807708889245987
			vertex -0.2101445496082306 0.007000000216066837 -0.016957558691501617
			vertex -0.20975632965564728 0.007000000216066837 -0.01550867035984993
		endloop
	endfacet
	facet normal 0 -1 0
		outer loop
			vertex -0.2101445496082306 0.007000000216066837 -0.016957558691501617
			vertex -0.20975632965564728 0.007000000216066837 -0.017008669674396515
			vertex -0.20975632965564728 0.007000000216066837 -0.01550867035984993
		endloop
	endfacet
	facet normal 0 -1 0
		outer loop
			vertex -0.20975632965564728 0.007000000216066837 -0.01550867035984993
			vertex -0.20975632965564728 0.007000000216066837 -0.017008669674396515
			vertex -0.20936809480190277 0.007000000216066837 -0.016957558691501617
		endloop
	endfacet
	facet normal 0 -1 0
		outer loop
			vertex -0.21120521426200867 0.007000000216066837 -0.01589689962565899
			vertex -0.21105536818504333 0.007000000216066837 -0.016258670017123222
			vertex -0.20975632965564728 0.007000000216066837 -0.01550867035984993
		endloop
	endfacet
	facet normal 0 -1 0
		outer loop
			vertex -0.21105536818504333 0.007000000216066837 -0.016258670017123222
			vertex -0.21081697940826416 0.007000000216066837 -0.016569331288337708
			vertex -0.20975632965564728 0.007000000216066837 -0.01550867035984993
		endloop
	endfacet
	facet normal 0 -1 0
		outer loop
			vertex -0.20975632965564728 0.007000000216066837 -0.01550867035984993
			vertex -0.21081697940826416 0.007000000216066837 -0.016569331288337708
			vertex -0.21050631999969482 0.007000000216066837 -0.016807708889245987
		endloop
	endfacet
	facet normal 0.9914461743929391 -0.005674617354937611 -0.13039279887892913
		outer loop
			vertex -0.1850000023841858 0.4073081612586975 -0.06076651066541672
			vertex -0.1850000023841858 0.2574499845504761 -0.05424477159976959
			vertex -0.18506814539432526 0.25742748379707336 -0.054761920124292374
		endloop
	endfacet
	facet normal 0.9914463380953794 -0.0056745676493360885 -0.13039155631886515
		outer loop
			vertex -0.1850000023841858 0.4073081612586975 -0.06076651066541672
			vertex -0.18506814539432526 0.25742748379707336 -0.054761920124292374
			vertex -0.18506814539432526 0.4072856307029724 -0.0612836629152298
		endloop
	endfacet
	facet normal 0.9238740818911222 -0.016638992548927655 -0.38233470250134644
		outer loop
			vertex -0.18506814539432526 0.25742748379707336 -0.054761920124292374
			vertex -0.18526795506477356 0.2574065029621124 -0.055243827402591705
			vertex -0.18506814539432526 0.4072856307029724 -0.0612836629152298
		endloop
	endfacet
	facet normal 0.9238726744110863 -0.016639127490315077 -0.38233809764770793
		outer loop
			vertex -0.18506814539432526 0.4072856307029724 -0.0612836629152298
			vertex -0.18526795506477356 0.2574065029621124 -0.055243827402591705
			vertex -0.18526795506477356 0.40726467967033386 -0.06176556646823883
		endloop
	endfacet
	facet normal 0.7933640919296209 -0.026467275084087385 -0.608171769310539
		outer loop
			vertex -0.18526795506477356 0.2574065029621124 -0.055243827402591705
			vertex -0.18558578193187714 0.25738850235939026 -0.05565765127539635
			vertex -0.18526795506477356 0.40726467967033386 -0.06176556646823883
		endloop
	endfacet
	facet normal 0.7933650116202757 -0.026467228224213456 -0.6081705716054395
		outer loop
			vertex -0.18526795506477356 0.40726467967033386 -0.06176556646823883
			vertex -0.18558578193187714 0.25738850235939026 -0.05565765127539635
			vertex -0.18558578193187714 0.4072466492652893 -0.06217939034104347
		endloop
	endfacet
	facet normal 0.6087531906177628 -0.03449390008402806 -0.7926094396168185
		outer loop
			vertex -0.18558578193187714 0.25738850235939026 -0.05565765127539635
			vertex -0.1860000044107437 0.25737467408180237 -0.055975187569856644
			vertex -0.18558578193187714 0.4072466492652893 -0.06217939034104347
		endloop
	endfacet
	facet normal 0.6087516285498872 -0.034493945349728626 -0.7926106373699953
		outer loop
			vertex -0.18558578193187714 0.4072466492652893 -0.06217939034104347
			vertex -0.1860000044107437 0.25737467408180237 -0.055975187569856644
			vertex -0.1860000044107437 0.4072328507900238 -0.06249692663550377
		endloop
	endfacet
	facet normal 0.3826905935063338 -0.0401685404187297 -0.9230029241570142
		outer loop
			vertex -0.1860000044107437 0.25737467408180237 -0.055975187569856644
			vertex -0.18648235499858856 0.25736600160598755 -0.05617479979991913
			vertex -0.1860000044107437 0.4072328507900238 -0.06249692663550377
		endloop
	endfacet
	facet normal 0.3826927118707669 -0.040168510240763775 -0.9230020471624297
		outer loop
			vertex -0.1860000044107437 0.4072328507900238 -0.06249692663550377
			vertex -0.18648235499858856 0.25736600160598755 -0.05617479979991913
			vertex -0.18648235499858856 0.4072241485118866 -0.06269653886556625
		endloop
	endfacet
	facet normal 0.130520918522394 -0.04310633068931352 -0.9905080181818694
		outer loop
			vertex -0.18648235499858856 0.25736600160598755 -0.05617479979991913
			vertex -0.18700000643730164 0.25736305117607117 -0.05624288320541382
			vertex -0.18648235499858856 0.4072241485118866 -0.06269653886556625
		endloop
	endfacet
	facet normal 0.130520918522394 -0.04310633068931352 -0.9905080181818694
		outer loop
			vertex -0.18648235499858856 0.4072241485118866 -0.06269653886556625
			vertex -0.18700000643730164 0.25736305117607117 -0.05624288320541382
			vertex -0.18700000643730164 0.4072211980819702 -0.06276462227106094
		endloop
	endfacet
	facet normal 0.13052129040874877 -0.043651403301369254 -0.990484097671364
		outer loop
			vertex -0.18700000643730164 0.25491786003112793 -0.05613512173295021
			vertex -0.18700000643730164 0.25736305117607117 -0.05624288320541382
			vertex -0.18648235499858856 0.2549208998680115 -0.05606704205274582
		endloop
	endfacet
	facet normal 0.13052088612865465 -0.043651492547407786 -0.9904841470122449
		outer loop
			vertex -0.18700000643730164 0.25736305117607117 -0.05624288320541382
			vertex -0.18648235499858856 0.25736600160598755 -0.05617479979991913
			vertex -0.18648235499858856 0.2549208998680115 -0.05606704205274582
		endloop
	endfacet
	facet normal 0.3826894390310156 -0.040676577263228236 -0.9229811532833568
		outer loop
			vertex -0.18648235499858856 0.2549208998680115 -0.05606704205274582
			vertex -0.18648235499858856 0.25736600160598755 -0.05617479979991913
			vertex -0.1860000044107437 0.2549298107624054 -0.05586744099855423
		endloop
	endfacet
	facet normal 0.3826905310224841 -0.04067630544447742 -0.9229807124968087
		outer loop
			vertex -0.18648235499858856 0.25736600160598755 -0.05617479979991913
			vertex -0.1860000044107437 0.25737467408180237 -0.055975187569856644
			vertex -0.1860000044107437 0.2549298107624054 -0.05586744099855423
		endloop
	endfacet
	facet normal 0.6087541741872106 -0.03492989161745196 -0.7925895899399894
		outer loop
			vertex -0.1860000044107437 0.2549298107624054 -0.05586744099855423
			vertex -0.1860000044107437 0.25737467408180237 -0.055975187569856644
			vertex -0.18558578193187714 0.25494399666786194 -0.05554991960525513
		endloop
	endfacet
	facet normal 0.6087531387201355 -0.03493020480516957 -0.7925903714344836
		outer loop
			vertex -0.1860000044107437 0.25737467408180237 -0.055975187569856644
			vertex -0.18558578193187714 0.25738850235939026 -0.05565765127539635
			vertex -0.18558578193187714 0.25494399666786194 -0.05554991960525513
		endloop
	endfacet
	facet normal 0.7933621645191987 -0.0268021676023918 -0.6081596169766825
		outer loop
			vertex -0.18558578193187714 0.25494399666786194 -0.05554991960525513
			vertex -0.18558578193187714 0.25738850235939026 -0.05565765127539635
			vertex -0.18526795506477356 0.2549624443054199 -0.055136118084192276
		endloop
	endfacet
	facet normal 0.7933640441441732 -0.02680140150190562 -0.6081571987050193
		outer loop
			vertex -0.18558578193187714 0.25738850235939026 -0.05565765127539635
			vertex -0.18526795506477356 0.2574065029621124 -0.055243827402591705
			vertex -0.18526795506477356 0.2549624443054199 -0.055136118084192276
		endloop
	endfacet
	facet normal 0.9238744240548541 -0.016848994372749112 -0.38232467872992276
		outer loop
			vertex -0.18526795506477356 0.2549624443054199 -0.055136118084192276
			vertex -0.18526795506477356 0.2574065029621124 -0.055243827402591705
			vertex -0.18506814539432526 0.25498396158218384 -0.054654233157634735
		endloop
	endfacet
	facet normal 0.9238740627438513 -0.01684923409459106 -0.382325541259796
		outer loop
			vertex -0.18526795506477356 0.2574065029621124 -0.055243827402591705
			vertex -0.18506814539432526 0.25742748379707336 -0.054761920124292374
			vertex -0.18506814539432526 0.25498396158218384 -0.054654233157634735
		endloop
	endfacet
	facet normal 0.9914461351593347 -0.005746335675204051 -0.13038995630003952
		outer loop
			vertex -0.18506814539432526 0.25498396158218384 -0.054654233157634735
			vertex -0.18506814539432526 0.25742748379707336 -0.054761920124292374
			vertex -0.1850000023841858 0.2550070285797119 -0.05413711071014404
		endloop
	endfacet
	facet normal 0.9914461717495586 -0.005746263645226926 -0.13038968125302192
		outer loop
			vertex -0.18506814539432526 0.25742748379707336 -0.054761920124292374
			vertex -0.1850000023841858 0.2574499845504761 -0.05424477159976959
			vertex -0.1850000023841858 0.2550070285797119 -0.05413711071014404
		endloop
	endfacet
	facet normal -0.11196705872577387 -0.043204843594162747 -0.9927722393632404
		outer loop
			vertex -0.22300000488758087 0.25736305117607117 -0.05624288320541382
			vertex -0.22344504296779633 0.25736522674560547 -0.0561927855014801
			vertex -0.22300000488758087 0.43719282746315 -0.06406896561384201
		endloop
	endfacet
	facet normal -0.13052461277068578 -0.04305981507393964 -0.9905095546166431
		outer loop
			vertex -0.22344504296779633 0.25736522674560547 -0.0561927855014801
			vertex -0.22351764142513275 0.4371957778930664 -0.06400088220834732
			vertex -0.22300000488758087 0.43719282746315 -0.06406896561384201
		endloop
	endfacet
	facet normal -0.33028288020399277 -0.04107710009231472 -0.9429877469469904
		outer loop
			vertex -0.22344504296779633 0.25736522674560547 -0.0561927855014801
			vertex -0.2235153317451477 0.2573662996292114 -0.05616821348667145
			vertex -0.22351764142513275 0.4371957778930664 -0.06400088220834732
		endloop
	endfacet
	facet normal -0.3302751776115954 -0.04107721727706775 -0.9429904396516446
		outer loop
			vertex -0.2235153317451477 0.2573662996292114 -0.05616821348667145
			vertex -0.2238677740097046 0.2573716640472412 -0.05604500696063042
			vertex -0.22351764142513275 0.4371957778930664 -0.06400088220834732
		endloop
	endfacet
	facet normal -0.3826765333877038 -0.04009129552749479 -0.9230121119559033
		outer loop
			vertex -0.22351764142513275 0.4371957778930664 -0.06400088220834732
			vertex -0.2238677740097046 0.2573716640472412 -0.05604500696063042
			vertex -0.2240000069141388 0.4372044801712036 -0.06380127370357513
		endloop
	endfacet
	facet normal -0.5320608763331085 -0.03687537857796803 -0.8459027310101183
		outer loop
			vertex -0.2238677740097046 0.2573716640472412 -0.05604500696063042
			vertex -0.22399404644966125 0.2573750913143158 -0.05596573278307915
			vertex -0.2240000069141388 0.4372044801712036 -0.06380127370357513
		endloop
	endfacet
	facet normal -0.5320276750029352 -0.03687628563811773 -0.8459235737278558
		outer loop
			vertex -0.22399404644966125 0.2573750913143158 -0.05596573278307915
			vertex -0.22424697875976562 0.25738200545310974 -0.0558069571852684
			vertex -0.2240000069141388 0.4372044801712036 -0.06380127370357513
		endloop
	endfacet
	facet normal -0.6087669706549226 -0.034400429138235405 -0.7926029181845937
		outer loop
			vertex -0.2240000069141388 0.4372044801712036 -0.06380127370357513
			vertex -0.22424697875976562 0.25738200545310974 -0.0558069571852684
			vertex -0.22441421449184418 0.4372183084487915 -0.06348373740911484
		endloop
	endfacet
	facet normal -0.7071083826355483 -0.030813513564646903 -0.706433480653586
		outer loop
			vertex -0.22424697875976562 0.25738200545310974 -0.0558069571852684
			vertex -0.22440531849861145 0.2573888897895813 -0.055648766458034515
			vertex -0.22441421449184418 0.4372183084487915 -0.06348373740911484
		endloop
	endfacet
	facet normal -0.7933476635833688 -0.026537425035029347 -0.6081901427673092
		outer loop
			vertex -0.22441421449184418 0.4372183084487915 -0.06348373740911484
			vertex -0.22440531849861145 0.2573888897895813 -0.055648766458034515
			vertex -0.22473205626010895 0.43723630905151367 -0.0630699172616005
		endloop
	endfacet
	facet normal -0.707116660924939 -0.03043497324889742 -0.7064416042715094
		outer loop
			vertex -0.22440531849861145 0.2573888897895813 -0.055648766458034515
			vertex -0.22456365823745728 0.25739577412605286 -0.05549057200551033
			vertex -0.22473205626010895 0.43723630905151367 -0.0630699172616005
		endloop
	endfacet
	facet normal -0.8467059785410553 -0.023195128350958875 -0.5315552388262356
		outer loop
			vertex -0.22456365823745728 0.25739577412605286 -0.05549057200551033
			vertex -0.22472259402275085 0.2574067711830139 -0.05523788556456566
			vertex -0.22473205626010895 0.43723630905151367 -0.0630699172616005
		endloop
	endfacet
	facet normal -0.9238852149815274 -0.01669897157939182 -0.38230518422685295
		outer loop
			vertex -0.22473205626010895 0.43723630905151367 -0.0630699172616005
			vertex -0.22472259402275085 0.2574067711830139 -0.05523788556456566
			vertex -0.22493185102939606 0.4372572898864746 -0.06258800625801086
		endloop
	endfacet
	facet normal -0.8467256796409209 -0.022708315259303252 -0.5315448766141058
		outer loop
			vertex -0.22472259402275085 0.2574067711830139 -0.05523788556456566
			vertex -0.2248019427061081 0.25741225481033325 -0.05511172115802765
			vertex -0.22493185102939606 0.4372572898864746 -0.06258800625801086
		endloop
	endfacet
	facet normal -0.9438843708929 -0.014398557271079616 -0.3299620825680218
		outer loop
			vertex -0.2248019427061081 0.25741225481033325 -0.05511172115802765
			vertex -0.22492526471614838 0.2574276030063629 -0.054759617894887924
			vertex -0.22493185102939606 0.4372572898864746 -0.06258800625801086
		endloop
	endfacet
	facet normal -0.9914460522008819 -0.005712570384821981 -0.13039207075157908
		outer loop
			vertex -0.22493185102939606 0.4372572898864746 -0.06258800625801086
			vertex -0.22492526471614838 0.2574276030063629 -0.054759617894887924
			vertex -0.22499999403953552 0.4372797906398773 -0.06207086145877838
		endloop
	endfacet
	facet normal -0.9439156200388213 -0.013803022455519154 -0.329898134001725
		outer loop
			vertex -0.22492526471614838 0.2574276030063629 -0.054759617894887924
			vertex -0.22494985163211823 0.25743064284324646 -0.05468939617276192
			vertex -0.22499999403953552 0.4372797906398773 -0.06207086145877838
		endloop
	endfacet
	facet normal -0.9937127387256962 -0.004867817921289754 -0.11185391027121677
		outer loop
			vertex -0.22499999403953552 0.4372797906398773 -0.06207086145877838
			vertex -0.22494985163211823 0.25743064284324646 -0.05468939617276192
			vertex -0.22499999403953552 0.2574499845504761 -0.05424477159976959
		endloop
	endfacet
	facet normal -0.11196705872556167 0.04320486414835581 0.9927722384687582
		outer loop
			vertex -0.22300000488758087 0.004999999888241291 -0.0002175970730604604
			vertex -0.22300000488758087 0.4391493499279022 -0.019111521542072296
			vertex -0.22344504296779633 0.4391471743583679 -0.019161619246006012
		endloop
	endfacet
	facet normal -0.11196541346426209 0.04320487391303685 0.992772423598649
		outer loop
			vertex -0.22300000488758087 0.004999999888241291 -0.0002175970730604604
			vertex -0.22344504296779633 0.4391471743583679 -0.019161619246006012
			vertex -0.22344504296779633 0.004999999888241291 -0.0002677887096069753
		endloop
	endfacet
	facet normal -0.33027645810268835 0.0410384451029779 0.9429916793093528
		outer loop
			vertex -0.22344504296779633 0.4391471743583679 -0.019161619246006012
			vertex -0.2238677740097046 0.4391407370567322 -0.019309397786855698
			vertex -0.22344504296779633 0.004999999888241291 -0.0002677887096069753
		endloop
	endfacet
	facet normal -0.3302752551179887 0.041038464716912915 0.9429920997921597
		outer loop
			vertex -0.22344504296779633 0.004999999888241291 -0.0002677887096069753
			vertex -0.2238677740097046 0.4391407370567322 -0.019309397786855698
			vertex -0.2238677740097046 0.004999999888241291 -0.0004158467927481979
		endloop
	endfacet
	facet normal -0.5320408085403647 0.03681385808265321 0.8459180326135539
		outer loop
			vertex -0.2238677740097046 0.4391407370567322 -0.019309397786855698
			vertex -0.22424697875976562 0.43913036584854126 -0.019547447562217712
			vertex -0.2238677740097046 0.004999999888241291 -0.0004158467927481979
		endloop
	endfacet
	facet normal -0.5320395410289844 0.036813894252115925 0.8459188282404297
		outer loop
			vertex -0.2238677740097046 0.004999999888241291 -0.0004158467927481979
			vertex -0.22424697875976562 0.43913036584854126 -0.019547447562217712
			vertex -0.22424697875976562 0.004999999888241291 -0.0006543471245095134
		endloop
	endfacet
	facet normal -0.707110461909102 0.03074361520073654 0.7064344447881102
		outer loop
			vertex -0.22424697875976562 0.43913036584854126 -0.019547447562217712
			vertex -0.22456365823745728 0.43911659717559814 -0.019863830879330635
			vertex -0.22424697875976562 0.004999999888241291 -0.0006543471245095134
		endloop
	endfacet
	facet normal -0.7071110944729546 0.03074358677652564 0.7064338128553691
		outer loop
			vertex -0.22424697875976562 0.004999999888241291 -0.0006543471245095134
			vertex -0.22456365823745728 0.43911659717559814 -0.019863830879330635
			vertex -0.22456365823745728 0.004999999888241291 -0.0009713302133604884
		endloop
	endfacet
	facet normal -0.8467137384712126 0.023132554148234213 0.531545604838082
		outer loop
			vertex -0.22456365823745728 0.43911659717559814 -0.019863830879330635
			vertex -0.2248019427061081 0.43910011649131775 -0.020242683589458466
			vertex -0.22456365823745728 0.004999999888241291 -0.0009713302133604884
		endloop
	endfacet
	facet normal -0.8467144768031749 0.023132501632364598 0.5315444310122668
		outer loop
			vertex -0.22456365823745728 0.004999999888241291 -0.0009713302133604884
			vertex -0.2248019427061081 0.43910011649131775 -0.020242683589458466
			vertex -0.2248019427061081 0.004999999888241291 -0.001350901322439313
		endloop
	endfacet
	facet normal -0.9438900377354891 0.014359125446769476 0.3299475900504519
		outer loop
			vertex -0.2248019427061081 0.43910011649131775 -0.020242683589458466
			vertex -0.22494985163211823 0.43908172845840454 -0.020665010437369347
			vertex -0.2248019427061081 0.004999999888241291 -0.001350901322439313
		endloop
	endfacet
	facet normal -0.9438896984316273 0.014359168667152101 0.32994855882370555
		outer loop
			vertex -0.2248019427061081 0.004999999888241291 -0.001350901322439313
			vertex -0.22494985163211823 0.43908172845840454 -0.020665010437369347
			vertex -0.22494985163211823 0.004999999888241291 -0.0017740270122885704
		endloop
	endfacet
	facet normal -0.9937126345573969 0.00486785707845793 0.11185483399684303
		outer loop
			vertex -0.22494985163211823 0.43908172845840454 -0.020665010437369347
			vertex -0.22499999403953552 0.4390623867511749 -0.021109631285071373
			vertex -0.22494985163211823 0.004999999888241291 -0.0017740270122885704
		endloop
	endfacet
	facet normal -0.9937126459843485 0.004867852563768484 0.11185473267681834
		outer loop
			vertex -0.22494985163211823 0.004999999888241291 -0.0017740270122885704
			vertex -0.22499999403953552 0.4390623867511749 -0.021109631285071373
			vertex -0.22499999403953552 0.004999999888241291 -0.002219490008428693
		endloop
	endfacet
	facet normal 0 -0.9990623367360045 0.043294887869058635
		outer loop
			vertex -0.18648235499858856 0.4072241485118866 -0.06269653886556625
			vertex -0.18700000643730164 0.4072211980819702 -0.06276462227106094
			vertex -0.1850000023841858 0.4072211980819702 -0.06276462227106094
		endloop
	endfacet
	facet normal -0.00006892736223019557 -0.9990550319984042 0.04346306808874152
		outer loop
			vertex -0.18526795506477356 0.40726467967033386 -0.06176556646823883
			vertex -0.1850000023841858 0.4072211980819702 -0.06276462227106094
			vertex -0.18506814539432526 0.4072856307029724 -0.0612836629152298
		endloop
	endfacet
	facet normal 0.0003328463665265419 -0.9990541761303458 0.04348151756565838
		outer loop
			vertex -0.1850000023841858 0.4072211980819702 -0.06276462227106094
			vertex -0.1850000023841858 0.4073081612586975 -0.06076651066541672
			vertex -0.18506814539432526 0.4072856307029724 -0.0612836629152298
		endloop
	endfacet
	facet normal 0.000045850464689602224 -0.9990536961433153 0.04349379404139342
		outer loop
			vertex -0.18526795506477356 0.40726467967033386 -0.06176556646823883
			vertex -0.18558578193187714 0.4072466492652893 -0.06217939034104347
			vertex -0.1850000023841858 0.4072211980819702 -0.06276462227106094
		endloop
	endfacet
	facet normal -0.000014845444706526452 -0.999056335113543 0.04343315610347933
		outer loop
			vertex -0.18558578193187714 0.4072466492652893 -0.06217939034104347
			vertex -0.1860000044107437 0.4072328507900238 -0.06249692663550377
			vertex -0.1850000023841858 0.4072211980819702 -0.06276462227106094
		endloop
	endfacet
	facet normal 0.000010754782141170548 -0.9990521809345193 0.043528607309620555
		outer loop
			vertex -0.1850000023841858 0.4072211980819702 -0.06276462227106094
			vertex -0.1860000044107437 0.4072328507900238 -0.06249692663550377
			vertex -0.18648235499858856 0.4072241485118866 -0.06269653886556625
		endloop
	endfacet
	facet normal 0.14653009301190845 -0.04300900474148748 -0.9882707915106408
		outer loop
			vertex -0.1850000023841858 0.37784919142723083 -0.04768209904432297
			vertex -0.1850000023841858 0.43779245018959045 -0.050290796905756
			vertex -0.1441488265991211 0.3781122863292694 -0.04163657873868942
		endloop
	endfacet
	facet normal 0.1465301811990372 -0.04300894287162141 -0.988270781127745
		outer loop
			vertex -0.1850000023841858 0.43779245018959045 -0.050290796905756
			vertex -0.1441488265991211 0.43805554509162903 -0.04424527287483215
			vertex -0.1441488265991211 0.3781122863292694 -0.04163657873868942
		endloop
	endfacet
	facet normal 0.0734636007175821 -0.043360755691938056 -0.9963548284800108
		outer loop
			vertex -0.10310282558202744 0.3783099055290222 -0.03709527105093002
			vertex -0.10310282558202744 0.43825316429138184 -0.039703965187072754
			vertex -0.061917487531900406 0.37844181060791016 -0.03406431898474693
		endloop
	endfacet
	facet normal 0.0734636007175821 -0.043360755691938056 -0.9963548284800108
		outer loop
			vertex -0.10310282558202744 0.43825316429138184 -0.039703965187072754
			vertex -0.061917487531900406 0.4383850693702698 -0.036673013120889664
			vertex -0.061917487531900406 0.37844181060791016 -0.03406431898474693
		endloop
	endfacet
	facet normal 0.03675668902192172 -0.04344885762762384 -0.9983792578890051
		outer loop
			vertex -0.061917487531900406 0.37844181060791016 -0.03406431898474693
			vertex -0.061917487531900406 0.4383850693702698 -0.036673013120889664
			vertex -0.020648464560508728 0.3785078227519989 -0.03254781663417816
		endloop
	endfacet
	facet normal 0.03675659902156612 -0.043448919700481425 -0.9983792585011114
		outer loop
			vertex -0.061917487531900406 0.4383850693702698 -0.036673013120889664
			vertex -0.020648464560508728 0.4384510815143585 -0.03515651449561119
			vertex -0.020648464560508728 0.3785078227519989 -0.03254781663417816
		endloop
	endfacet
	facet normal 0 -0.04347830025345477 -0.9990543715969971
		outer loop
			vertex -0.020648464560508728 0.3785078227519989 -0.03254781663417816
			vertex -0.020648464560508728 0.4384510815143585 -0.03515651449561119
			vertex 0.020648464560508728 0.3785078227519989 -0.03254781663417816
		endloop
	endfacet
	facet normal 0 -0.04347830025345477 -0.9990543715969971
		outer loop
			vertex -0.020648464560508728 0.4384510815143585 -0.03515651449561119
			vertex 0.020648464560508728 0.4384510815143585 -0.03515651449561119
			vertex 0.020648464560508728 0.3785078227519989 -0.03254781663417816
		endloop
	endfacet
	facet normal -0.0734636007175821 -0.043360755691938056 -0.9963548284800108
		outer loop
			vertex 0.061917487531900406 0.37844181060791016 -0.03406431898474693
			vertex 0.061917487531900406 0.4383850693702698 -0.036673013120889664
			vertex 0.10310282558202744 0.3783099055290222 -0.03709527105093002
		endloop
	endfacet
	facet normal -0.0734636007175821 -0.043360755691938056 -0.9963548284800108
		outer loop
			vertex 0.061917487531900406 0.4383850693702698 -0.036673013120889664
			vertex 0.10310282558202744 0.43825316429138184 -0.039703965187072754
			vertex 0.10310282558202744 0.3783099055290222 -0.03709527105093002
		endloop
	endfacet
	facet normal -0.11007125818018348 -0.04321405139121444 -0.9929838185413642
		outer loop
			vertex 0.10310282558202744 0.3783099055290222 -0.03709527105093002
			vertex 0.10310282558202744 0.43825316429138184 -0.039703965187072754
			vertex 0.1441488265991211 0.3781122863292694 -0.04163657873868942
		endloop
	endfacet
	facet normal -0.11007125818018348 -0.04321405139121444 -0.9929838185413642
		outer loop
			vertex 0.10310282558202744 0.43825316429138184 -0.039703965187072754
			vertex 0.1441488265991211 0.43805554509162903 -0.04424527287483215
			vertex 0.1441488265991211 0.3781122863292694 -0.04163657873868942
		endloop
	endfacet
	facet normal -0.14653009301191236 -0.043008943439580755 -0.9882707941784639
		outer loop
			vertex 0.1441488265991211 0.3781122863292694 -0.04163657873868942
			vertex 0.1441488265991211 0.43805554509162903 -0.04424527287483215
			vertex 0.1850000023841858 0.37784919142723083 -0.04768209904432297
		endloop
	endfacet
	facet normal -0.1465301811990331 -0.04300900417352733 -0.9882707784599221
		outer loop
			vertex 0.1441488265991211 0.43805554509162903 -0.04424527287483215
			vertex 0.1850000023841858 0.43779245018959045 -0.050290796905756
			vertex 0.1850000023841858 0.37784919142723083 -0.04768209904432297
		endloop
	endfacet
	facet normal 8.607262771142618e-8 0.9990543678666114 -0.04347838597094345
		outer loop
			vertex -0.1850000023841858 0.43779245018959045 -0.050290796905756
			vertex -0.1850000023841858 0.438894122838974 -0.02497635968029499
			vertex -0.1441488265991211 0.43805554509162903 -0.04424527287483215
		endloop
	endfacet
	facet normal 1.3037117350518976e-7 0.9990543719460309 -0.04347829223307912
		outer loop
			vertex -0.1850000023841858 0.438894122838974 -0.02497635968029499
			vertex -0.13901549577713013 0.43917909264564514 -0.018428118899464607
			vertex -0.1441488265991211 0.43805554509162903 -0.04424527287483215
		endloop
	endfacet
	facet normal 3.950761237618261e-7 0.9990543696597582 -0.04347834476595494
		outer loop
			vertex -0.1441488265991211 0.43805554509162903 -0.04424527287483215
			vertex -0.13901549577713013 0.43917909264564514 -0.018428118899464607
			vertex -0.10310282558202744 0.43825316429138184 -0.039703965187072754
		endloop
	endfacet
	facet normal 2.5071279097688443e-7 0.9990543590750431 -0.0434785879841095
		outer loop
			vertex -0.13901549577713013 0.43917909264564514 -0.018428118899464607
			vertex -0.09280355274677277 0.43938297033309937 -0.013743135146796703
			vertex -0.10310282558202744 0.43825316429138184 -0.039703965187072754
		endloop
	endfacet
	facet normal 2.1773525065635185e-8 0.9990543630203048 -0.04347849733020598
		outer loop
			vertex -0.10310282558202744 0.43825316429138184 -0.039703965187072754
			vertex -0.09280355274677277 0.43938297033309937 -0.013743135146796703
			vertex -0.061917487531900406 0.4383850693702698 -0.036673013120889664
		endloop
	endfacet
	facet normal 1.843105388965456e-7 0.9990543725301819 -0.04347827881012056
		outer loop
			vertex -0.09280355274677277 0.43938297033309937 -0.013743135146796703
			vertex -0.046439770609140396 0.4395054280757904 -0.010929075069725513
			vertex -0.061917487531900406 0.4383850693702698 -0.036673013120889664
		endloop
	endfacet
	facet normal -3.7512916554176147e-7 0.9990543871399531 -0.043477943100751655
		outer loop
			vertex -0.061917487531900406 0.4383850693702698 -0.036673013120889664
			vertex -0.046439770609140396 0.4395054280757904 -0.010929075069725513
			vertex -0.020648464560508728 0.4384510815143585 -0.03515651449561119
		endloop
	endfacet
	facet normal -3.230282551569933e-7 0.9990543895491497 -0.04347788774160398
		outer loop
			vertex -0.046439770609140396 0.4395054280757904 -0.010929075069725513
			vertex -1.4063027295934072e-16 0.43954628705978394 -0.009990544058382511
			vertex -0.020648464560508728 0.4384510815143585 -0.03515651449561119
		endloop
	endfacet
	facet normal -1.437448217767553e-7 0.9990543678666048 -0.04347838597094316
		outer loop
			vertex 0.1850000023841858 0.438894122838974 -0.02497635968029499
			vertex 0.1850000023841858 0.43779245018959045 -0.050290796905756
			vertex 0.13901549577713013 0.43917909264564514 -0.018428118899464607
		endloop
	endfacet
	facet normal -7.040980483391893e-8 0.9990543724639106 -0.043478280333251594
		outer loop
			vertex 0.1850000023841858 0.43779245018959045 -0.050290796905756
			vertex 0.1441488265991211 0.43805554509162903 -0.04424527287483215
			vertex 0.13901549577713013 0.43917909264564514 -0.018428118899464607
		endloop
	endfacet
	facet normal -2.2253039259178038e-7 0.9990543711500544 -0.04347831052283495
		outer loop
			vertex 0.13901549577713013 0.43917909264564514 -0.018428118899464607
			vertex 0.1441488265991211 0.43805554509162903 -0.04424527287483215
			vertex 0.09280355274677277 0.43938297033309937 -0.013743135146796703
		endloop
	endfacet
	facet normal -4.2990180458195757e-7 0.9990543559870747 -0.043478658938225064
		outer loop
			vertex 0.1441488265991211 0.43805554509162903 -0.04424527287483215
			vertex 0.10310282558202744 0.43825316429138184 -0.039703965187072754
			vertex 0.09280355274677277 0.43938297033309937 -0.013743135146796703
		endloop
	endfacet
	facet normal -2.0193697758739018e-7 0.9990543599155914 -0.04347856867017568
		outer loop
			vertex 0.09280355274677277 0.43938297033309937 -0.013743135146796703
			vertex 0.10310282558202744 0.43825316429138184 -0.039703965187072754
			vertex 0.046439770609140396 0.4395054280757904 -0.010929075069725513
		endloop
	endfacet
	facet normal 2.6088036855198856e-9 0.9990543774116291 -0.04347816664329922
		outer loop
			vertex 0.10310282558202744 0.43825316429138184 -0.039703965187072754
			vertex 0.061917487531900406 0.4383850693702698 -0.036673013120889664
			vertex 0.046439770609140396 0.4395054280757904 -0.010929075069725513
		endloop
	endfacet
	facet normal 3.212527264885094e-7 0.999054385732988 -0.04347797543100219
		outer loop
			vertex 0.046439770609140396 0.4395054280757904 -0.010929075069725513
			vertex 0.061917487531900406 0.4383850693702698 -0.036673013120889664
			vertex -1.4063027295934072e-16 0.43954628705978394 -0.009990544058382511
		endloop
	endfacet
	facet normal 3.7885033711172527e-7 0.9990543915386004 -0.04347784202664034
		outer loop
			vertex 0.061917487531900406 0.4383850693702698 -0.036673013120889664
			vertex 0.020648464560508728 0.4384510815143585 -0.03515651449561119
			vertex -1.4063027295934072e-16 0.43954628705978394 -0.009990544058382511
		endloop
	endfacet
	facet normal 0 0.9990543780366002 -0.043478152282519944
		outer loop
			vertex -1.4063027295934072e-16 0.43954628705978394 -0.009990544058382511
			vertex 0.020648464560508728 0.4384510815143585 -0.03515651449561119
			vertex -0.020648464560508728 0.4384510815143585 -0.03515651449561119
		endloop
	endfacet
	facet normal 0 0.04347817631184149 0.9990543769908606
		outer loop
			vertex 0.19496753811836243 0.43719282746315 -0.06406896561384201
			vertex 0.19496753811836243 0.3772495687007904 -0.06146027520298958
			vertex 0.2199999988079071 0.43719282746315 -0.06406896561384201
		endloop
	endfacet
	facet normal 0 0.04347817631184149 0.9990543769908605
		outer loop
			vertex 0.19496753811836243 0.3772495687007904 -0.06146027520298958
			vertex 0.21799740195274353 0.3772495687007904 -0.06146027520298958
			vertex 0.2199999988079071 0.43719282746315 -0.06406896561384201
		endloop
	endfacet
	facet normal -5.268727446167947e-8 0.04347817806870148 0.9990543769144019
		outer loop
			vertex 0.2199999988079071 0.43719282746315 -0.06406896561384201
			vertex 0.21799740195274353 0.3772495687007904 -0.06146027520298958
			vertex 0.2199999988079071 0.37924766540527344 -0.061547230929136276
		endloop
	endfacet
	facet normal -0.00000232724731118527 0.04348045344191659 0.9990542778863766
		outer loop
			vertex 0.21799740195274353 0.3772495687007904 -0.06146027520298958
			vertex 0.21844302117824554 0.3772996664047241 -0.06146245449781418
			vertex 0.2199999988079071 0.37924766540527344 -0.061547230929136276
		endloop
	endfacet
	facet normal -0.0000020414934068962776 0.04348022547912371 0.9990542878082838
		outer loop
			vertex 0.21844302117824554 0.3772996664047241 -0.06146245449781418
			vertex 0.21886630356311798 0.3774474263191223 -0.061468884348869324
			vertex 0.2199999988079071 0.37924766540527344 -0.061547230929136276
		endloop
	endfacet
	facet normal -0.000001754165832492309 0.043480044877525166 0.9990542956688448
		outer loop
			vertex 0.2199999988079071 0.37924766540527344 -0.061547230929136276
			vertex 0.21886630356311798 0.3774474263191223 -0.061468884348869324
			vertex 0.2192460000514984 0.3776854872703552 -0.061479244381189346
		endloop
	endfacet
	facet normal -0.0000021906151316967708 0.04348025513526655 0.999054286517291
		outer loop
			vertex 0.2192460000514984 0.3776854872703552 -0.061479244381189346
			vertex 0.2195630967617035 0.378001868724823 -0.06149301305413246
			vertex 0.2199999988079071 0.37924766540527344 -0.061547230929136276
		endloop
	endfacet
	facet normal 0.00000438258603498295 0.04347795426515042 0.9990543866445463
		outer loop
			vertex 0.2195630967617035 0.378001868724823 -0.06149301305413246
			vertex 0.21980167925357819 0.3783807158470154 -0.061509501188993454
			vertex 0.2199999988079071 0.37924766540527344 -0.061547230929136276
		endloop
	endfacet
	facet normal 0.000015330668904021657 0.04347545455953302 0.999054495318355
		outer loop
			vertex 0.2199999988079071 0.37924766540527344 -0.061547230929136276
			vertex 0.21980167925357819 0.3783807158470154 -0.061509501188993454
			vertex 0.21994979679584503 0.3788030445575714 -0.061527881771326065
		endloop
	endfacet
	facet normal -0.9987034499083809 0.002213296164848433 0.050857845620758735
		outer loop
			vertex 0.17637108266353607 0.36138713359832764 -0.42595145106315613
			vertex 0.19496753811836243 0.3772495687007904 -0.06146027520298958
			vertex 0.17637108266353607 0.42133039236068726 -0.42856013774871826
		endloop
	endfacet
	facet normal -0.9987034498819796 0.0022132993420531134 0.050857846000935465
		outer loop
			vertex 0.19496753811836243 0.3772495687007904 -0.06146027520298958
			vertex 0.19496753811836243 0.43719282746315 -0.06406896561384201
			vertex 0.17637108266353607 0.42133039236068726 -0.42856013774871826
		endloop
	endfacet
	facet normal 0 0.9990543741578284 -0.04347824141004415
		outer loop
			vertex 0.19496753811836243 0.43719282746315 -0.06406896561384201
			vertex 0.2199999988079071 0.43719282746315 -0.06406896561384201
			vertex 0.17637108266353607 0.42133039236068726 -0.42856013774871826
		endloop
	endfacet
	facet normal 5.107654060359268e-7 0.9990543715020513 -0.04347830243213654
		outer loop
			vertex 0.2199999988079071 0.43719282746315 -0.06406896561384201
			vertex 0.2018096148967743 0.42167675495147705 -0.4206010401248932
			vertex 0.17637108266353607 0.42133039236068726 -0.42856013774871826
		endloop
	endfacet
	facet normal -0.29885898354906704 -0.04149104646786765 -0.9533948819953986
		outer loop
			vertex -0.17637108266353607 0.42133039236068726 -0.42856013774871826
			vertex -0.17637108266353607 0.36138713359832764 -0.42595145106315613
			vertex -0.2018096148967743 0.42167675495147705 -0.4206010401248932
		endloop
	endfacet
	facet normal -0.2988601079936532 -0.04149155415620872 -0.9533945074226746
		outer loop
			vertex -0.17637108266353607 0.36138713359832764 -0.42595145106315613
			vertex -0.19977453351020813 0.3617057800292969 -0.4186290502548218
			vertex -0.2018096148967743 0.42167675495147705 -0.4206010401248932
		endloop
	endfacet
	facet normal -0.2988559075713081 -0.041491455055120544 -0.953395828429692
		outer loop
			vertex -0.2018096148967743 0.42167675495147705 -0.4206010401248932
			vertex -0.19977453351020813 0.3617057800292969 -0.4186290502548218
			vertex -0.2018096148967743 0.36373159289360046 -0.41807928681373596
		endloop
	endfacet
	facet normal -0.29886038064215514 -0.04149638736431577 -0.9533942116030162
		outer loop
			vertex -0.19977453351020813 0.3617057800292969 -0.4186290502548218
			vertex -0.20022737979888916 0.36176204681396484 -0.418489545583725
			vertex -0.2018096148967743 0.36373159289360046 -0.41807928681373596
		endloop
	endfacet
	facet normal -0.29886537908118965 -0.04150076896983711 -0.9533924540091394
		outer loop
			vertex -0.20022737979888916 0.36176204681396484 -0.418489545583725
			vertex -0.20065751671791077 0.3619156777858734 -0.4183613955974579
			vertex -0.2018096148967743 0.36373159289360046 -0.41807928681373596
		endloop
	endfacet
	facet normal -0.29882644793270646 -0.04147399249086435 -0.9534058222828249
		outer loop
			vertex -0.2018096148967743 0.36373159289360046 -0.41807928681373596
			vertex -0.20065751671791077 0.3619156777858734 -0.4183613955974579
			vertex -0.20104338228702545 0.36215898394584656 -0.41825103759765625
		endloop
	endfacet
	facet normal -0.29886251759071564 -0.04149289153810351 -0.953393693880522
		outer loop
			vertex -0.20104338228702545 0.36215898394584656 -0.41825103759765625
			vertex -0.2013656198978424 0.3624797463417053 -0.4181639850139618
			vertex -0.2018096148967743 0.36373159289360046 -0.41807928681373596
		endloop
	endfacet
	facet normal -0.2988189585264901 -0.04147647023660087 -0.9534080618716502
		outer loop
			vertex -0.2013656198978424 0.3624797463417053 -0.4181639850139618
			vertex -0.2016080766916275 0.36286190152168274 -0.4181046187877655
			vertex -0.2018096148967743 0.36373159289360046 -0.41807928681373596
		endloop
	endfacet
	facet normal -0.2985968475926207 -0.04142290459261507 -0.9534799764981226
		outer loop
			vertex -0.2018096148967743 0.36373159289360046 -0.41807928681373596
			vertex -0.2016080766916275 0.36286190152168274 -0.4181046187877655
			vertex -0.20175859332084656 0.3632862865924835 -0.41807591915130615
		endloop
	endfacet
	facet normal -1 0 0
		outer loop
			vertex -0.1850000023841858 0.4072211980819702 -0.06276462227106094
			vertex -0.1850000023841858 0.40782082080841064 -0.04898644983768463
			vertex -0.1850000023841858 0.43219754099845886 -0.06385158002376556
		endloop
	endfacet
	facet normal -1 0 0
		outer loop
			vertex -0.1850000023841858 0.40782082080841064 -0.04898644983768463
			vertex -0.1850000023841858 0.4327971637248993 -0.05007340386509895
			vertex -0.1850000023841858 0.43219754099845886 -0.06385158002376556
		endloop
	endfacet
	facet normal -0.9987034537257803 -0.00221331682813313 -0.05085776975858185
		outer loop
			vertex -0.19128765165805817 0.4040822982788086 -0.1348906308412552
			vertex -0.19496753811836243 0.4072211980819702 -0.06276462227106094
			vertex -0.19128765165805817 0.42905867099761963 -0.1359775960445404
		endloop
	endfacet
	facet normal -0.9987034539461683 -0.002213304133657687 -0.050857765983236485
		outer loop
			vertex -0.19496753811836243 0.4072211980819702 -0.06276462227106094
			vertex -0.19496753811836243 0.43219754099845886 -0.06385158002376556
			vertex -0.19128765165805817 0.42905867099761963 -0.1359775960445404
		endloop
	endfacet
	facet normal 0 -0.9990543623744749 0.043478512170170305
		outer loop
			vertex -0.19496753811836243 0.4072211980819702 -0.06276462227106094
			vertex -0.19128765165805817 0.4040822982788086 -0.1348906308412552
			vertex -0.1850000023841858 0.4072211980819702 -0.06276462227106094
		endloop
	endfacet
	facet normal -1.6957774028586268e-7 -0.9990543617323213 0.0434785269253151
		outer loop
			vertex -0.19128765165805817 0.4040822982788086 -0.1348906308412552
			vertex -0.10416243225336075 0.4082772731781006 -0.038497697561979294
			vertex -0.1850000023841858 0.4072211980819702 -0.06276462227106094
		endloop
	endfacet
	facet normal 4.287513721597312e-7 -0.9990544483072756 0.04347653754913686
		outer loop
			vertex -0.10416243225336075 0.4082772731781006 -0.038497697561979294
			vertex -0.13119032979011536 0.4081534743309021 -0.041342224925756454
			vertex -0.1850000023841858 0.4072211980819702 -0.06276462227106094
		endloop
	endfacet
	facet normal -6.365093947878057e-7 -0.9990543320805372 0.043479208257589635
		outer loop
			vertex -0.13119032979011536 0.4081534743309021 -0.041342224925756454
			vertex -0.15814144909381866 0.4080013036727905 -0.04483915865421295
			vertex -0.1850000023841858 0.4072211980819702 -0.06276462227106094
		endloop
	endfacet
	facet normal -2.3222807856319332e-7 -0.999054358393304 0.04347860364926423
		outer loop
			vertex -0.1850000023841858 0.4072211980819702 -0.06276462227106094
			vertex -0.15814144909381866 0.4080013036727905 -0.04483915865421295
			vertex -0.1850000023841858 0.40782082080841064 -0.04898644983768463
		endloop
	endfacet
	facet normal 0.9987034527470643 -0.002213287378044281 -0.05085779025945423
		outer loop
			vertex 0.18004745244979858 0.3944946229457855 -0.35519877076148987
			vertex 0.17560650408267975 0.3907065689563751 -0.4422416090965271
			vertex 0.18004745244979858 0.41947099566459656 -0.3562857210636139
		endloop
	endfacet
	facet normal 0.9987034527470643 -0.002213287378044281 -0.05085779025945423
		outer loop
			vertex 0.17560650408267975 0.3907065689563751 -0.4422416090965271
			vertex 0.17560650408267975 0.41568294167518616 -0.4433285593986511
			vertex 0.18004745244979858 0.41947099566459656 -0.3562857210636139
		endloop
	endfacet
	facet normal 0 -0.9990543729753626 0.04347826858104499
		outer loop
			vertex 0.08356328308582306 0.3907065689563751 -0.4422416090965271
			vertex 0.17560650408267975 0.3907065689563751 -0.4422416090965271
			vertex 0.18004745244979858 0.3944946229457855 -0.35519877076148987
		endloop
	endfacet
	facet normal 0 0.9990543729753626 -0.04347826858104499
		outer loop
			vertex 0.17560650408267975 0.41568294167518616 -0.4433285593986511
			vertex 0.08356328308582306 0.41568294167518616 -0.4433285593986511
			vertex 0.18004745244979858 0.41947099566459656 -0.3562857210636139
		endloop
	endfacet
	facet normal 0.1527446794500535 0.04296800300588678 0.987331157017435
		outer loop
			vertex 0.1850000023841858 0.40782082080841064 -0.04898644983768463
			vertex 0.1850000023841858 0.4327971637248993 -0.05007340386509895
			vertex 0.15814144909381866 0.4329776465892792 -0.04592611640691757
		endloop
	endfacet
	facet normal 0.15274481319817193 0.04296814909188632 0.9873311299683977
		outer loop
			vertex 0.1850000023841858 0.40782082080841064 -0.04898644983768463
			vertex 0.15814144909381866 0.4329776465892792 -0.04592611640691757
			vertex 0.15814144909381866 0.4080013036727905 -0.04483915865421295
		endloop
	endfacet
	facet normal 0.1287921626218741 0.043116233907453456 0.9907338538784362
		outer loop
			vertex 0.15814144909381866 0.4329776465892792 -0.04592611640691757
			vertex 0.13119032979011536 0.43312984704971313 -0.042429182678461075
			vertex 0.15814144909381866 0.4080013036727905 -0.04483915865421295
		endloop
	endfacet
	facet normal 0.12879211573517696 0.04311618282228349 0.9907338621967517
		outer loop
			vertex 0.15814144909381866 0.4080013036727905 -0.04483915865421295
			vertex 0.13119032979011536 0.43312984704971313 -0.042429182678461075
			vertex 0.13119032979011536 0.4081534743309021 -0.041342224925756454
		endloop
	endfacet
	facet normal 0.10476405374011978 0.043239030336263126 0.9935566814729381
		outer loop
			vertex 0.13119032979011536 0.43312984704971313 -0.042429182678461075
			vertex 0.10416243225336075 0.4332536458969116 -0.039584655314683914
			vertex 0.13119032979011536 0.4081534743309021 -0.041342224925756454
		endloop
	endfacet
	facet normal 0.10476405374011978 0.043239030336263126 0.9935566814729381
		outer loop
			vertex 0.13119032979011536 0.4081534743309021 -0.041342224925756454
			vertex 0.10416243225336075 0.4332536458969116 -0.039584655314683914
			vertex 0.10416243225336075 0.4082772731781006 -0.038497697561979294
		endloop
	endfacet
	facet normal 0.9892824651809022 -0.12640941915114595 0.07308120712924127
		outer loop
			vertex 0.22940590977668762 0.442119836807251 -0.019854960963129997
			vertex 0.22923067212104797 0.4422314763069153 -0.01728970743715763
			vertex 0.22931839525699615 0.44145476818084717 -0.019820675253868103
		endloop
	endfacet
	facet normal 0.9892838559828191 -0.12640015082881864 0.07307841105427174
		outer loop
			vertex 0.22923067212104797 0.4422314763069153 -0.01728970743715763
			vertex 0.22913043200969696 0.4414548873901367 -0.01727595552802086
			vertex 0.22931839525699615 0.44145476818084717 -0.019820675253868103
		endloop
	endfacet
	facet normal 0.9892792533899578 -0.12643636379732323 0.07307807278465045
		outer loop
			vertex 0.22931839525699615 0.44145476818084717 -0.019820675253868103
			vertex 0.22913043200969696 0.4414548873901367 -0.01727595552802086
			vertex 0.22930386662483215 0.44134438037872314 -0.019814984872937202
		endloop
	endfacet
	facet normal 0.9228590016520185 -0.37685610191506225 0.0794401757250327
		outer loop
			vertex 0.22930386662483215 0.44134438037872314 -0.019814984872937202
			vertex 0.22913043200969696 0.4414548873901367 -0.01727595552802086
			vertex 0.22909004986286163 0.44082826375961304 -0.019779473543167114
		endloop
	endfacet
	facet normal 0.9228556045206944 -0.3768639929347263 0.07944220562168838
		outer loop
			vertex 0.22913043200969696 0.4414548873901367 -0.01727595552802086
			vertex 0.2288365364074707 0.4407294690608978 -0.01730315573513508
			vertex 0.22909004986286163 0.44082826375961304 -0.019779473543167114
		endloop
	endfacet
	facet normal 0.922843813406139 -0.37689336689138836 0.07943982660661478
		outer loop
			vertex 0.22909004986286163 0.44082826375961304 -0.019779473543167114
			vertex 0.2288365364074707 0.4407294690608978 -0.01730315573513508
			vertex 0.22900472581386566 0.44062232971191406 -0.019765304401516914
		endloop
	endfacet
	facet normal 0.7939567309553014 -0.6026268994150947 0.08045824676265505
		outer loop
			vertex 0.22900472581386566 0.44062232971191406 -0.019765304401516914
			vertex 0.2288365364074707 0.4407294690608978 -0.01730315573513508
			vertex 0.22873270511627197 0.44026821851730347 -0.019733291119337082
		endloop
	endfacet
	facet normal 0.7939541596949067 -0.6026301889879903 0.08045898099935012
		outer loop
			vertex 0.2288365364074707 0.4407294690608978 -0.01730315573513508
			vertex 0.22836901247501373 0.4401046633720398 -0.017369452863931656
			vertex 0.22873270511627197 0.44026821851730347 -0.019733291119337082
		endloop
	endfacet
	facet normal 0.7939833469573527 -0.6025907695570673 0.08046619910883028
		outer loop
			vertex 0.22873270511627197 0.44026821851730347 -0.019733291119337082
			vertex 0.22836901247501373 0.4401046633720398 -0.017369452863931656
			vertex 0.22852885723114014 0.44000282883644104 -0.019709300249814987
		endloop
	endfacet
	facet normal 0.6104868761838527 -0.7883700297971246 0.07601624908506467
		outer loop
			vertex 0.22852885723114014 0.44000282883644104 -0.019709300249814987
			vertex 0.22836901247501373 0.4401046633720398 -0.017369452863931656
			vertex 0.22826318442821503 0.4397995173931122 -0.019684238359332085
		endloop
	endfacet
	facet normal 0.610523383769838 -0.7883422719741251 0.07601092085287438
		outer loop
			vertex 0.22836901247501373 0.4401046633720398 -0.017369452863931656
			vertex 0.2277597337961197 0.439623087644577 -0.017470328137278557
			vertex 0.22826318442821503 0.4397995173931122 -0.019684238359332085
		endloop
	endfacet
	facet normal 0.6105337496771273 -0.7883339528844341 0.07601394105550621
		outer loop
			vertex 0.22826318442821503 0.4397995173931122 -0.019684238359332085
			vertex 0.2277597337961197 0.439623087644577 -0.017470328137278557
			vertex 0.2279086858034134 0.4395281970500946 -0.019650792703032494
		endloop
	endfacet
	facet normal 0.3846229498170181 -0.9206867097064992 0.06634130722164103
		outer loop
			vertex 0.2279086858034134 0.4395281970500946 -0.019650792703032494
			vertex 0.2277597337961197 0.439623087644577 -0.017470328137278557
			vertex 0.22770270705223083 0.43944332003593445 -0.01963452808558941
		endloop
	endfacet
	facet normal 0.3845358878230777 -0.92072269490849 0.06634659039140925
		outer loop
			vertex 0.2277597337961197 0.439623087644577 -0.017470328137278557
			vertex 0.22705021500587463 0.4393174946308136 -0.017598910257220268
			vertex 0.22770270705223083 0.43944332003593445 -0.01963452808558941
		endloop
	endfacet
	facet normal 0.3845038671702303 -0.9207368702055126 0.06633545036626474
		outer loop
			vertex 0.22770270705223083 0.43944332003593445 -0.01963452808558941
			vertex 0.22705021500587463 0.4393174946308136 -0.017598910257220268
			vertex 0.22718648612499237 0.43923068046569824 -0.019593767821788788
		endloop
	endfacet
	facet normal 0.13129450120043457 -0.9899759501921606 0.0520516281748976
		outer loop
			vertex 0.22718648612499237 0.43923068046569824 -0.019593767821788788
			vertex 0.22705021500587463 0.4393174946308136 -0.017598910257220268
			vertex 0.22707615792751312 0.4392164349555969 -0.019586414098739624
		endloop
	endfacet
	facet normal 0.131306786427029 -0.9899743167351124 0.052051705476902695
		outer loop
			vertex 0.22705021500587463 0.4393174946308136 -0.017598910257220268
			vertex 0.2262887954711914 0.4392087459564209 -0.01774643361568451
			vertex 0.22707615792751312 0.4392164349555969 -0.019586414098739624
		endloop
	endfacet
	facet normal 0.1313024105311586 -0.9899749957317804 0.052049830110855205
		outer loop
			vertex 0.22707615792751312 0.4392164349555969 -0.019586414098739624
			vertex 0.2262887954711914 0.4392087459564209 -0.01774643361568451
			vertex 0.22641146183013916 0.43913060426712036 -0.019542111083865166
		endloop
	endfacet
	facet normal 0.939289399113386 -0.11551967016914273 0.3230953891921499
		outer loop
			vertex 0.22923067212104797 0.4422314763069153 -0.01728970743715763
			vertex 0.2284059077501297 0.4423374533653259 -0.014854095876216888
			vertex 0.22913043200969696 0.4414548873901367 -0.01727595552802086
		endloop
	endfacet
	facet normal 0.9392859556943439 -0.11553496233256422 0.323099931776805
		outer loop
			vertex 0.2284059077501297 0.4423374533653259 -0.014854095876216888
			vertex 0.2283140867948532 0.4415597915649414 -0.014865241013467312
			vertex 0.22913043200969696 0.4414548873901367 -0.01727595552802086
		endloop
	endfacet
	facet normal 0.8762170683573467 -0.36671407911341497 0.31267304536729285
		outer loop
			vertex 0.22913043200969696 0.4414548873901367 -0.01727595552802086
			vertex 0.2283140867948532 0.4415597915649414 -0.014865241013467312
			vertex 0.2288365364074707 0.4407294690608978 -0.01730315573513508
		endloop
	endfacet
	facet normal 0.8762147466658874 -0.36671870681793584 0.3126741239613794
		outer loop
			vertex 0.2283140867948532 0.4415597915649414 -0.014865241013467312
			vertex 0.22804491221904755 0.4408312141895294 -0.014965435490012169
			vertex 0.2288365364074707 0.4407294690608978 -0.01730315573513508
		endloop
	endfacet
	facet normal 0.7538291674818619 -0.5938974454835733 0.28111814331645174
		outer loop
			vertex 0.2288365364074707 0.4407294690608978 -0.01730315573513508
			vertex 0.22804491221904755 0.4408312141895294 -0.014965435490012169
			vertex 0.22836901247501373 0.4401046633720398 -0.017369452863931656
		endloop
	endfacet
	facet normal 0.753837553206027 -0.5938876653809173 0.2811163180691474
		outer loop
			vertex 0.22804491221904755 0.4408312141895294 -0.014965435490012169
			vertex 0.22761671245098114 0.4402013421058655 -0.015147851780056953
			vertex 0.22836901247501373 0.4401046633720398 -0.017369452863931656
		endloop
	endfacet
	facet normal 0.5796696980427282 -0.7816273501065879 0.23030789551469105
		outer loop
			vertex 0.22836901247501373 0.4401046633720398 -0.017369452863931656
			vertex 0.22761671245098114 0.4402013421058655 -0.015147851780056953
			vertex 0.2277597337961197 0.439623087644577 -0.017470328137278557
		endloop
	endfacet
	facet normal 0.57967042651015 -0.7816268344712267 0.23030781199088818
		outer loop
			vertex 0.22761671245098114 0.4402013421058655 -0.015147851780056953
			vertex 0.22705867886543274 0.43971318006515503 -0.015400057658553123
			vertex 0.2277597337961197 0.439623087644577 -0.017470328137278557
		endloop
	endfacet
	facet normal 0.3651044682595885 -0.9164935598031729 0.163518445736837
		outer loop
			vertex 0.2277597337961197 0.439623087644577 -0.017470328137278557
			vertex 0.22705867886543274 0.43971318006515503 -0.015400057658553123
			vertex 0.22705021500587463 0.4393174946308136 -0.017598910257220268
		endloop
	endfacet
	facet normal 0.365094323979605 -0.9164974684657455 0.16351918815158994
		outer loop
			vertex 0.22705867886543274 0.43971318006515503 -0.015400057658553123
			vertex 0.22640883922576904 0.43939992785453796 -0.015704866498708725
			vertex 0.22705021500587463 0.4393174946308136 -0.017598910257220268
		endloop
	endfacet
	facet normal 0.12467034140761404 -0.9885299450134009 0.08523997762266007
		outer loop
			vertex 0.22705021500587463 0.4393174946308136 -0.017598910257220268
			vertex 0.22640883922576904 0.43939992785453796 -0.015704866498708725
			vertex 0.2262887954711914 0.4392087459564209 -0.01774643361568451
		endloop
	endfacet
	facet normal 0.12466383777305237 -0.9885307259290206 0.08524043316371668
		outer loop
			vertex 0.22640883922576904 0.43939992785453796 -0.015704866498708725
			vertex 0.22571146488189697 0.43928295373916626 -0.016041504219174385
			vertex 0.2262887954711914 0.4392087459564209 -0.01774643361568451
		endloop
	endfacet
	facet normal 0.8270754249046292 -0.1055676871324981 0.5520884937691803
		outer loop
			vertex 0.2284059077501297 0.4423374533653259 -0.014854095876216888
			vertex 0.22698622941970825 0.4424307942390442 -0.012709449045360088
			vertex 0.2283140867948532 0.4415597915649414 -0.014865241013467312
		endloop
	endfacet
	facet normal 0.8270801598893963 -0.10555087015841313 0.552084615730354
		outer loop
			vertex 0.22698622941970825 0.4424307942390442 -0.012709449045360088
			vertex 0.22690893709659576 0.44165217876434326 -0.01274251751601696
			vertex 0.2283140867948532 0.4415597915649414 -0.014865241013467312
		endloop
	endfacet
	facet normal 0.771541270702837 -0.3574224278779376 0.5262825055539017
		outer loop
			vertex 0.2283140867948532 0.4415597915649414 -0.014865241013467312
			vertex 0.22690893709659576 0.44165217876434326 -0.01274251751601696
			vertex 0.22804491221904755 0.4408312141895294 -0.014965435490012169
		endloop
	endfacet
	facet normal 0.7715463880213262 -0.35741277823001444 0.5262815568582541
		outer loop
			vertex 0.22690893709659576 0.44165217876434326 -0.01274251751601696
			vertex 0.22668230533599854 0.44092077016830444 -0.012906988151371479
			vertex 0.22804491221904755 0.4408312141895294 -0.014965435490012169
		endloop
	endfacet
	facet normal 0.6637854227243766 -0.5858903990699545 0.46488853809947855
		outer loop
			vertex 0.22804491221904755 0.4408312141895294 -0.014965435490012169
			vertex 0.22668230533599854 0.44092077016830444 -0.012906988151371479
			vertex 0.22761671245098114 0.4402013421058655 -0.015147851780056953
		endloop
	endfacet
	facet normal 0.6637646107517444 -0.5859146781794383 0.4648876546085845
		outer loop
			vertex 0.22668230533599854 0.44092077016830444 -0.012906988151371479
			vertex 0.22632178664207458 0.4402864873409271 -0.013191650621592999
			vertex 0.22761671245098114 0.4402013421058655 -0.015147851780056953
		endloop
	endfacet
	facet normal 0.5104189597416242 -0.7754764440624456 0.37162988340625014
		outer loop
			vertex 0.22761671245098114 0.4402013421058655 -0.015147851780056953
			vertex 0.22632178664207458 0.4402864873409271 -0.013191650621592999
			vertex 0.22705867886543274 0.43971318006515503 -0.015400057658553123
		endloop
	endfacet
	facet normal 0.5104334775584257 -0.7754658808721787 0.37163198542475856
		outer loop
			vertex 0.22632178664207458 0.4402864873409271 -0.013191650621592999
			vertex 0.22585196793079376 0.4397925138473511 -0.013577108271420002
			vertex 0.22705867886543274 0.43971318006515503 -0.015400057658553123
		endloop
	endfacet
	facet normal 0.32148009988205595 -0.912624239345475 0.2525223616611339
		outer loop
			vertex 0.22705867886543274 0.43971318006515503 -0.015400057658553123
			vertex 0.22585196793079376 0.4397925138473511 -0.013577108271420002
			vertex 0.22640883922576904 0.43939992785453796 -0.015704866498708725
		endloop
	endfacet
	facet normal 0.32148625267415903 -0.9126217532975727 0.25252351326082734
		outer loop
			vertex 0.22585196793079376 0.4397925138473511 -0.013577108271420002
			vertex 0.22530482709407806 0.439472496509552 -0.01403709128499031
			vertex 0.22640883922576904 0.43939992785453796 -0.015704866498708725
		endloop
	endfacet
	facet normal 0.10977551656376627 -0.9872084674026447 0.11562343123986471
		outer loop
			vertex 0.22640883922576904 0.43939992785453796 -0.015704866498708725
			vertex 0.22530482709407806 0.439472496509552 -0.01403709128499031
			vertex 0.22571146488189697 0.43928295373916626 -0.016041504219174385
		endloop
	endfacet
	facet normal 0.10977102268876371 -0.9872090672352103 0.1156225762835659
		outer loop
			vertex 0.22530482709407806 0.439472496509552 -0.01403709128499031
			vertex 0.22471769154071808 0.4393482804298401 -0.014540252275764942
			vertex 0.22571146488189697 0.43928295373916626 -0.016041504219174385
		endloop
	endfacet
	facet normal 0.6600852400410282 -0.09716167461080175 0.7448805842997942
		outer loop
			vertex 0.22698622941970825 0.4424307942390442 -0.012709449045360088
			vertex 0.2250656932592392 0.4425053000450134 -0.010997823439538479
			vertex 0.22690893709659576 0.44165217876434326 -0.01274251751601696
		endloop
	endfacet
	facet normal 0.6600837678793826 -0.09716629163480697 0.7448812866169326
		outer loop
			vertex 0.2250656932592392 0.4425053000450134 -0.010997823439538479
			vertex 0.225008025765419 0.4417259097099304 -0.011048388667404652
			vertex 0.22690893709659576 0.44165217876434326 -0.01274251751601696
		endloop
	endfacet
	facet normal 0.615762038728343 -0.3495854014398465 0.7061353685811638
		outer loop
			vertex 0.22690893709659576 0.44165217876434326 -0.01274251751601696
			vertex 0.225008025765419 0.4417259097099304 -0.011048388667404652
			vertex 0.22668230533599854 0.44092077016830444 -0.012906988151371479
		endloop
	endfacet
	facet normal 0.6157644397024662 -0.34958081592453244 0.7061355450162853
		outer loop
			vertex 0.225008025765419 0.4417259097099304 -0.011048388667404652
			vertex 0.2248389571905136 0.4409922659397125 -0.011264156550168991
			vertex 0.22668230533599854 0.44092077016830444 -0.012906988151371479
		endloop
	endfacet
	facet normal 0.5297471902400899 -0.5791799827699872 0.6196115412024598
		outer loop
			vertex 0.22668230533599854 0.44092077016830444 -0.012906988151371479
			vertex 0.2248389571905136 0.4409922659397125 -0.011264156550168991
			vertex 0.22632178664207458 0.4402864873409271 -0.013191650621592999
		endloop
	endfacet
	facet normal 0.5297466204350685 -0.5791806942077461 0.6196113633517842
		outer loop
			vertex 0.2248389571905136 0.4409922659397125 -0.011264156550168991
			vertex 0.22457000613212585 0.44035443663597107 -0.011630422435700893
			vertex 0.22632178664207458 0.4402864873409271 -0.013191650621592999
		endloop
	endfacet
	facet normal 0.4073705412850363 -0.77028869069129 0.49061652549240037
		outer loop
			vertex 0.22632178664207458 0.4402864873409271 -0.013191650621592999
			vertex 0.22457000613212585 0.44035443663597107 -0.011630422435700893
			vertex 0.22585196793079376 0.4397925138473511 -0.013577108271420002
		endloop
	endfacet
	facet normal 0.40738152763421215 -0.770279890257594 0.4906212200946516
		outer loop
			vertex 0.22457000613212585 0.44035443663597107 -0.011630422435700893
			vertex 0.22421950101852417 0.43985581398010254 -0.012122226879000664
			vertex 0.22585196793079376 0.4397925138473511 -0.013577108271420002
		endloop
	endfacet
	facet normal 0.25657807090608564 -0.9093605253089766 0.3274616443797564
		outer loop
			vertex 0.22585196793079376 0.4397925138473511 -0.013577108271420002
			vertex 0.22421950101852417 0.43985581398010254 -0.012122226879000664
			vertex 0.22530482709407806 0.439472496509552 -0.01403709128499031
		endloop
	endfacet
	facet normal 0.25655489854249536 -0.9093710349499483 0.3274506143342989
		outer loop
			vertex 0.22421950101852417 0.43985581398010254 -0.012122226879000664
			vertex 0.2238113284111023 0.4395304322242737 -0.012706052511930466
			vertex 0.22530482709407806 0.439472496509552 -0.01403709128499031
		endloop
	endfacet
	facet normal 0.08760234165544656 -0.9860952492626289 0.1412161078565628
		outer loop
			vertex 0.22530482709407806 0.439472496509552 -0.01403709128499031
			vertex 0.2238113284111023 0.4395304322242737 -0.012706052511930466
			vertex 0.22471769154071808 0.4393482804298401 -0.014540252275764942
		endloop
	endfacet
	facet normal 0.08759768485557042 -0.9860959820663739 0.14121387948958053
		outer loop
			vertex 0.2238113284111023 0.4395304322242737 -0.012706052511930466
			vertex 0.22337330877780914 0.43940043449401855 -0.0133421141654253
			vertex 0.22471769154071808 0.4393482804298401 -0.014540252275764942
		endloop
	endfacet
	facet normal 0.4493699933230185 -0.09090667396645531 0.8887083805890588
		outer loop
			vertex 0.2250656932592392 0.4425053000450134 -0.010997823439538479
			vertex 0.22277149558067322 0.4425559937953949 -0.009832590818405151
			vertex 0.225008025765419 0.4417259097099304 -0.011048388667404652
		endloop
	endfacet
	facet normal 0.44936991686826977 -0.09090690236493061 0.8887083958848467
		outer loop
			vertex 0.22277149558067322 0.4425559937953949 -0.009832590818405151
			vertex 0.22273728251457214 0.4417760968208313 -0.009895067662000656
			vertex 0.225008025765419 0.4417259097099304 -0.011048388667404652
		endloop
	endfacet
	facet normal 0.4191980851968575 -0.3437421483393519 0.84030607567858
		outer loop
			vertex 0.225008025765419 0.4417259097099304 -0.011048388667404652
			vertex 0.22273728251457214 0.4417760968208313 -0.009895067662000656
			vertex 0.2248389571905136 0.4409922659397125 -0.011264156550168991
		endloop
	endfacet
	facet normal 0.4191915044448961 -0.3437557842092107 0.840303780441297
		outer loop
			vertex 0.22273728251457214 0.4417760968208313 -0.009895067662000656
			vertex 0.22263696789741516 0.441040962934494 -0.010145757347345352
			vertex 0.2248389571905136 0.4409922659397125 -0.011264156550168991
		endloop
	endfacet
	facet normal 0.3606336382203589 -0.5741565042852084 0.7350426433690339
		outer loop
			vertex 0.2248389571905136 0.4409922659397125 -0.011264156550168991
			vertex 0.22263696789741516 0.441040962934494 -0.010145757347345352
			vertex 0.22457000613212585 0.44035443663597107 -0.011630422435700893
		endloop
	endfacet
	facet normal 0.3606433661408301 -0.5741424806684613 0.7350488244671076
		outer loop
			vertex 0.22263696789741516 0.441040962934494 -0.010145757347345352
			vertex 0.22247739136219025 0.4404006898403168 -0.010567576624453068
			vertex 0.22457000613212585 0.44035443663597107 -0.011630422435700893
		endloop
	endfacet
	facet normal 0.2773333332726254 -0.7664168107120746 0.5793888974720064
		outer loop
			vertex 0.22457000613212585 0.44035443663597107 -0.011630422435700893
			vertex 0.22247739136219025 0.4404006898403168 -0.010567576624453068
			vertex 0.22421950101852417 0.43985581398010254 -0.012122226879000664
		endloop
	endfacet
	facet normal 0.27731911438473333 -0.7664304001884478 0.5793777269310956
		outer loop
			vertex 0.22247739136219025 0.4404006898403168 -0.010567576624453068
			vertex 0.2222694307565689 0.43989893794059753 -0.011131779290735722
			vertex 0.22421950101852417 0.43985581398010254 -0.012122226879000664
		endloop
	endfacet
	facet normal 0.17465162111424684 -0.9069373025870536 0.3833556317810982
		outer loop
			vertex 0.22421950101852417 0.43985581398010254 -0.012122226879000664
			vertex 0.2222694307565689 0.43989893794059753 -0.011131779290735722
			vertex 0.2238113284111023 0.4395304322242737 -0.012706052511930466
		endloop
	endfacet
	facet normal 0.17467471616076508 -0.9069245545101213 0.38337526780006864
		outer loop
			vertex 0.2222694307565689 0.43989893794059753 -0.011131779290735722
			vertex 0.2220272570848465 0.4395698606967926 -0.011799914762377739
			vertex 0.2238113284111023 0.4395304322242737 -0.012706052511930466
		endloop
	endfacet
	facet normal 0.059640683715169875 -0.9852654506851435 0.16029653936435542
		outer loop
			vertex 0.2238113284111023 0.4395304322242737 -0.012706052511930466
			vertex 0.2220272570848465 0.4395698606967926 -0.011799914762377739
			vertex 0.22337330877780914 0.43940043449401855 -0.0133421141654253
		endloop
	endfacet
	facet normal 0.05963811379246903 -0.9852659620358705 0.1602943524794535
		outer loop
			vertex 0.2220272570848465 0.4395698606967926 -0.011799914762377739
			vertex 0.2217673808336258 0.4394359290599823 -0.012526451610028744
			vertex 0.22337330877780914 0.43940043449401855 -0.0133421141654253
		endloop
	endfacet
	facet normal 0.20888847088753804 -0.0871935011471384 0.9740446088798861
		outer loop
			vertex 0.22277149558067322 0.4425559937953949 -0.009832590818405151
			vertex 0.22025559842586517 0.44257956743240356 -0.009290934540331364
			vertex 0.22273728251457214 0.4417760968208313 -0.009895067662000656
		endloop
	endfacet
	facet normal 0.2088889640101766 -0.08719199958710318 0.9740446375411951
		outer loop
			vertex 0.22025559842586517 0.44257956743240356 -0.009290934540331364
			vertex 0.22024710476398468 0.44179943203926086 -0.009358947165310383
			vertex 0.22273728251457214 0.4417760968208313 -0.009895067662000656
		endloop
	endfacet
	facet normal 0.1948619660792579 -0.3402904223328946 0.9199082794736803
		outer loop
			vertex 0.22273728251457214 0.4417760968208313 -0.009895067662000656
			vertex 0.22024710476398468 0.44179943203926086 -0.009358947165310383
			vertex 0.22263696789741516 0.441040962934494 -0.010145757347345352
		endloop
	endfacet
	facet normal 0.19486310459929043 -0.340287649013122 0.9199090641987655
		outer loop
			vertex 0.22024710476398468 0.44179943203926086 -0.009358947165310383
			vertex 0.22022219002246857 0.4410635828971863 -0.009625870734453201
			vertex 0.22263696789741516 0.441040962934494 -0.010145757347345352
		endloop
	endfacet
	facet normal 0.16764597889249092 -0.5711612924502784 0.8035356891686306
		outer loop
			vertex 0.22263696789741516 0.441040962934494 -0.010145757347345352
			vertex 0.22022219002246857 0.4410635828971863 -0.009625870734453201
			vertex 0.22247739136219025 0.4404006898403168 -0.010567576624453068
		endloop
	endfacet
	facet normal 0.16764973040689532 -0.5711543887759208 0.8035398136225111
		outer loop
			vertex 0.22022219002246857 0.4410635828971863 -0.009625870734453201
			vertex 0.22018256783485413 0.4404221773147583 -0.010073513723909855
			vertex 0.22247739136219025 0.4404006898403168 -0.010567576624453068
		endloop
	endfacet
	facet normal 0.12891940126390414 -0.7641383187702918 0.6320383040328083
		outer loop
			vertex 0.22247739136219025 0.4404006898403168 -0.010567576624453068
			vertex 0.22018256783485413 0.4404221773147583 -0.010073513723909855
			vertex 0.2222694307565689 0.43989893794059753 -0.011131779290735722
		endloop
	endfacet
	facet normal 0.12891732483379206 -0.7641409711546476 0.632035520806015
		outer loop
			vertex 0.22018256783485413 0.4404221773147583 -0.010073513723909855
			vertex 0.22013092041015625 0.43991896510124207 -0.010671370662748814
			vertex 0.2222694307565689 0.43989893794059753 -0.011131779290735722
		endloop
	endfacet
	facet normal 0.08119994072561057 -0.9054813261351519 0.4165454808861621
		outer loop
			vertex 0.2222694307565689 0.43989893794059753 -0.011131779290735722
			vertex 0.22013092041015625 0.43991896510124207 -0.010671370662748814
			vertex 0.2220272570848465 0.4395698606967926 -0.011799914762377739
		endloop
	endfacet
	facet normal 0.08119543281890211 -0.9054847305018152 0.4165389591831793
		outer loop
			vertex 0.22013092041015625 0.43991896510124207 -0.010671370662748814
			vertex 0.22007077932357788 0.43958818912506104 -0.0113786980509758
			vertex 0.2220272570848465 0.4395698606967926 -0.011799914762377739
		endloop
	endfacet
	facet normal 0.027723063933559156 -0.9847732018540597 0.1716192665065295
		outer loop
			vertex 0.2220272570848465 0.4395698606967926 -0.011799914762377739
			vertex 0.22007077932357788 0.43958818912506104 -0.0113786980509758
			vertex 0.2217673808336258 0.4394359290599823 -0.012526451610028744
		endloop
	endfacet
	facet normal 0.02771295815366302 -0.9847760242741385 0.17160470263135327
		outer loop
			vertex 0.22007077932357788 0.43958818912506104 -0.0113786980509758
			vertex 0.22000624239444733 0.4394524395465851 -0.012147292494773865
			vertex 0.2217673808336258 0.4394359290599823 -0.012526451610028744
		endloop
	endfacet
	facet normal -0.11174983503899488 -0.9930695893916276 0.03639732125173334
		outer loop
			vertex -0.20193591713905334 0.42167848348617554 -0.4205615222454071
			vertex -0.22641146183013916 0.43913060426712036 -0.019542111083865166
			vertex -0.22707778215408325 0.43920397758483887 -0.019585970789194107
		endloop
	endfacet
	facet normal -0.11175814286694746 -0.9930686750357762 0.03639676037258195
		outer loop
			vertex -0.20193591713905334 0.42167848348617554 -0.4205615222454071
			vertex -0.22707778215408325 0.43920397758483887 -0.019585970789194107
			vertex -0.20261773467063904 0.4217629134654999 -0.42035144567489624
		endloop
	endfacet
	facet normal -0.3296753886489877 -0.9438617601081287 0.020955093049759305
		outer loop
			vertex -0.22707778215408325 0.43920397758483887 -0.019585970789194107
			vertex -0.22771070897579193 0.43942397832870483 -0.019634174183011055
			vertex -0.20261773467063904 0.4217629134654999 -0.42035144567489624
		endloop
	endfacet
	facet normal -0.3296739984547347 -0.9438622432734579 0.02095520139877737
		outer loop
			vertex -0.20261773467063904 0.4217629134654999 -0.42035144567489624
			vertex -0.22771070897579193 0.43942397832870483 -0.019634174183011055
			vertex -0.20326536893844604 0.4219934046268463 -0.4201584756374359
		endloop
	endfacet
	facet normal -0.5310482404880801 -0.8473298308965083 0.004463624918057525
		outer loop
			vertex -0.22771070897579193 0.43942397832870483 -0.019634174183011055
			vertex -0.22827847301959991 0.4397795498371124 -0.01968430168926716
			vertex -0.20326536893844604 0.4219934046268463 -0.4201584756374359
		endloop
	endfacet
	facet normal -0.5310200555615934 -0.8473474812164961 0.004466169211098937
		outer loop
			vertex -0.20326536893844604 0.4219934046268463 -0.4201584756374359
			vertex -0.22827847301959991 0.4397795498371124 -0.01968430168926716
			vertex -0.20384633541107178 0.42235836386680603 -0.41999223828315735
		endloop
	endfacet
	facet normal -0.7058003860070274 -0.7083048042157829 -0.01225232374582456
		outer loop
			vertex -0.22827847301959991 0.4397795498371124 -0.01968430168926716
			vertex -0.22875261306762695 0.4402528703212738 -0.019733838737010956
			vertex -0.20384633541107178 0.42235836386680603 -0.41999223828315735
		endloop
	endfacet
	facet normal -0.7057931607560631 -0.7083120172010814 -0.012251551677283376
		outer loop
			vertex -0.20384633541107178 0.42235836386680603 -0.41999223828315735
			vertex -0.22875261306762695 0.4402528703212738 -0.019733838737010956
			vertex -0.20433151721954346 0.42283955216407776 -0.4198611080646515
		endloop
	endfacet
	facet normal -0.845147699525713 -0.533780395573186 -0.028352341845577847
		outer loop
			vertex -0.22875261306762695 0.4402528703212738 -0.019733838737010956
			vertex -0.22910936176776886 0.44082018733024597 -0.019780302420258522
			vertex -0.20433151721954346 0.42283955216407776 -0.4198611080646515
		endloop
	endfacet
	facet normal -0.8451522664185728 -0.5337731322675167 -0.028352951114023743
		outer loop
			vertex -0.20433151721954346 0.42283955216407776 -0.4198611080646515
			vertex -0.22910936176776886 0.44082018733024597 -0.019780302420258522
			vertex -0.20469656586647034 0.4234127998352051 -0.41977161169052124
		endloop
	endfacet
	facet normal -0.9421373885760096 -0.3324533816614587 -0.04303359233247838
		outer loop
			vertex -0.22910936176776886 0.44082018733024597 -0.019780302420258522
			vertex -0.22933082282543182 0.44145309925079346 -0.01982136256992817
			vertex -0.20469656586647034 0.4234127998352051 -0.41977161169052124
		endloop
	endfacet
	facet normal -0.942133913716786 -0.3324633145737052 -0.043032930266917506
		outer loop
			vertex -0.20469656586647034 0.4234127998352051 -0.41977161169052124
			vertex -0.22933082282543182 0.44145309925079346 -0.01982136256992817
			vertex -0.20492318272590637 0.42404937744140625 -0.41972827911376953
		endloop
	endfacet
	facet normal -0.9918684448124768 -0.11450217537462751 -0.05555393793203802
		outer loop
			vertex -0.22933082282543182 0.44145309925079346 -0.01982136256992817
			vertex -0.22940590977668762 0.442119836807251 -0.019854960963129997
			vertex -0.20492318272590637 0.42404937744140625 -0.41972827911376953
		endloop
	endfacet
	facet normal -0.9918713069350723 -0.11447673676128392 -0.0555552627516021
		outer loop
			vertex -0.20492318272590637 0.42404937744140625 -0.41972827911376953
			vertex -0.22940590977668762 0.442119836807251 -0.019854960963129997
			vertex -0.20499999821186066 0.42471736669540405 -0.41973328590393066
		endloop
	endfacet
	facet normal -0.07126351378037069 0.04336763770934907 0.9965143047659605
		outer loop
			vertex -0.22025559842586517 0.45656633377075195 -0.009899629279971123
			vertex -0.22025559842586517 0.44257956743240356 -0.009290934540331364
			vertex -0.15741440653800964 0.45676153898239136 -0.005414175800979137
		endloop
	endfacet
	facet normal -0.07126352847396714 0.04336770389215748 0.9965143008349465
		outer loop
			vertex -0.22025559842586517 0.44257956743240356 -0.009290934540331364
			vertex -0.15741440653800964 0.44277477264404297 -0.004805480130016804
			vertex -0.15741440653800964 0.45676153898239136 -0.005414175800979137
		endloop
	endfacet
	facet normal -0.047531394868279904 0.043429104821780605 0.9979251872541621
		outer loop
			vertex -0.15741440653800964 0.45676153898239136 -0.005414175800979137
			vertex -0.15741440653800964 0.44277477264404297 -0.004805480130016804
			vertex -0.13224248588085175 0.45681360363960266 -0.004217497538775206
		endloop
	endfacet
	facet normal -0.047531436960524115 0.04342918051600126 0.9979251819551285
		outer loop
			vertex -0.15741440653800964 0.44277477264404297 -0.004805480130016804
			vertex -0.13224248588085175 0.44282686710357666 -0.0036088021006435156
			vertex -0.13224248588085175 0.45681360363960266 -0.004217497538775206
		endloop
	endfacet
	facet normal -0.04753142676819601 0.043429180537088434 0.9979251824396741
		outer loop
			vertex -0.13224248588085175 0.45681360363960266 -0.004217497538775206
			vertex -0.13224248588085175 0.44282686710357666 -0.0036088021006435156
			vertex -0.09448424726724625 0.4568917453289032 -0.002422463847324252
		endloop
	endfacet
	facet normal -0.04753139563712434 0.0434290965299126 0.997925187578399
		outer loop
			vertex -0.13224248588085175 0.44282686710357666 -0.0036088021006435156
			vertex -0.09448424726724625 0.4429049789905548 -0.0018137682927772403
			vertex -0.09448424726724625 0.4568917453289032 -0.002422463847324252
		endloop
	endfacet
	facet normal -0.02377242396635583 0.04346595922184846 0.9987720371774976
		outer loop
			vertex -0.044097110629081726 0.4569438397884369 -0.0012254341272637248
			vertex -0.044097110629081726 0.4429570734500885 -0.0006167384563013911
			vertex -0.0315006822347641 0.4569568634033203 -0.000926185108255595
		endloop
	endfacet
	facet normal -0.023772421660014302 0.04346595714990479 0.9987720373225619
		outer loop
			vertex -0.044097110629081726 0.4429570734500885 -0.0006167384563013911
			vertex -0.0315006822347641 0.4429700970649719 -0.00031748946639709175
			vertex -0.0315006822347641 0.4569568634033203 -0.000926185108255595
		endloop
	endfacet
	facet normal 0 0.04347824427340102 0.9990543740332168
		outer loop
			vertex -0.0315006822347641 0.4569568634033203 -0.000926185108255595
			vertex -0.0315006822347641 0.4429700970649719 -0.00031748946639709175
			vertex 0.0315006822347641 0.4569568634033203 -0.000926185108255595
		endloop
	endfacet
	facet normal 0 0.04347824427340102 0.9990543740332168
		outer loop
			vertex -0.0315006822347641 0.4429700970649719 -0.00031748946639709175
			vertex 0.0315006822347641 0.4429700970649719 -0.00031748946639709175
			vertex 0.0315006822347641 0.4569568634033203 -0.000926185108255595
		endloop
	endfacet
	facet normal 0.02377242396635575 0.04346595714752032 0.9987720372677711
		outer loop
			vertex 0.0315006822347641 0.4569568634033203 -0.000926185108255595
			vertex 0.0315006822347641 0.4429700970649719 -0.00031748946639709175
			vertex 0.044097110629081726 0.4569438397884369 -0.0012254341272637248
		endloop
	endfacet
	facet normal 0.023772421660014382 0.04346595922423293 0.9987720372322885
		outer loop
			vertex 0.0315006822347641 0.4429700970649719 -0.00031748946639709175
			vertex 0.044097110629081726 0.4429570734500885 -0.0006167384563013911
			vertex 0.044097110629081726 0.4569438397884369 -0.0012254341272637248
		endloop
	endfacet
	facet normal 0.047531426768145264 0.043429096465504996 0.9979251860984242
		outer loop
			vertex 0.09448424726724625 0.4568917453289032 -0.002422463847324252
			vertex 0.09448424726724625 0.4429049789905548 -0.0018137682927772403
			vertex 0.13224248588085175 0.45681360363960266 -0.004217497538775206
		endloop
	endfacet
	facet normal 0.04753139563710887 0.0434291806014963 0.9979251839196521
		outer loop
			vertex 0.09448424726724625 0.4429049789905548 -0.0018137682927772403
			vertex 0.13224248588085175 0.44282686710357666 -0.0036088021006435156
			vertex 0.13224248588085175 0.45681360363960266 -0.004217497538775206
		endloop
	endfacet
	facet normal 0.047531394868237535 0.043429180603087036 0.9979251839562044
		outer loop
			vertex 0.13224248588085175 0.45681360363960266 -0.004217497538775206
			vertex 0.13224248588085175 0.44282686710357666 -0.0036088021006435156
			vertex 0.15741440653800964 0.45676153898239136 -0.005414175800979137
		endloop
	endfacet
	facet normal 0.047531436960476944 0.043429104734695176 0.9979251852530906
		outer loop
			vertex 0.13224248588085175 0.44282686710357666 -0.0036088021006435156
			vertex 0.15741440653800964 0.44277477264404297 -0.004805480130016804
			vertex 0.15741440653800964 0.45676153898239136 -0.005414175800979137
		endloop
	endfacet
	facet normal 0.07126351378037188 0.04336770393780035 0.9965143018837403
		outer loop
			vertex 0.15741440653800964 0.45676153898239136 -0.005414175800979137
			vertex 0.15741440653800964 0.44277477264404297 -0.004805480130016804
			vertex 0.22025559842586517 0.45656633377075195 -0.009899629279971123
		endloop
	endfacet
	facet normal 0.071263528473966 0.04336763766370627 0.9965143037171669
		outer loop
			vertex 0.15741440653800964 0.44277477264404297 -0.004805480130016804
			vertex 0.22025559842586517 0.44257956743240356 -0.009290934540331364
			vertex 0.22025559842586517 0.45656633377075195 -0.009899629279971123
		endloop
	endfacet
	facet normal -0.2988591728152163 -0.041491008794062215 -0.9533948243059933
		outer loop
			vertex -0.17637108266353607 0.4383143186569214 -0.4292992651462555
			vertex -0.17637108266353607 0.42133039236068726 -0.42856013774871826
			vertex -0.20499999821186066 0.43870413303375244 -0.42034196853637695
		endloop
	endfacet
	facet normal -0.298859029965746 -0.041490746828818224 -0.953394880485269
		outer loop
			vertex -0.17637108266353607 0.42133039236068726 -0.42856013774871826
			vertex -0.20193591713905334 0.42167848348617554 -0.4205615222454071
			vertex -0.20499999821186066 0.43870413303375244 -0.42034196853637695
		endloop
	endfacet
	facet normal -0.29885669295514544 -0.041490316552090484 -0.9533956317858402
		outer loop
			vertex -0.20499999821186066 0.43870413303375244 -0.42034196853637695
			vertex -0.20193591713905334 0.42167848348617554 -0.4205615222454071
			vertex -0.20499999821186066 0.42471736669540405 -0.41973328590393066
		endloop
	endfacet
	facet normal -0.29889188332554584 -0.04152926757142705 -0.9533829041980401
		outer loop
			vertex -0.20193591713905334 0.42167848348617554 -0.4205615222454071
			vertex -0.20261773467063904 0.4217629134654999 -0.42035144567489624
			vertex -0.20499999821186066 0.42471736669540405 -0.41973328590393066
		endloop
	endfacet
	facet normal -0.29884085525827964 -0.04148436624949964 -0.9534008551419375
		outer loop
			vertex -0.20261773467063904 0.4217629134654999 -0.42035144567489624
			vertex -0.20326536893844604 0.4219934046268463 -0.4201584756374359
			vertex -0.20499999821186066 0.42471736669540405 -0.41973328590393066
		endloop
	endfacet
	facet normal -0.2988782059813075 -0.04151015410915043 -0.9533880244135804
		outer loop
			vertex -0.20499999821186066 0.42471736669540405 -0.41973328590393066
			vertex -0.20326536893844604 0.4219934046268463 -0.4201584756374359
			vertex -0.20384633541107178 0.42235836386680603 -0.41999223828315735
		endloop
	endfacet
	facet normal -0.29881271593791126 -0.04147570845013146 -0.9534100515530393
		outer loop
			vertex -0.20384633541107178 0.42235836386680603 -0.41999223828315735
			vertex -0.20433151721954346 0.42283955216407776 -0.4198611080646515
			vertex -0.20499999821186066 0.42471736669540405 -0.41973328590393066
		endloop
	endfacet
	facet normal -0.29893329168216987 -0.04152134020841816 -0.9533702667019566
		outer loop
			vertex -0.20433151721954346 0.42283955216407776 -0.4198611080646515
			vertex -0.20469656586647034 0.4234127998352051 -0.41977161169052124
			vertex -0.20499999821186066 0.42471736669540405 -0.41973328590393066
		endloop
	endfacet
	facet normal -0.29893585555320623 -0.041521960957189616 -0.9533694357503508
		outer loop
			vertex -0.20499999821186066 0.42471736669540405 -0.41973328590393066
			vertex -0.20469656586647034 0.4234127998352051 -0.41977161169052124
			vertex -0.20492318272590637 0.42404937744140625 -0.41972827911376953
		endloop
	endfacet
	facet normal -0.9542972044997263 0.012993597863026209 0.29857664325693956
		outer loop
			vertex -0.18894927203655243 0.4365680515766144 -0.46942511200904846
			vertex -0.18894927203655243 0.422581285238266 -0.4688164293766022
			vertex -0.17637108266353607 0.4383143186569214 -0.4292992651462555
		endloop
	endfacet
	facet normal -0.9542974753877125 0.01299628258160205 0.29857566060832497
		outer loop
			vertex -0.18894927203655243 0.422581285238266 -0.4688164293766022
			vertex -0.18892426788806915 0.42188331484794617 -0.4687061309814453
			vertex -0.17637108266353607 0.4383143186569214 -0.4292992651462555
		endloop
	endfacet
	facet normal -0.9543002968582214 0.013022841877545464 0.29856548528881127
		outer loop
			vertex -0.18892426788806915 0.42188331484794617 -0.4687061309814453
			vertex -0.18891777098178864 0.42181074619293213 -0.468682199716568
			vertex -0.17637108266353607 0.4383143186569214 -0.4292992651462555
		endloop
	endfacet
	facet normal -0.9542965909790697 0.012988153305622904 0.29857884104443166
		outer loop
			vertex -0.18891777098178864 0.42181074619293213 -0.468682199716568
			vertex -0.18889884650707245 0.421599417924881 -0.46861252188682556
			vertex -0.17637108266353607 0.4383143186569214 -0.4292992651462555
		endloop
	endfacet
	facet normal -0.9542982479176743 0.013003413134662798 0.2985728809991066
		outer loop
			vertex -0.17637108266353607 0.4383143186569214 -0.4292992651462555
			vertex -0.18889884650707245 0.421599417924881 -0.46861252188682556
			vertex -0.18880552053451538 0.4209766387939453 -0.4682871103286743
		endloop
	endfacet
	facet normal -0.9542945675182949 0.012971167675174157 0.2985860465832476
		outer loop
			vertex -0.18880552053451538 0.4209766387939453 -0.4682871103286743
			vertex -0.1887534111738205 0.4207422137260437 -0.4681103825569153
			vertex -0.17637108266353607 0.4383143186569214 -0.4292992651462555
		endloop
	endfacet
	facet normal -0.9542957302891142 0.01298115365615044 0.2985818963060582
		outer loop
			vertex -0.1887534111738205 0.4207422137260437 -0.4681103825569153
			vertex -0.18868109583854675 0.42051416635513306 -0.4678693413734436
			vertex -0.17637108266353607 0.4383143186569214 -0.4292992651462555
		endloop
	endfacet
	facet normal -0.954299378885075 0.01301183986742432 0.29856889905484874
		outer loop
			vertex -0.17637108266353607 0.4383143186569214 -0.4292992651462555
			vertex -0.18868109583854675 0.42051416635513306 -0.4678693413734436
			vertex -0.18860188126564026 0.4202643036842346 -0.46760526299476624
		endloop
	endfacet
	facet normal -0.9542923890414206 0.012956976470602925 0.2985936251468853
		outer loop
			vertex -0.1882816106081009 0.41978225111961365 -0.46656063199043274
			vertex -0.18825015425682068 0.41975706815719604 -0.4664590060710907
			vertex -0.17637108266353607 0.4383143186569214 -0.4292992651462555
		endloop
	endfacet
	facet normal -0.9542953111568883 0.012979507554744385 0.2985833074497201
		outer loop
			vertex -0.18825015425682068 0.41975706815719604 -0.4664590060710907
			vertex -0.1880488246679306 0.41970914602279663 -0.46581345796585083
			vertex -0.17637108266353607 0.4383143186569214 -0.4292992651462555
		endloop
	endfacet
	facet normal -0.954297208889195 0.012993824618838879 0.298576619359365
		outer loop
			vertex -0.17637108266353607 0.4383143186569214 -0.4292992651462555
			vertex -0.1880488246679306 0.41970914602279663 -0.46581345796585083
			vertex -0.17637108266353607 0.42133039236068726 -0.42856013774871826
		endloop
	endfacet
	facet normal -0.9542979172002568 0.012999823934584556 0.2985740943299027
		outer loop
			vertex -0.18860188126564026 0.4202643036842346 -0.46760526299476624
			vertex -0.18852907419204712 0.42010432481765747 -0.4673655927181244
			vertex -0.17637108266353607 0.4383143186569214 -0.4292992651462555
		endloop
	endfacet
	facet normal -0.9542984345157679 0.013004006425877138 0.29857225875427645
		outer loop
			vertex -0.18852907419204712 0.42010432481765747 -0.4673655927181244
			vertex -0.1883360892534256 0.41982585191726685 -0.46673664450645447
			vertex -0.17637108266353607 0.4383143186569214 -0.4292992651462555
		endloop
	endfacet
	facet normal -0.9542950757917978 0.01297778544145028 0.29858413454931393
		outer loop
			vertex -0.17637108266353607 0.4383143186569214 -0.4292992651462555
			vertex -0.1883360892534256 0.41982585191726685 -0.46673664450645447
			vertex -0.1882816106081009 0.41978225111961365 -0.46656063199043274
		endloop
	endfacet
	facet normal 0.9542905667296899 0.012932141309758291 0.2986005257394431
		outer loop
			vertex 0.1889040172100067 0.42164936661720276 -0.46863123774528503
			vertex 0.18891750276088715 0.42181098461151123 -0.46868133544921875
			vertex 0.17637108266353607 0.4383143186569214 -0.4292992651462555
		endloop
	endfacet
	facet normal 0.9542939699216605 0.012968159400962964 0.2985880871918842
		outer loop
			vertex 0.18834784626960754 0.41983771324157715 -0.4667747914791107
			vertex 0.1884971261024475 0.42006149888038635 -0.4672616124153137
			vertex 0.17637108266353607 0.4383143186569214 -0.4292992651462555
		endloop
	endfacet
	facet normal 0.9543058044040559 0.01307476802267606 0.29854561145975844
		outer loop
			vertex 0.18891750276088715 0.42181098461151123 -0.46868133544921875
			vertex 0.18892812728881836 0.42193853855133057 -0.4687208831310272
			vertex 0.17637108266353607 0.4383143186569214 -0.4292992651462555
		endloop
	endfacet
	facet normal 0.9542968945481711 0.012990526088495673 0.29857776757096494
		outer loop
			vertex 0.18892812728881836 0.42193853855133057 -0.4687208831310272
			vertex 0.18894927203655243 0.422581285238266 -0.4688164293766022
			vertex 0.17637108266353607 0.4383143186569214 -0.4292992651462555
		endloop
	endfacet
	facet normal 0.9542972044997263 0.012993597863026209 0.29857664325693956
		outer loop
			vertex 0.17637108266353607 0.4383143186569214 -0.4292992651462555
			vertex 0.18894927203655243 0.422581285238266 -0.4688164293766022
			vertex 0.18894927203655243 0.4365680515766144 -0.46942511200904846
		endloop
	endfacet
	facet normal 0.954297208889195 0.012993824618838879 0.298576619359365
		outer loop
			vertex 0.17637108266353607 0.4383143186569214 -0.4292992651462555
			vertex 0.17637108266353607 0.42133039236068726 -0.42856013774871826
			vertex 0.1880488246679306 0.41970914602279663 -0.46581345796585083
		endloop
	endfacet
	facet normal 0.9542954934290447 0.012980882591768746 0.29858266511663845
		outer loop
			vertex 0.1880488246679306 0.41970914602279663 -0.46581345796585083
			vertex 0.18826118111610413 0.4197641909122467 -0.4664945602416992
			vertex 0.17637108266353607 0.4383143186569214 -0.4292992651462555
		endloop
	endfacet
	facet normal 0.9542942075114574 0.012970952246237226 0.29858720653756304
		outer loop
			vertex 0.18826118111610413 0.4197641909122467 -0.4664945602416992
			vertex 0.18828165531158447 0.41978156566619873 -0.4665607511997223
			vertex 0.17637108266353607 0.4383143186569214 -0.4292992651462555
		endloop
	endfacet
	facet normal 0.9543067333603455 0.013068007479089648 0.2985429380233824
		outer loop
			vertex 0.17637108266353607 0.4383143186569214 -0.4292992651462555
			vertex 0.18828165531158447 0.41978156566619873 -0.4665607511997223
			vertex 0.18834784626960754 0.41983771324157715 -0.4667747914791107
		endloop
	endfacet
	facet normal 0.9542945204076678 0.012972584004346636 0.2985861356194384
		outer loop
			vertex 0.1884971261024475 0.42006149888038635 -0.4672616124153137
			vertex 0.18853940069675446 0.420124888420105 -0.4673994779586792
			vertex 0.17637108266353607 0.4383143186569214 -0.4292992651462555
		endloop
	endfacet
	facet normal 0.9543041747389326 0.01305081964148513 0.2985518684961296
		outer loop
			vertex 0.18853940069675446 0.420124888420105 -0.4673994779586792
			vertex 0.188613161444664 0.420292466878891 -0.46764257550239563
			vertex 0.17637108266353607 0.4383143186569214 -0.4292992651462555
		endloop
	endfacet
	facet normal 0.9542950796803461 0.012975838583538998 0.29858420673393987
		outer loop
			vertex 0.17637108266353607 0.4383143186569214 -0.4292992651462555
			vertex 0.188613161444664 0.420292466878891 -0.46764257550239563
			vertex 0.18868106603622437 0.4205138087272644 -0.46786922216415405
		endloop
	endfacet
	facet normal 0.954294305169114 0.012969326278750672 0.2985869650498387
		outer loop
			vertex 0.18868106603622437 0.4205138087272644 -0.46786922216415405
			vertex 0.1887621432542801 0.4207780957221985 -0.4681398272514343
			vertex 0.17637108266353607 0.4383143186569214 -0.4292992651462555
		endloop
	endfacet
	facet normal 0.9543014220124441 0.013030650049939242 0.2985615482681977
		outer loop
			vertex 0.1887621432542801 0.4207780957221985 -0.4681398272514343
			vertex 0.1888142079114914 0.4210211932659149 -0.46831685304641724
			vertex 0.17637108266353607 0.4383143186569214 -0.4292992651462555
		endloop
	endfacet
	facet normal 0.9542973473175623 0.01299480891450388 0.29857613408298295
		outer loop
			vertex 0.17637108266353607 0.4383143186569214 -0.4292992651462555
			vertex 0.1888142079114914 0.4210211932659149 -0.46831685304641724
			vertex 0.1889040172100067 0.42164936661720276 -0.46863123774528503
		endloop
	endfacet
	facet normal 0.29885902996573327 -0.04149101073911692 -0.9533948690001366
		outer loop
			vertex 0.17637108266353607 0.42133039236068726 -0.42856013774871826
			vertex 0.17637108266353607 0.4383143186569214 -0.4292992651462555
			vertex 0.20193591713905334 0.42167848348617554 -0.4205615222454071
		endloop
	endfacet
	facet normal 0.29885917281521 -0.04149077312942906 -0.9533948345619094
		outer loop
			vertex 0.17637108266353607 0.4383143186569214 -0.4292992651462555
			vertex 0.20499999821186066 0.43870413303375244 -0.42034196853637695
			vertex 0.20193591713905334 0.42167848348617554 -0.4205615222454071
		endloop
	endfacet
	facet normal 0.29885669295514544 -0.041490316552090484 -0.9533956317858402
		outer loop
			vertex 0.20193591713905334 0.42167848348617554 -0.4205615222454071
			vertex 0.20499999821186066 0.43870413303375244 -0.42034196853637695
			vertex 0.20499999821186066 0.42471736669540405 -0.41973328590393066
		endloop
	endfacet
	facet normal 0.2988782059813075 -0.04151015410915043 -0.9533880244135804
		outer loop
			vertex 0.20384633541107178 0.42235836386680603 -0.41999223828315735
			vertex 0.20326536893844604 0.4219934046268463 -0.4201584756374359
			vertex 0.20499999821186066 0.42471736669540405 -0.41973328590393066
		endloop
	endfacet
	facet normal 0.29884085525827964 -0.04148436624949964 -0.9534008551419375
		outer loop
			vertex 0.20326536893844604 0.4219934046268463 -0.4201584756374359
			vertex 0.20261773467063904 0.4217629134654999 -0.42035144567489624
			vertex 0.20499999821186066 0.42471736669540405 -0.41973328590393066
		endloop
	endfacet
	facet normal 0.29889188332554584 -0.04152926757142705 -0.9533829041980401
		outer loop
			vertex 0.20499999821186066 0.42471736669540405 -0.41973328590393066
			vertex 0.20261773467063904 0.4217629134654999 -0.42035144567489624
			vertex 0.20193591713905334 0.42167848348617554 -0.4205615222454071
		endloop
	endfacet
	facet normal 0.29893585555320623 -0.041521960957189616 -0.9533694357503508
		outer loop
			vertex 0.20492318272590637 0.42404937744140625 -0.41972827911376953
			vertex 0.20469656586647034 0.4234127998352051 -0.41977161169052124
			vertex 0.20499999821186066 0.42471736669540405 -0.41973328590393066
		endloop
	endfacet
	facet normal 0.29893329168216987 -0.04152134020841816 -0.9533702667019566
		outer loop
			vertex 0.20469656586647034 0.4234127998352051 -0.41977161169052124
			vertex 0.20433151721954346 0.42283955216407776 -0.4198611080646515
			vertex 0.20499999821186066 0.42471736669540405 -0.41973328590393066
		endloop
	endfacet
	facet normal 0.29881271593791126 -0.04147570845013146 -0.9534100515530393
		outer loop
			vertex 0.20499999821186066 0.42471736669540405 -0.41973328590393066
			vertex 0.20433151721954346 0.42283955216407776 -0.4198611080646515
			vertex 0.20384633541107178 0.42235836386680603 -0.41999223828315735
		endloop
	endfacet
	facet normal 0.9981461541771566 -0.00264614212011169 -0.060805039538120755
		outer loop
			vertex 0.20499999821186066 0.42471736669540405 -0.41973328590393066
			vertex 0.20499999821186066 0.43870413303375244 -0.42034196853637695
			vertex 0.22940590977668762 0.442119836807251 -0.019854960963129997
		endloop
	endfacet
	facet normal 0.9981461540568282 -0.0026461987814474282 -0.060805039047530395
		outer loop
			vertex 0.20499999821186066 0.43870413303375244 -0.42034196853637695
			vertex 0.22940590977668762 0.45610660314559937 -0.02046365663409233
			vertex 0.22940590977668762 0.442119836807251 -0.019854960963129997
		endloop
	endfacet
	facet normal 0.9976792485219654 0.002960391959125433 0.06802465103251092
		outer loop
			vertex 0.22940590977668762 0.442119836807251 -0.019854960963129997
			vertex 0.22940590977668762 0.45610660314559937 -0.02046365663409233
			vertex 0.22923067212104797 0.45621824264526367 -0.017898403108119965
		endloop
	endfacet
	facet normal 0.9976792485219654 0.002960391959125433 0.06802465103251092
		outer loop
			vertex 0.22940590977668762 0.442119836807251 -0.019854960963129997
			vertex 0.22923067212104797 0.45621824264526367 -0.017898403108119965
			vertex 0.22923067212104797 0.4422314763069153 -0.01728970743715763
		endloop
	endfacet
	facet normal 0.9472603798422762 0.013933253268941927 0.32016189222705826
		outer loop
			vertex 0.22923067212104797 0.45621824264526367 -0.017898403108119965
			vertex 0.2284059077501297 0.4563242197036743 -0.015462791547179222
			vertex 0.22923067212104797 0.4422314763069153 -0.01728970743715763
		endloop
	endfacet
	facet normal 0.9472603798422762 0.013933253268941927 0.32016189222705826
		outer loop
			vertex 0.22923067212104797 0.4422314763069153 -0.01728970743715763
			vertex 0.2284059077501297 0.4563242197036743 -0.015462791547179222
			vertex 0.2284059077501297 0.4423374533653259 -0.014854095876216888
		endloop
	endfacet
	facet normal 0.834096111494065 0.02398343290571728 0.5510975156327033
		outer loop
			vertex 0.2284059077501297 0.4563242197036743 -0.015462791547179222
			vertex 0.22698622941970825 0.4564175605773926 -0.013318144716322422
			vertex 0.2284059077501297 0.4423374533653259 -0.014854095876216888
		endloop
	endfacet
	facet normal 0.834096111494065 0.02398343290571728 0.5510975156327033
		outer loop
			vertex 0.2284059077501297 0.4423374533653259 -0.014854095876216888
			vertex 0.22698622941970825 0.4564175605773926 -0.013318144716322422
			vertex 0.22698622941970825 0.4424307942390442 -0.012709449045360088
		endloop
	endfacet
	facet normal 0.6656875134632924 0.03244479861812489 0.7455249623330451
		outer loop
			vertex 0.22698622941970825 0.4564175605773926 -0.013318144716322422
			vertex 0.2250656932592392 0.4564920663833618 -0.011606519110500813
			vertex 0.22698622941970825 0.4424307942390442 -0.012709449045360088
		endloop
	endfacet
	facet normal 0.6656875134632924 0.03244479861812489 0.7455249623330451
		outer loop
			vertex 0.22698622941970825 0.4424307942390442 -0.012709449045360088
			vertex 0.2250656932592392 0.4564920663833618 -0.011606519110500813
			vertex 0.2250656932592392 0.4425053000450134 -0.010997823439538479
		endloop
	endfacet
	facet normal 0.45318296217694526 0.03875727072470553 0.8905745767528408
		outer loop
			vertex 0.2250656932592392 0.4564920663833618 -0.011606519110500813
			vertex 0.22277149558067322 0.4565427601337433 -0.010441286489367485
			vertex 0.2250656932592392 0.4425053000450134 -0.010997823439538479
		endloop
	endfacet
	facet normal 0.45318296217694526 0.03875727072470553 0.8905745767528408
		outer loop
			vertex 0.2250656932592392 0.4425053000450134 -0.010997823439538479
			vertex 0.22277149558067322 0.4565427601337433 -0.010441286489367485
			vertex 0.22277149558067322 0.4425559937953949 -0.009832590818405151
		endloop
	endfacet
	facet normal 0.21066168139292074 0.0425025523009681 0.9766346241254255
		outer loop
			vertex 0.22277149558067322 0.4565427601337433 -0.010441286489367485
			vertex 0.22025559842586517 0.45656633377075195 -0.009899629279971123
			vertex 0.22277149558067322 0.4425559937953949 -0.009832590818405151
		endloop
	endfacet
	facet normal 0.21066133591091699 0.0425024906306946 0.9766347013302444
		outer loop
			vertex 0.22277149558067322 0.4425559937953949 -0.009832590818405151
			vertex 0.22025559842586517 0.45656633377075195 -0.009899629279971123
			vertex 0.22025559842586517 0.44257956743240356 -0.009290934540331364
		endloop
	endfacet
	facet normal -0.21066168139289465 0.04250248739372265 0.9766346269501532
		outer loop
			vertex -0.22025559842586517 0.44257956743240356 -0.009290934540331364
			vertex -0.22025559842586517 0.45656633377075195 -0.009899629279971123
			vertex -0.22277149558067322 0.4565427601337433 -0.010441286489367485
		endloop
	endfacet
	facet normal -0.21066133591094405 0.04250255553794497 0.9766346985055161
		outer loop
			vertex -0.22025559842586517 0.44257956743240356 -0.009290934540331364
			vertex -0.22277149558067322 0.4565427601337433 -0.010441286489367485
			vertex -0.22277149558067322 0.4425559937953949 -0.009832590818405151
		endloop
	endfacet
	facet normal -0.45318296217694526 0.03875727072470553 0.8905745767528408
		outer loop
			vertex -0.22277149558067322 0.4565427601337433 -0.010441286489367485
			vertex -0.2250656932592392 0.4564920663833618 -0.011606519110500813
			vertex -0.22277149558067322 0.4425559937953949 -0.009832590818405151
		endloop
	endfacet
	facet normal -0.45318296217694526 0.03875727072470553 0.8905745767528408
		outer loop
			vertex -0.22277149558067322 0.4425559937953949 -0.009832590818405151
			vertex -0.2250656932592392 0.4564920663833618 -0.011606519110500813
			vertex -0.2250656932592392 0.4425053000450134 -0.010997823439538479
		endloop
	endfacet
	facet normal -0.6656875134632924 0.03244479861812489 0.7455249623330451
		outer loop
			vertex -0.2250656932592392 0.4564920663833618 -0.011606519110500813
			vertex -0.22698622941970825 0.4564175605773926 -0.013318144716322422
			vertex -0.2250656932592392 0.4425053000450134 -0.010997823439538479
		endloop
	endfacet
	facet normal -0.6656875134632924 0.03244479861812489 0.7455249623330451
		outer loop
			vertex -0.2250656932592392 0.4425053000450134 -0.010997823439538479
			vertex -0.22698622941970825 0.4564175605773926 -0.013318144716322422
			vertex -0.22698622941970825 0.4424307942390442 -0.012709449045360088
		endloop
	endfacet
	facet normal -0.834096111494065 0.02398343290571728 0.5510975156327033
		outer loop
			vertex -0.22698622941970825 0.4564175605773926 -0.013318144716322422
			vertex -0.2284059077501297 0.4563242197036743 -0.015462791547179222
			vertex -0.22698622941970825 0.4424307942390442 -0.012709449045360088
		endloop
	endfacet
	facet normal -0.834096111494065 0.02398343290571728 0.5510975156327033
		outer loop
			vertex -0.22698622941970825 0.4424307942390442 -0.012709449045360088
			vertex -0.2284059077501297 0.4563242197036743 -0.015462791547179222
			vertex -0.2284059077501297 0.4423374533653259 -0.014854095876216888
		endloop
	endfacet
	facet normal -0.9472603798422762 0.013933253268941927 0.32016189222705826
		outer loop
			vertex -0.2284059077501297 0.4563242197036743 -0.015462791547179222
			vertex -0.22923067212104797 0.45621824264526367 -0.017898403108119965
			vertex -0.2284059077501297 0.4423374533653259 -0.014854095876216888
		endloop
	endfacet
	facet normal -0.9472603798422762 0.013933253268941927 0.32016189222705826
		outer loop
			vertex -0.2284059077501297 0.4423374533653259 -0.014854095876216888
			vertex -0.22923067212104797 0.45621824264526367 -0.017898403108119965
			vertex -0.22923067212104797 0.4422314763069153 -0.01728970743715763
		endloop
	endfacet
	facet normal -0.9976792485219654 0.002960391959125433 0.06802465103251092
		outer loop
			vertex -0.22923067212104797 0.45621824264526367 -0.017898403108119965
			vertex -0.22940590977668762 0.45610660314559937 -0.02046365663409233
			vertex -0.22923067212104797 0.4422314763069153 -0.01728970743715763
		endloop
	endfacet
	facet normal -0.9976792485219654 0.002960391959125433 0.06802465103251092
		outer loop
			vertex -0.22923067212104797 0.4422314763069153 -0.01728970743715763
			vertex -0.22940590977668762 0.45610660314559937 -0.02046365663409233
			vertex -0.22940590977668762 0.442119836807251 -0.019854960963129997
		endloop
	endfacet
	facet normal -0.29821881637922715 0.02396347794455343 -0.9541966722233807
		outer loop
			vertex -0.17637108266353607 0.4383143186569214 -0.4292992651462555
			vertex -0.20499999821186066 0.43870413303375244 -0.42034196853637695
			vertex -0.2049754559993744 0.4390961825847626 -0.42033979296684265
		endloop
	endfacet
	facet normal -0.29821892573033204 0.023960067203797647 -0.9541967236979156
		outer loop
			vertex -0.17637108266353607 0.4383143186569214 -0.4292992651462555
			vertex -0.2049754559993744 0.4390961825847626 -0.42033979296684265
			vertex -0.17633892595767975 0.43870624899864197 -0.4292994737625122
		endloop
	endfacet
	facet normal -0.2931171337175039 0.15420399225824324 -0.943558940762502
		outer loop
			vertex -0.2049754559993744 0.4390961825847626 -0.42033979296684265
			vertex -0.20490224659442902 0.4394831657409668 -0.4202992916107178
			vertex -0.17633892595767975 0.43870624899864197 -0.4292994737625122
		endloop
	endfacet
	facet normal -0.2931188509293326 0.15418003404256192 -0.9435623224421916
		outer loop
			vertex -0.17633892595767975 0.43870624899864197 -0.4292994737625122
			vertex -0.20490224659442902 0.4394831657409668 -0.4202992916107178
			vertex -0.17624297738075256 0.4390929341316223 -0.429266095161438
		endloop
	endfacet
	facet normal -0.2829980009850615 0.2818565443679443 -0.9167709745816676
		outer loop
			vertex -0.20490224659442902 0.4394831657409668 -0.4202992916107178
			vertex -0.204781636595726 0.4398585259914398 -0.42022112011909485
			vertex -0.17624297738075256 0.4390929341316223 -0.429266095161438
		endloop
	endfacet
	facet normal -0.2829961202392 0.2818731593345758 -0.9167664467989137
		outer loop
			vertex -0.17624297738075256 0.4390929341316223 -0.429266095161438
			vertex -0.204781636595726 0.4398585259914398 -0.42022112011909485
			vertex -0.17608490586280823 0.43946778774261475 -0.4291996359825134
		endloop
	endfacet
	facet normal -0.26804004879577925 0.4046488676942981 -0.8743076267054285
		outer loop
			vertex -0.204781636595726 0.4398585259914398 -0.42022112011909485
			vertex -0.20461566746234894 0.4402157962322235 -0.4201066493988037
			vertex -0.17608490586280823 0.43946778774261475 -0.4291996359825134
		endloop
	endfacet
	facet normal -0.2680383839249574 0.40465938742725394 -0.8743032682713114
		outer loop
			vertex -0.17608490586280823 0.43946778774261475 -0.4291996359825134
			vertex -0.20461566746234894 0.4402157962322235 -0.4201066493988037
			vertex -0.17586740851402283 0.43982434272766113 -0.42910128831863403
		endloop
	endfacet
	facet normal -0.24849158944140728 0.5205492974132724 -0.816872302712873
		outer loop
			vertex -0.20461566746234894 0.4402157962322235 -0.4201066493988037
			vertex -0.204407200217247 0.4405488669872284 -0.41995781660079956
			vertex -0.17586740851402283 0.43982434272766113 -0.42910128831863403
		endloop
	endfacet
	facet normal -0.24849170667285148 0.5205487369281522 -0.8168726242183166
		outer loop
			vertex -0.17586740851402283 0.43982434272766113 -0.42910128831863403
			vertex -0.204407200217247 0.4405488669872284 -0.41995781660079956
			vertex -0.17559419572353363 0.4401565194129944 -0.4289727210998535
		endloop
	endfacet
	facet normal -0.2246962432406966 0.627518699673477 -0.7454742650377855
		outer loop
			vertex -0.204407200217247 0.4405488669872284 -0.41995781660079956
			vertex -0.20415978133678436 0.4408520460128784 -0.41977718472480774
			vertex -0.17559419572353363 0.4401565194129944 -0.4289727210998535
		endloop
	endfacet
	facet normal -0.2246920552013068 0.6275342565931564 -0.7454624317371651
		outer loop
			vertex -0.17559419572353363 0.4401565194129944 -0.4289727210998535
			vertex -0.20415978133678436 0.4408520460128784 -0.41977718472480774
			vertex -0.1752699613571167 0.44045865535736084 -0.4288161098957062
		endloop
	endfacet
	facet normal -0.1819302989256141 0.767353185412972 -0.6148743409587052
		outer loop
			vertex -0.20415978133678436 0.4408520460128784 -0.41977718472480774
			vertex -0.20356567203998566 0.4413485527038574 -0.4193333387374878
			vertex -0.1752699613571167 0.44045865535736084 -0.4288161098957062
		endloop
	endfacet
	facet normal -0.18193248254512376 0.7673478480134158 -0.6148803557962703
		outer loop
			vertex -0.1752699613571167 0.44045865535736084 -0.4288161098957062
			vertex -0.20356567203998566 0.4413485527038574 -0.4193333387374878
			vertex -0.17449134588241577 0.4409526586532593 -0.4284299910068512
		endloop
	endfacet
	facet normal -0.11436961631397209 0.90712551328791 -0.4050220907633812
		outer loop
			vertex -0.20356567203998566 0.4413485527038574 -0.4193333387374878
			vertex -0.20287379622459412 0.4416715204715729 -0.4188053607940674
			vertex -0.17449134588241577 0.4409526586532593 -0.4284299910068512
		endloop
	endfacet
	facet normal -0.11437407015670438 0.9071192947630926 -0.40503476041483044
		outer loop
			vertex -0.17449134588241577 0.4409526586532593 -0.4284299910068512
			vertex -0.20287379622459412 0.4416715204715729 -0.4188053607940674
			vertex -0.17358464002609253 0.44127270579338074 -0.4279692471027374
		endloop
	endfacet
	facet normal -0.03900192170015258 0.9850956046475585 -0.16752760909102854
		outer loop
			vertex -0.20287379622459412 0.4416715204715729 -0.4188053607940674
			vertex -0.20213133096694946 0.4417988955974579 -0.41822922229766846
			vertex -0.17358464002609253 0.44127270579338074 -0.4279692471027374
		endloop
	endfacet
	facet normal -0.039006816768447326 0.9850929948546365 -0.1675418148818851
		outer loop
			vertex -0.17358464002609253 0.44127270579338074 -0.4279692471027374
			vertex -0.20213133096694946 0.4417988955974579 -0.41822922229766846
			vertex -0.17261160910129547 0.44139695167541504 -0.4274652600288391
		endloop
	endfacet
	facet normal -0.43529746166827105 0.8950917289950792 0.0965759625877992
		outer loop
			vertex -0.18608759343624115 0.43949833512306213 -0.4678785502910614
			vertex -0.18608766794204712 0.43949830532073975 -0.4678786098957062
			vertex -0.17358464002609253 0.44127270579338074 -0.4279692471027374
		endloop
	endfacet
	facet normal -0.7174905539587083 0.6684923661923864 0.1957683869334641
		outer loop
			vertex -0.17559419572353363 0.4401565194129944 -0.4289727210998535
			vertex -0.1752699613571167 0.44045865535736084 -0.4288161098957062
			vertex -0.1878206431865692 0.4387146234512329 -0.4688589572906494
		endloop
	endfacet
	facet normal -0.855904019237714 0.4535962767238772 0.24835202353708158
		outer loop
			vertex -0.17608490586280823 0.43946778774261475 -0.4291996359825134
			vertex -0.17586740851402283 0.43982434272766113 -0.42910128831863403
			vertex -0.18842506408691406 0.4380751848220825 -0.4691844582557678
		endloop
	endfacet
	facet normal -0.9510237683314493 0.09562769882634489 0.29395430816000584
		outer loop
			vertex -0.1888965666294098 0.43706390261650085 -0.46941590309143066
			vertex -0.18894927203655243 0.4365680515766144 -0.46942511200904846
			vertex -0.17637108266353607 0.4383143186569214 -0.4292992651462555
		endloop
	endfacet
	facet normal -0.93265247713098 0.22214214781964353 0.2842749075516913
		outer loop
			vertex -0.1888965666294098 0.43706390261650085 -0.46941590309143066
			vertex -0.17637108266353607 0.4383143186569214 -0.4292992651462555
			vertex -0.18882283568382263 0.4373333752155304 -0.4693845808506012
		endloop
	endfacet
	facet normal -0.9525949702802908 0.07831403682903267 0.2939893437392465
		outer loop
			vertex -0.17637108266353607 0.4383143186569214 -0.4292992651462555
			vertex -0.17633892595767975 0.43870624899864197 -0.4292994737625122
			vertex -0.18882283568382263 0.4373333752155304 -0.4693845808506012
		endloop
	endfacet
	facet normal -0.8959599582321139 0.35501226837420924 0.2668745820577659
		outer loop
			vertex -0.18882283568382263 0.4373333752155304 -0.4693845808506012
			vertex -0.17633892595767975 0.43870624899864197 -0.4292994737625122
			vertex -0.18881665170192719 0.4373466968536377 -0.46938154101371765
		endloop
	endfacet
	facet normal -0.9359602602322693 0.20769800258401774 0.2843236377590723
		outer loop
			vertex -0.17633892595767975 0.43870624899864197 -0.4292994737625122
			vertex -0.17624297738075256 0.4390929341316223 -0.429266095161438
			vertex -0.18881665170192719 0.4373466968536377 -0.46938154101371765
		endloop
	endfacet
	facet normal -0.8962327616165301 0.35539737639959773 0.2654421629159371
		outer loop
			vertex -0.18881665170192719 0.4373466968536377 -0.46938154101371765
			vertex -0.17624297738075256 0.4390929341316223 -0.429266095161438
			vertex -0.1885758936405182 0.43786564469337463 -0.4692634642124176
		endloop
	endfacet
	facet normal -0.9039428153186374 0.33378284477047926 0.2673507044515538
		outer loop
			vertex -0.17608490586280823 0.43946778774261475 -0.4291996359825134
			vertex -0.18842506408691406 0.4380751848220825 -0.4691844582557678
			vertex -0.17624297738075256 0.4390929341316223 -0.429266095161438
		endloop
	endfacet
	facet normal -0.78061528516904 0.5837452064146768 0.22334124238112632
		outer loop
			vertex -0.18842506408691406 0.4380751848220825 -0.4691844582557678
			vertex -0.18848484754562378 0.4380074739456177 -0.4692164361476898
			vertex -0.17624297738075256 0.4390929341316223 -0.429266095161438
		endloop
	endfacet
	facet normal -0.850537784063815 0.4637540242144299 0.24802758496735294
		outer loop
			vertex -0.17624297738075256 0.4390929341316223 -0.429266095161438
			vertex -0.18848484754562378 0.4380074739456177 -0.4692164361476898
			vertex -0.1885758936405182 0.43786564469337463 -0.4692634642124176
		endloop
	endfacet
	facet normal -0.7934576424197458 0.5664004178621849 0.22274545187554629
		outer loop
			vertex -0.17559419572353363 0.4401565194129944 -0.4289727210998535
			vertex -0.1878206431865692 0.4387146234512329 -0.4688589572906494
			vertex -0.17586740851402283 0.43982434272766113 -0.42910128831863403
		endloop
	endfacet
	facet normal -0.6858689729920134 0.7034014773776658 0.1865746861441764
		outer loop
			vertex -0.1878206431865692 0.4387146234512329 -0.4688589572906494
			vertex -0.18796969950199127 0.43859097361564636 -0.46894073486328125
			vertex -0.17586740851402283 0.43982434272766113 -0.42910128831863403
		endloop
	endfacet
	facet normal -0.7804800282715956 0.5855819387709071 0.2189628243663186
		outer loop
			vertex -0.17586740851402283 0.43982434272766113 -0.42910128831863403
			vertex -0.18796969950199127 0.43859097361564636 -0.46894073486328125
			vertex -0.18842506408691406 0.4380751848220825 -0.4691844582557678
		endloop
	endfacet
	facet normal -0.547957699012183 0.825491823490174 0.1352982240982545
		outer loop
			vertex -0.18681806325912476 0.4393046200275421 -0.4682980477809906
			vertex -0.1870097517967224 0.4391949772834778 -0.46840542554855347
			vertex -0.17449134588241577 0.4409526586532593 -0.4284299910068512
		endloop
	endfacet
	facet normal -0.7917011183540855 0.5687869763877265 0.22291414196635903
		outer loop
			vertex -0.1870097517967224 0.4391949772834778 -0.46840542554855347
			vertex -0.1870097815990448 0.4391949474811554 -0.46840545535087585
			vertex -0.17449134588241577 0.4409526586532593 -0.4284299910068512
		endloop
	endfacet
	facet normal -0.5807739582853331 0.8007444677722387 0.1466625606954294
		outer loop
			vertex -0.17449134588241577 0.4409526586532593 -0.4284299910068512
			vertex -0.1870097815990448 0.4391949474811554 -0.46840545535087585
			vertex -0.1752699613571167 0.44045865535736084 -0.4288161098957062
		endloop
	endfacet
	facet normal -0.5482590007453855 0.8251364687308271 0.13624197617508552
		outer loop
			vertex -0.1870097815990448 0.4391949474811554 -0.46840545535087585
			vertex -0.18775631487369537 0.4387679696083069 -0.4688236713409424
			vertex -0.1752699613571167 0.44045865535736084 -0.4288161098957062
		endloop
	endfacet
	facet normal -0.6853014449236509 0.7046039490045812 0.18410650350464525
		outer loop
			vertex -0.1752699613571167 0.44045865535736084 -0.4288161098957062
			vertex -0.18775631487369537 0.4387679696083069 -0.4688236713409424
			vertex -0.1878206431865692 0.4387146234512329 -0.4688589572906494
		endloop
	endfacet
	facet normal -0.3647432641873664 0.9282421972789705 0.07299845491963593
		outer loop
			vertex -0.17358464002609253 0.44127270579338074 -0.4279692471027374
			vertex -0.18608766794204712 0.43949830532073975 -0.4678786098957062
			vertex -0.17449134588241577 0.4409526586532593 -0.4284299910068512
		endloop
	endfacet
	facet normal -0.17435052319359165 0.9845700965090052 0.014953933341068815
		outer loop
			vertex -0.18608766794204712 0.43949830532073975 -0.4678786098957062
			vertex -0.18645866215229034 0.4394358694553375 -0.46809330582618713
			vertex -0.17449134588241577 0.4409526586532593 -0.4284299910068512
		endloop
	endfacet
	facet normal -0.3818243756650669 0.9207666365639899 0.07999341934571497
		outer loop
			vertex -0.17449134588241577 0.4409526586532593 -0.4284299910068512
			vertex -0.18645866215229034 0.4394358694553375 -0.46809330582618713
			vertex -0.18681806325912476 0.4393046200275421 -0.4682980477809906
		endloop
	endfacet
	facet normal -0.12455140832889013 0.9922045316166265 -0.004136921889634995
		outer loop
			vertex -0.17261160910129547 0.44139695167541504 -0.4274652600288391
			vertex -0.18510089814662933 0.4396630525588989 -0.467307448387146
			vertex -0.17358464002609253 0.44127270579338074 -0.4279692471027374
		endloop
	endfacet
	facet normal -0.0014755268362194364 0.9991803600027711 -0.04045282444142144
		outer loop
			vertex -0.18510089814662933 0.4396630525588989 -0.467307448387146
			vertex -0.18511037528514862 0.4396628141403198 -0.4673129916191101
			vertex -0.17358464002609253 0.44127270579338074 -0.4279692471027374
		endloop
	endfacet
	facet normal -0.17156845947359145 0.9851219414709905 0.009951087693558855
		outer loop
			vertex -0.17358464002609253 0.44127270579338074 -0.4279692471027374
			vertex -0.18511037528514862 0.4396628141403198 -0.4673129916191101
			vertex -0.18608759343624115 0.43949833512306213 -0.4678785502910614
		endloop
	endfacet
	facet normal -0.9960089376773574 0.06270241071282524 -0.06351853082071694
		outer loop
			vertex -0.20499999821186066 0.43870413303375244 -0.42034196853637695
			vertex -0.22940590977668762 0.45610660314559937 -0.02046365663409233
			vertex -0.2049754559993744 0.4390961825847626 -0.42033979296684265
		endloop
	endfacet
	facet normal -0.9896090850321961 0.1277947912870835 -0.06589651084564564
		outer loop
			vertex -0.22940590977668762 0.45610660314559937 -0.02046365663409233
			vertex -0.22930386662483215 0.4568825960159302 -0.02049119956791401
			vertex -0.2049754559993744 0.4390961825847626 -0.42033979296684265
		endloop
	endfacet
	facet normal -0.9789632925199936 0.1923294323698653 -0.06811946375815792
		outer loop
			vertex -0.2049754559993744 0.4390961825847626 -0.42033979296684265
			vertex -0.22930386662483215 0.4568825960159302 -0.02049119956791401
			vertex -0.20490224659442902 0.4394831657409668 -0.4202992916107178
		endloop
	endfacet
	facet normal -0.9451828090958481 0.3186057070067031 -0.07155320295025881
		outer loop
			vertex -0.20490224659442902 0.4394831657409668 -0.4202992916107178
			vertex -0.22930386662483215 0.4568825960159302 -0.02049119956791401
			vertex -0.204781636595726 0.4398585259914398 -0.42022112011909485
		endloop
	endfacet
	facet normal -0.9221688583442685 0.3798840188110956 -0.07275114399072807
		outer loop
			vertex -0.22930386662483215 0.4568825960159302 -0.02049119956791401
			vertex -0.22900472581386566 0.4576062262058258 -0.020504433661699295
			vertex -0.204781636595726 0.4398585259914398 -0.42022112011909485
		endloop
	endfacet
	facet normal -0.8952080081141273 0.43950135699171433 -0.07376435054129034
		outer loop
			vertex -0.204781636595726 0.4398585259914398 -0.42022112011909485
			vertex -0.22900472581386566 0.4576062262058258 -0.020504433661699295
			vertex -0.20461566746234894 0.4402157962322235 -0.4201066493988037
		endloop
	endfacet
	facet normal -0.8299336117041037 0.5528365140905424 -0.07471270877166512
		outer loop
			vertex -0.20461566746234894 0.4402157962322235 -0.4201066493988037
			vertex -0.22900472581386566 0.4576062262058258 -0.020504433661699295
			vertex -0.204407200217247 0.4405488669872284 -0.41995781660079956
		endloop
	endfacet
	facet normal -0.7918932979120584 0.6060802736094639 -0.07464386554460808
		outer loop
			vertex -0.22900472581386566 0.4576062262058258 -0.020504433661699295
			vertex -0.22852885723114014 0.4582282304763794 -0.02050245925784111
			vertex -0.204407200217247 0.4405488669872284 -0.41995781660079956
		endloop
	endfacet
	facet normal -0.7504412971203621 0.6567381984212711 -0.07438278235379395
		outer loop
			vertex -0.204407200217247 0.4405488669872284 -0.41995781660079956
			vertex -0.22852885723114014 0.4582282304763794 -0.02050245925784111
			vertex -0.20415978133678436 0.4408520460128784 -0.41977718472480774
		endloop
	endfacet
	facet normal -0.6076236454295317 0.7909993386957377 -0.07150910220267372
		outer loop
			vertex -0.22852885723114014 0.4582282304763794 -0.02050245925784111
			vertex -0.2279086858034134 0.45870617032051086 -0.02048540860414505
			vertex -0.20415978133678436 0.4408520460128784 -0.41977718472480774
		endloop
	endfacet
	facet normal -0.6076262568810419 0.7909973267359148 -0.07150916756172496
		outer loop
			vertex -0.20415978133678436 0.4408520460128784 -0.41977718472480774
			vertex -0.2279086858034134 0.45870617032051086 -0.02048540860414505
			vertex -0.20356567203998566 0.4413485527038574 -0.4193333387374878
		endloop
	endfacet
	facet normal -0.3819735026281603 0.9219934388947625 -0.06343770113256365
		outer loop
			vertex -0.2279086858034134 0.45870617032051086 -0.02048540860414505
			vertex -0.22718648612499237 0.45900750160217285 -0.020454443991184235
			vertex -0.20356567203998566 0.4413485527038574 -0.4193333387374878
		endloop
	endfacet
	facet normal -0.3819761287776642 0.9219923435368332 -0.06343780815482042
		outer loop
			vertex -0.20356567203998566 0.4413485527038574 -0.4193333387374878
			vertex -0.22718648612499237 0.45900750160217285 -0.020454443991184235
			vertex -0.20287379622459412 0.4416715204715729 -0.4188053607940674
		endloop
	endfacet
	facet normal -0.13029363670085567 0.99016066219044 -0.05104342549099847
		outer loop
			vertex -0.22718648612499237 0.45900750160217285 -0.020454443991184235
			vertex -0.22641146183013916 0.45911169052124023 -0.020411675795912743
			vertex -0.20287379622459412 0.4416715204715729 -0.4188053607940674
		endloop
	endfacet
	facet normal -0.13026232668278054 0.9901648675897916 -0.051041759747085545
		outer loop
			vertex -0.20287379622459412 0.4416715204715729 -0.4188053607940674
			vertex -0.22641146183013916 0.45911169052124023 -0.020411675795912743
			vertex -0.20213133096694946 0.4417988955974579 -0.41822922229766846
		endloop
	endfacet
	facet normal 0.1475818569248668 0.08774840270962861 -0.9851496400692217
		outer loop
			vertex 0.1354253590106964 0.43615177273750305 -0.4789908230304718
			vertex 0.11526934802532196 0.4360198378562927 -0.48202207684516907
			vertex 0.11525629460811615 0.4367999732494354 -0.48195454478263855
		endloop
	endfacet
	facet normal 0.1056068697577485 0.08749095674801456 -0.990551624877415
		outer loop
			vertex 0.08146163076162338 0.43586236238479614 -0.48564040660858154
			vertex 0.07696311175823212 0.4358414113521576 -0.48612186312675476
			vertex 0.07695439457893372 0.4366215765476227 -0.4860538840293884
		endloop
	endfacet
	facet normal 0.021159968427890405 0.0872767494260011 -0.9959593489423962
		outer loop
			vertex 0.027186160907149315 0.4357237219810486 -0.4888263940811157
			vertex 8.326672684688674e-17 0.4356984794139862 -0.48940619826316833
			vertex 8.326672684688674e-17 0.4364786446094513 -0.48933783173561096
		endloop
	endfacet
	facet normal -0.021159075975905033 0.08728089386297977 -0.9959590047137107
		outer loop
			vertex -0.027186160907149315 0.4357237219810486 -0.4888263940811157
			vertex -0.03851664438843727 0.43573424220085144 -0.4885847568511963
			vertex -0.03851228207349777 0.43651440739631653 -0.4885164797306061
		endloop
	endfacet
	facet normal -0.10560765316935261 0.08751352057758661 -0.990549548133852
		outer loop
			vertex -0.08146163076162338 0.43586236238479614 -0.48564040660858154
			vertex -0.11526934802532196 0.4360198378562927 -0.48202207684516907
			vertex -0.11525629460811615 0.4367999732494354 -0.48195454478263855
		endloop
	endfacet
	facet normal -0.14758132695610948 0.08774133923619797 -0.9851503485879262
		outer loop
			vertex -0.1354253590106964 0.43615177273750305 -0.4789908230304718
			vertex -0.15336556732654572 0.4362691640853882 -0.47629281878471375
			vertex -0.1533481925725937 0.4370492696762085 -0.47622594237327576
		endloop
	endfacet
	facet normal 0.03555234063724875 0.9744132073069761 -0.221934523003847
		outer loop
			vertex 0.18594659864902496 0.43952205777168274 -0.4677969813346863
			vertex 0.18608759343624115 0.43949833512306213 -0.4678785502910614
			vertex 0.15298773348331451 0.43925946950912476 -0.4742296636104584
		endloop
	endfacet
	facet normal 0.13733243839336007 0.6563212448233986 -0.7418774999677498
		outer loop
			vertex 0.18775631487369537 0.4387679696083069 -0.4688236713409424
			vertex 0.1878206431865692 0.4387146234512329 -0.4688589572906494
			vertex 0.15321625769138336 0.43842613697052 -0.47551995515823364
		endloop
	endfacet
	facet normal 0.15626637169394253 0.53132312745532 -0.8326323049874468
		outer loop
			vertex 0.188094362616539 0.43844980001449585 -0.4690074622631073
			vertex 0.18848484754562378 0.4380074739456177 -0.4692164361476898
			vertex 0.15329726040363312 0.43778496980667114 -0.4759623408317566
		endloop
	endfacet
	facet normal 0.18905476645196329 0.03831830217783739 -0.9812186316005225
		outer loop
			vertex 0.1888965666294098 0.43706390261650085 -0.46941590309143066
			vertex 0.18894927203655243 0.4365680515766144 -0.46942511200904846
			vertex 0.15336556732654572 0.4362691640853882 -0.47629281878471375
		endloop
	endfacet
	facet normal 0.17856972929766007 0.2963248087037761 -0.9382454154032575
		outer loop
			vertex 0.1885758936405182 0.43786564469337463 -0.4692634642124176
			vertex 0.18881665170192719 0.4373466968536377 -0.46938154101371765
			vertex 0.1533481925725937 0.4370492696762085 -0.47622594237327576
		endloop
	endfacet
	facet normal 0.17852929824725144 0.29692878749456014 -0.9380621433702325
		outer loop
			vertex 0.18881665170192719 0.4373466968536377 -0.46938154101371765
			vertex 0.18882283568382263 0.4373333752155304 -0.4693845808506012
			vertex 0.1533481925725937 0.4370492696762085 -0.47622594237327576
		endloop
	endfacet
	facet normal 0.1879475990287352 0.08804666816592517 -0.9782246593928274
		outer loop
			vertex 0.1533481925725937 0.4370492696762085 -0.47622594237327576
			vertex 0.18882283568382263 0.4373333752155304 -0.4693845808506012
			vertex 0.15336556732654572 0.4362691640853882 -0.47629281878471375
		endloop
	endfacet
	facet normal 0.1839655998446345 0.1629694167561234 -0.9693284413840197
		outer loop
			vertex 0.18882283568382263 0.4373333752155304 -0.4693845808506012
			vertex 0.18884922564029694 0.4372369349002838 -0.46939578652381897
			vertex 0.15336556732654572 0.4362691640853882 -0.47629281878471375
		endloop
	endfacet
	facet normal 0.18396246374120145 0.1630236509665729 -0.9693199168281834
		outer loop
			vertex 0.15336556732654572 0.4362691640853882 -0.47629281878471375
			vertex 0.18884922564029694 0.4372369349002838 -0.46939578652381897
			vertex 0.1888965666294098 0.43706390261650085 -0.46941590309143066
		endloop
	endfacet
	facet normal 0.17478323267824222 0.34281167530565193 -0.9230010708816516
		outer loop
			vertex 0.15329726040363312 0.43778496980667114 -0.4759623408317566
			vertex 0.18848484754562378 0.4380074739456177 -0.4692164361476898
			vertex 0.1533481925725937 0.4370492696762085 -0.47622594237327576
		endloop
	endfacet
	facet normal 0.16813644504471395 0.4059190570930121 -0.8983094427514641
		outer loop
			vertex 0.18848484754562378 0.4380074739456177 -0.4692164361476898
			vertex 0.18856795132160187 0.4378780126571655 -0.4692593812942505
			vertex 0.1533481925725937 0.4370492696762085 -0.47622594237327576
		endloop
	endfacet
	facet normal 0.16826175162998408 0.4047666446334959 -0.8988058446241608
		outer loop
			vertex 0.1533481925725937 0.4370492696762085 -0.47622594237327576
			vertex 0.18856795132160187 0.4378780126571655 -0.4692593812942505
			vertex 0.1885758936405182 0.43786564469337463 -0.4692634642124176
		endloop
	endfacet
	facet normal 0.15012786314179025 0.5742513373633991 -0.8047962638114242
		outer loop
			vertex 0.15321625769138336 0.43842613697052 -0.47551995515823364
			vertex 0.1878206431865692 0.4387146234512329 -0.4688589572906494
			vertex 0.15329726040363312 0.43778496980667114 -0.4759623408317566
		endloop
	endfacet
	facet normal 0.13534628035877952 0.6548861900312302 -0.7435088852861291
		outer loop
			vertex 0.1878206431865692 0.4387146234512329 -0.4688589572906494
			vertex 0.18796969950199127 0.43859097361564636 -0.46894073486328125
			vertex 0.15329726040363312 0.43778496980667114 -0.4759623408317566
		endloop
	endfacet
	facet normal 0.15624424566156966 0.5314796381262223 -0.8325365637345106
		outer loop
			vertex 0.15329726040363312 0.43778496980667114 -0.4759623408317566
			vertex 0.18796969950199127 0.43859097361564636 -0.46894073486328125
			vertex 0.188094362616539 0.43844980001449585 -0.4690074622631073
		endloop
	endfacet
	facet normal 0.07318475559249159 0.9066382822015726 -0.41551295623054796
		outer loop
			vertex 0.15298773348331451 0.43925946950912476 -0.4742296636104584
			vertex 0.18608759343624115 0.43949833512306213 -0.4678785502910614
			vertex 0.15311066806316376 0.4389290511608124 -0.47492897510528564
		endloop
	endfacet
	facet normal 0.03192496525693585 0.9731610167574881 -0.22790004839156078
		outer loop
			vertex 0.18608759343624115 0.43949833512306213 -0.4678785502910614
			vertex 0.18645866215229034 0.4394358694553375 -0.46809330582618713
			vertex 0.15311066806316376 0.4389290511608124 -0.47492897510528564
		endloop
	endfacet
	facet normal 0.07648510987872953 0.8949844299548321 -0.4394916359901097
		outer loop
			vertex 0.15311066806316376 0.4389290511608124 -0.47492897510528564
			vertex 0.18645866215229034 0.4394358694553375 -0.46809330582618713
			vertex 0.18677015602588654 0.4393221139907837 -0.46827074885368347
		endloop
	endfacet
	facet normal 0.07646287232738463 0.8950399172421026 -0.4393824936188247
		outer loop
			vertex 0.18677015602588654 0.4393221139907837 -0.46827074885368347
			vertex 0.18681806325912476 0.4393046200275421 -0.4682980477809906
			vertex 0.15311066806316376 0.4389290511608124 -0.47492897510528564
		endloop
	endfacet
	facet normal 0.11055122570958213 0.7873107843258225 -0.6065642219735411
		outer loop
			vertex 0.18681806325912476 0.4393046200275421 -0.4682980477809906
			vertex 0.1870097517967224 0.4391949772834778 -0.46840542554855347
			vertex 0.15311066806316376 0.4389290511608124 -0.47492897510528564
		endloop
	endfacet
	facet normal 0.11554873902013671 0.7665632551410761 -0.631687632282265
		outer loop
			vertex 0.15311066806316376 0.4389290511608124 -0.47492897510528564
			vertex 0.1870097517967224 0.4391949772834778 -0.46840542554855347
			vertex 0.15321625769138336 0.43842613697052 -0.47551995515823364
		endloop
	endfacet
	facet normal 0.1099256814001507 0.7869244878356534 -0.6071788822194885
		outer loop
			vertex 0.1870097517967224 0.4391949772834778 -0.46840542554855347
			vertex 0.18747995793819427 0.4389260411262512 -0.4686688482761383
			vertex 0.15321625769138336 0.43842613697052 -0.47551995515823364
		endloop
	endfacet
	facet normal 0.10992962122121513 0.7869095736305349 -0.607197497777099
		outer loop
			vertex 0.15321625769138336 0.43842613697052 -0.47551995515823364
			vertex 0.18747995793819427 0.4389260411262512 -0.4686688482761383
			vertex 0.18775631487369537 0.4387679696083069 -0.4688236713409424
		endloop
	endfacet
	facet normal 0.024534541202481604 0.9849233117987027 -0.17124288646089633
		outer loop
			vertex 0.152855783700943 0.43939489126205444 -0.47346967458724976
			vertex 0.18510089814662933 0.4396630525588989 -0.467307448387146
			vertex 0.15298773348331451 0.43925946950912476 -0.4742296636104584
		endloop
	endfacet
	facet normal -0.0024059317632899877 0.9988883984789881 -0.04707630907826947
		outer loop
			vertex 0.18510089814662933 0.4396630525588989 -0.467307448387146
			vertex 0.18511037528514862 0.4396628141403198 -0.4673129916191101
			vertex 0.15298773348331451 0.43925946950912476 -0.4742296636104584
		endloop
	endfacet
	facet normal 0.035555560027024743 0.9744093684366197 -0.22195086135023817
		outer loop
			vertex 0.15298773348331451 0.43925946950912476 -0.4742296636104584
			vertex 0.18511037528514862 0.4396628141403198 -0.4673129916191101
			vertex 0.18594659864902496 0.43952205777168274 -0.4677969813346863
		endloop
	endfacet
	facet normal 0.00007284649196667851 0.9990709617096095 -0.04309533805442086
		outer loop
			vertex -0.18510089814662933 0.4396630525588989 -0.467307448387146
			vertex -0.152855783700943 0.43939489126205444 -0.47346967458724976
			vertex -0.18511037528514862 0.4396628141403198 -0.4673129916191101
		endloop
	endfacet
	facet normal -0.024506121238514967 0.9849231659426717 -0.17124779476334165
		outer loop
			vertex -0.152855783700943 0.43939489126205444 -0.47346967458724976
			vertex -0.15298773348331451 0.43925946950912476 -0.4742296636104584
			vertex -0.18511037528514862 0.4396628141403198 -0.4673129916191101
		endloop
	endfacet
	facet normal -0.07648204435346599 0.8949917685267847 -0.43947722484881174
		outer loop
			vertex -0.18681806325912476 0.4393046200275421 -0.4682980477809906
			vertex -0.18645866215229034 0.4394358694553375 -0.46809330582618713
			vertex -0.15311066806316376 0.4389290511608124 -0.47492897510528564
		endloop
	endfacet
	facet normal -0.031916107352343216 0.973171248639719 -0.2278575934931381
		outer loop
			vertex -0.18645866215229034 0.4394358694553375 -0.46809330582618713
			vertex -0.18608766794204712 0.43949830532073975 -0.4678786098957062
			vertex -0.15311066806316376 0.4389290511608124 -0.47492897510528564
		endloop
	endfacet
	facet normal -0.07318466209255461 0.9066382822134518 -0.4155129726728639
		outer loop
			vertex -0.15311066806316376 0.4389290511608124 -0.47492897510528564
			vertex -0.18608766794204712 0.43949830532073975 -0.4678786098957062
			vertex -0.15298773348331451 0.43925946950912476 -0.4742296636104584
		endloop
	endfacet
	facet normal -0.06605269677453686 0.9230525694885684 -0.3789604137761131
		outer loop
			vertex -0.18608766794204712 0.43949830532073975 -0.4678786098957062
			vertex -0.18608759343624115 0.43949833512306213 -0.4678785502910614
			vertex -0.15298773348331451 0.43925946950912476 -0.4742296636104584
		endloop
	endfacet
	facet normal -0.03555505875213456 0.9744099098139367 -0.22194856488278572
		outer loop
			vertex -0.15298773348331451 0.43925946950912476 -0.4742296636104584
			vertex -0.18608759343624115 0.43949833512306213 -0.4678785502910614
			vertex -0.18511037528514862 0.4396628141403198 -0.4673129916191101
		endloop
	endfacet
	facet normal -0.1155487554414345 0.7665632551072549 -0.6316876293195121
		outer loop
			vertex -0.15321625769138336 0.43842613697052 -0.47551995515823364
			vertex -0.1870097815990448 0.4391949474811554 -0.46840545535087585
			vertex -0.15311066806316376 0.4389290511608124 -0.47492897510528564
		endloop
	endfacet
	facet normal -0.11741404574637258 0.7584644496977264 -0.6410504039513538
		outer loop
			vertex -0.1870097815990448 0.4391949474811554 -0.46840545535087585
			vertex -0.1870097517967224 0.4391949772834778 -0.46840542554855347
			vertex -0.15311066806316376 0.4389290511608124 -0.47492897510528564
		endloop
	endfacet
	facet normal -0.11055122570958213 0.7873107843258225 -0.6065642219735411
		outer loop
			vertex -0.15311066806316376 0.4389290511608124 -0.47492897510528564
			vertex -0.1870097517967224 0.4391949772834778 -0.46840542554855347
			vertex -0.18681806325912476 0.4393046200275421 -0.4682980477809906
		endloop
	endfacet
	facet normal -0.13734409353327748 0.6562536659096281 -0.741935122468061
		outer loop
			vertex -0.18796969950199127 0.43859097361564636 -0.46894073486328125
			vertex -0.1878206431865692 0.4387146234512329 -0.4688589572906494
			vertex -0.15321625769138336 0.43842613697052 -0.47551995515823364
		endloop
	endfacet
	facet normal -0.13733243839336007 0.6563212448233986 -0.7418774999677498
		outer loop
			vertex -0.1878206431865692 0.4387146234512329 -0.4688589572906494
			vertex -0.18775631487369537 0.4387679696083069 -0.4688236713409424
			vertex -0.15321625769138336 0.43842613697052 -0.47551995515823364
		endloop
	endfacet
	facet normal -0.10992677361131846 0.786920860419172 -0.607183385708598
		outer loop
			vertex -0.15321625769138336 0.43842613697052 -0.47551995515823364
			vertex -0.18775631487369537 0.4387679696083069 -0.4688236713409424
			vertex -0.1870097815990448 0.4391949474811554 -0.46840545535087585
		endloop
	endfacet
	facet normal -0.17449048959088664 0.34281130347309946 -0.923056595910244
		outer loop
			vertex -0.1533481925725937 0.4370492696762085 -0.47622594237327576
			vertex -0.1885758936405182 0.43786564469337463 -0.4692634642124176
			vertex -0.15329726040363312 0.43778496980667114 -0.4759623408317566
		endloop
	endfacet
	facet normal -0.16954363014930934 0.40652237160161137 -0.8977719748706771
		outer loop
			vertex -0.1885758936405182 0.43786564469337463 -0.4692634642124176
			vertex -0.18848484754562378 0.4380074739456177 -0.4692164361476898
			vertex -0.15329726040363312 0.43778496980667114 -0.4759623408317566
		endloop
	endfacet
	facet normal -0.15064017411656047 0.5742504452276798 -0.8047011644691117
		outer loop
			vertex -0.15329726040363312 0.43778496980667114 -0.4759623408317566
			vertex -0.18848484754562378 0.4380074739456177 -0.4692164361476898
			vertex -0.15321625769138336 0.43842613697052 -0.47551995515823364
		endloop
	endfacet
	facet normal -0.1552315041475759 0.530595901527368 -0.8332893671483158
		outer loop
			vertex -0.18848484754562378 0.4380074739456177 -0.4692164361476898
			vertex -0.18842506408691406 0.4380751848220825 -0.4691844582557678
			vertex -0.15321625769138336 0.43842613697052 -0.47551995515823364
		endloop
	endfacet
	facet normal -0.1552167811225622 0.5307413319854444 -0.8331994895463313
		outer loop
			vertex -0.15321625769138336 0.43842613697052 -0.47551995515823364
			vertex -0.18842506408691406 0.4380751848220825 -0.4691844582557678
			vertex -0.18796969950199127 0.43859097361564636 -0.46894073486328125
		endloop
	endfacet
	facet normal -0.18905476645196329 0.03831830217783739 -0.9812186316005225
		outer loop
			vertex -0.18894927203655243 0.4365680515766144 -0.46942511200904846
			vertex -0.1888965666294098 0.43706390261650085 -0.46941590309143066
			vertex -0.15336556732654572 0.4362691640853882 -0.47629281878471375
		endloop
	endfacet
	facet normal -0.18396349309970209 0.16300421852253924 -0.9693229894882368
		outer loop
			vertex -0.1888965666294098 0.43706390261650085 -0.46941590309143066
			vertex -0.18882283568382263 0.4373333752155304 -0.4693845808506012
			vertex -0.15336556732654572 0.4362691640853882 -0.47629281878471375
		endloop
	endfacet
	facet normal -0.1879475990287352 0.08804666816592517 -0.9782246593928274
		outer loop
			vertex -0.15336556732654572 0.4362691640853882 -0.47629281878471375
			vertex -0.18882283568382263 0.4373333752155304 -0.4693845808506012
			vertex -0.1533481925725937 0.4370492696762085 -0.47622594237327576
		endloop
	endfacet
	facet normal -0.17852929824725144 0.29692878749456014 -0.9380621433702325
		outer loop
			vertex -0.18882283568382263 0.4373333752155304 -0.4693845808506012
			vertex -0.18881665170192719 0.4373466968536377 -0.46938154101371765
			vertex -0.1533481925725937 0.4370492696762085 -0.47622594237327576
		endloop
	endfacet
	facet normal -0.17856972929766007 0.2963248087037761 -0.9382454154032575
		outer loop
			vertex -0.1533481925725937 0.4370492696762085 -0.47622594237327576
			vertex -0.18881665170192719 0.4373466968536377 -0.46938154101371765
			vertex -0.1885758936405182 0.43786564469337463 -0.4692634642124176
		endloop
	endfacet
	facet normal -0.019438738324989827 0.984884066378832 -0.17212062992398416
		outer loop
			vertex -0.152855783700943 0.43939489126205444 -0.47346967458724976
			vertex -0.11488620191812515 0.43914636969566345 -0.47917988896369934
			vertex -0.15298773348331451 0.43925946950912476 -0.4742296636104584
		endloop
	endfacet
	facet normal -0.01943253240428935 0.984892501769257 -0.17207305612166776
		outer loop
			vertex -0.11488620191812515 0.43914636969566345 -0.47917988896369934
			vertex -0.11498536914587021 0.43901076912879944 -0.4799448251724243
			vertex -0.15298773348331451 0.43925946950912476 -0.4742296636104584
		endloop
	endfacet
	facet normal -0.056976226476223815 0.9065177052702986 -0.418305342600357
		outer loop
			vertex -0.15298773348331451 0.43925946950912476 -0.4742296636104584
			vertex -0.11498536914587021 0.43901076912879944 -0.4799448251724243
			vertex -0.15311066806316376 0.4389290511608124 -0.47492897510528564
		endloop
	endfacet
	facet normal -0.05697749701754831 0.9065131346870959 -0.41831507440372073
		outer loop
			vertex -0.11498536914587021 0.43901076912879944 -0.4799448251724243
			vertex -0.11507777869701385 0.43868014216423035 -0.4806487262248993
			vertex -0.15311066806316376 0.4389290511608124 -0.47492897510528564
		endloop
	endfacet
	facet normal -0.09062848985879171 0.7663694190814824 -0.635975149139199
		outer loop
			vertex -0.15311066806316376 0.4389290511608124 -0.47492897510528564
			vertex -0.11507777869701385 0.43868014216423035 -0.4806487262248993
			vertex -0.15321625769138336 0.43842613697052 -0.47551995515823364
		endloop
	endfacet
	facet normal -0.09063015913988041 0.766358470460218 -0.6359881044549147
		outer loop
			vertex -0.11507777869701385 0.43868014216423035 -0.4806487262248993
			vertex -0.1151571273803711 0.43817704916000366 -0.48124364018440247
			vertex -0.15321625769138336 0.43842613697052 -0.47551995515823364
		endloop
	endfacet
	facet normal -0.11810289576129288 0.5739989308974066 -0.8102943498145792
		outer loop
			vertex -0.15321625769138336 0.43842613697052 -0.47551995515823364
			vertex -0.1151571273803711 0.43817704916000366 -0.48124364018440247
			vertex -0.15329726040363312 0.43778496980667114 -0.4759623408317566
		endloop
	endfacet
	facet normal -0.11810328785282735 0.5739943755476129 -0.8102975195803443
		outer loop
			vertex -0.1151571273803711 0.43817704916000366 -0.48124364018440247
			vertex -0.11521802097558975 0.43753576278686523 -0.4816890358924866
			vertex -0.15329726040363312 0.43778496980667114 -0.4759623408317566
		endloop
	endfacet
	facet normal -0.13752826929602446 0.34252153312778205 -0.9293895708949149
		outer loop
			vertex -0.15329726040363312 0.43778496980667114 -0.4759623408317566
			vertex -0.11521802097558975 0.43753576278686523 -0.4816890358924866
			vertex -0.1533481925725937 0.4370492696762085 -0.47622594237327576
		endloop
	endfacet
	facet normal -0.13752821569281712 0.34252290009736586 -0.9293890750365209
		outer loop
			vertex -0.11521802097558975 0.43753576278686523 -0.4816890358924866
			vertex -0.11525629460811615 0.4367999732494354 -0.48195454478263855
			vertex -0.1533481925725937 0.4370492696762085 -0.47622594237327576
		endloop
	endfacet
	facet normal -0.14758163361311352 0.08773642275759276 -0.9851507405173006
		outer loop
			vertex -0.1533481925725937 0.4370492696762085 -0.47622594237327576
			vertex -0.11525629460811615 0.4367999732494354 -0.48195454478263855
			vertex -0.1354253590106964 0.43615177273750305 -0.4789908230304718
		endloop
	endfacet
	facet normal -0.1475818569248668 0.08774840270962861 -0.9851496400692217
		outer loop
			vertex -0.11525629460811615 0.4367999732494354 -0.48195454478263855
			vertex -0.11526934802532196 0.4360198378562927 -0.48202207684516907
			vertex -0.1354253590106964 0.43615177273750305 -0.4789908230304718
		endloop
	endfacet
	facet normal -0.1056068697577485 0.08749095674801456 -0.990551624877415
		outer loop
			vertex -0.07696311175823212 0.4358414113521576 -0.48612186312675476
			vertex -0.08146163076162338 0.43586236238479614 -0.48564040660858154
			vertex -0.07695439457893372 0.4366215765476227 -0.4860538840293884
		endloop
	endfacet
	facet normal -0.10560818162590564 0.08749921854135287 -0.990550755250998
		outer loop
			vertex -0.08146163076162338 0.43586236238479614 -0.48564040660858154
			vertex -0.11525629460811615 0.4367999732494354 -0.48195454478263855
			vertex -0.07695439457893372 0.4366215765476227 -0.4860538840293884
		endloop
	endfacet
	facet normal -0.09841352339345763 0.34231480673992765 -0.9344171185824303
		outer loop
			vertex -0.07695439457893372 0.4366215765476227 -0.4860538840293884
			vertex -0.11525629460811615 0.4367999732494354 -0.48195454478263855
			vertex -0.07692883908748627 0.43735742568969727 -0.4857870042324066
		endloop
	endfacet
	facet normal -0.09841375835682754 0.34230405622997767 -0.9344210321127133
		outer loop
			vertex -0.11525629460811615 0.4367999732494354 -0.48195454478263855
			vertex -0.11521802097558975 0.43753576278686523 -0.4816890358924866
			vertex -0.07692883908748627 0.43735742568969727 -0.4857870042324066
		endloop
	endfacet
	facet normal -0.08451458561669543 0.5737920486847458 -0.8146287311924376
		outer loop
			vertex -0.07692883908748627 0.43735742568969727 -0.4857870042324066
			vertex -0.11521802097558975 0.43753576278686523 -0.4816890358924866
			vertex -0.07688818126916885 0.43799880146980286 -0.4853394627571106
		endloop
	endfacet
	facet normal -0.08451381546584338 0.5738061892265115 -0.8146188508749073
		outer loop
			vertex -0.11521802097558975 0.43753576278686523 -0.4816890358924866
			vertex -0.1151571273803711 0.43817704916000366 -0.48124364018440247
			vertex -0.07688818126916885 0.43799880146980286 -0.4853394627571106
		endloop
	endfacet
	facet normal -0.06485322472052996 0.7662212954777958 -0.6392956949641352
		outer loop
			vertex -0.07688818126916885 0.43799880146980286 -0.4853394627571106
			vertex -0.1151571273803711 0.43817704916000366 -0.48124364018440247
			vertex -0.07683520019054413 0.4385020136833191 -0.4847417175769806
		endloop
	endfacet
	facet normal -0.06485393259747167 0.7662142165151637 -0.6393041074767913
		outer loop
			vertex -0.1151571273803711 0.43817704916000366 -0.48124364018440247
			vertex -0.11507777869701385 0.43868014216423035 -0.4806487262248993
			vertex -0.07683520019054413 0.4385020136833191 -0.4847417175769806
		endloop
	endfacet
	facet normal -0.040771750772724734 0.9064242586297385 -0.4203959178042239
		outer loop
			vertex -0.07683520019054413 0.4385020136833191 -0.4847417175769806
			vertex -0.11507777869701385 0.43868014216423035 -0.4806487262248993
			vertex -0.076773501932621 0.4388327896595001 -0.4840345084667206
		endloop
	endfacet
	facet normal -0.04077209757778418 0.9064223841194091 -0.42039992581635166
		outer loop
			vertex -0.11507777869701385 0.43868014216423035 -0.4806487262248993
			vertex -0.11498536914587021 0.43901076912879944 -0.4799448251724243
			vertex -0.076773501932621 0.4388327896595001 -0.4840345084667206
		endloop
	endfacet
	facet normal -0.013904951896687522 0.9848621180606377 -0.17278096168810214
		outer loop
			vertex -0.076773501932621 0.4388327896595001 -0.4840345084667206
			vertex -0.11498536914587021 0.43901076912879944 -0.4799448251724243
			vertex -0.07670729607343674 0.4389685392379761 -0.48326605558395386
		endloop
	endfacet
	facet normal -0.013905228005211006 0.9848615571292568 -0.1727841367807215
		outer loop
			vertex -0.11498536914587021 0.43901076912879944 -0.4799448251724243
			vertex -0.11488620191812515 0.43914636969566345 -0.47917988896369934
			vertex -0.07670729607343674 0.4389685392379761 -0.48326605558395386
		endloop
	endfacet
	facet normal -0.008353569653357906 0.9848414683591608 -0.17325559175454885
		outer loop
			vertex -0.07670729607343674 0.4389685392379761 -0.48326605558395386
			vertex -0.03838861733675003 0.4388617277145386 -0.48572075366973877
			vertex -0.076773501932621 0.4388327896595001 -0.4840345084667206
		endloop
	endfacet
	facet normal -0.008355057865356294 0.9848354773315648 -0.1732895715188181
		outer loop
			vertex -0.03838861733675003 0.4388617277145386 -0.48572075366973877
			vertex -0.03842175379395485 0.43872585892677307 -0.486491322517395
			vertex -0.076773501932621 0.4388327896595001 -0.4840345084667206
		endloop
	endfacet
	facet normal -0.024492653725284856 0.9063636975024266 -0.42178781130234566
		outer loop
			vertex -0.076773501932621 0.4388327896595001 -0.4840345084667206
			vertex -0.03842175379395485 0.43872585892677307 -0.486491322517395
			vertex -0.07683520019054413 0.4385020136833191 -0.4847417175769806
		endloop
	endfacet
	facet normal -0.024491625337205256 0.9063748991534605 -0.42176379938645375
		outer loop
			vertex -0.03842175379395485 0.43872585892677307 -0.486491322517395
			vertex -0.0384526327252388 0.43839502334594727 -0.4872004985809326
			vertex -0.07683520019054413 0.4385020136833191 -0.4847417175769806
		endloop
	endfacet
	facet normal -0.03895945433607558 0.766124971050511 -0.6415096956794097
		outer loop
			vertex -0.07683520019054413 0.4385020136833191 -0.4847417175769806
			vertex -0.0384526327252388 0.43839502334594727 -0.4872004985809326
			vertex -0.07688818126916885 0.43799880146980286 -0.4853394627571106
		endloop
	endfacet
	facet normal -0.03895983470646413 0.7661169423846286 -0.6415192607169897
		outer loop
			vertex -0.0384526327252388 0.43839502334594727 -0.4872004985809326
			vertex -0.03847914934158325 0.43789172172546387 -0.4877999424934387
			vertex -0.07688818126916885 0.43799880146980286 -0.4853394627571106
		endloop
	endfacet
	facet normal -0.05077057990932255 0.5736663234483155 -0.8175140962435842
		outer loop
			vertex -0.07688818126916885 0.43799880146980286 -0.4853394627571106
			vertex -0.03847914934158325 0.43789172172546387 -0.4877999424934387
			vertex -0.07692883908748627 0.43735742568969727 -0.4857870042324066
		endloop
	endfacet
	facet normal -0.05077042608137695 0.573673080021083 -0.8175093645302416
		outer loop
			vertex -0.03847914934158325 0.43789172172546387 -0.4877999424934387
			vertex -0.03849949315190315 0.4372502863407135 -0.4882487952709198
			vertex -0.07692883908748627 0.43735742568969727 -0.4857870042324066
		endloop
	endfacet
	facet normal -0.059120206658837014 0.3421686897519721 -0.9377768332167494
		outer loop
			vertex -0.07692883908748627 0.43735742568969727 -0.4857870042324066
			vertex -0.03849949315190315 0.4372502863407135 -0.4882487952709198
			vertex -0.07695439457893372 0.4366215765476227 -0.4860538840293884
		endloop
	endfacet
	facet normal -0.059120262125782176 0.34215625392451776 -0.937781367114169
		outer loop
			vertex -0.03849949315190315 0.4372502863407135 -0.4882487952709198
			vertex -0.03851228207349777 0.43651440739631653 -0.4885164797306061
			vertex -0.07695439457893372 0.4366215765476227 -0.4860538840293884
		endloop
	endfacet
	facet normal -0.06344206311004938 0.08733396838637157 -0.9941568702142681
		outer loop
			vertex -0.07695439457893372 0.4366215765476227 -0.4860538840293884
			vertex -0.03851228207349777 0.43651440739631653 -0.4885164797306061
			vertex -0.07696311175823212 0.4358414113521576 -0.48612186312675476
		endloop
	endfacet
	facet normal -0.06344236797262098 0.08735940869744153 -0.9941546155694597
		outer loop
			vertex -0.03851228207349777 0.43651440739631653 -0.4885164797306061
			vertex -0.03851664438843727 0.43573424220085144 -0.4885847568511963
			vertex -0.07696311175823212 0.4358414113521576 -0.48612186312675476
		endloop
	endfacet
	facet normal -0.002786480621414041 0.9848251330192201 -0.17352721083283146
		outer loop
			vertex -0.03838861733675003 0.4388617277145386 -0.48572075366973877
			vertex 5.551115123125783e-17 0.4388260841369629 -0.48653948307037354
			vertex -0.03842175379395485 0.43872585892677307 -0.486491322517395
		endloop
	endfacet
	facet normal -0.0027864488924115188 0.9848321744129068 -0.17348724432567406
		outer loop
			vertex 5.551115123125783e-17 0.4388260841369629 -0.48653948307037354
			vertex 8.326672684688674e-17 0.4386902153491974 -0.4873107671737671
			vertex -0.03842175379395485 0.43872585892677307 -0.486491322517395
		endloop
	endfacet
	facet normal -0.008169265946400252 0.9063445831502179 -0.42246036463573106
		outer loop
			vertex -0.03842175379395485 0.43872585892677307 -0.486491322517395
			vertex 8.326672684688674e-17 0.4386902153491974 -0.4873107671737671
			vertex -0.0384526327252388 0.43839502334594727 -0.4872004985809326
		endloop
	endfacet
	facet normal -0.008169241851023308 0.9063287802873724 -0.42249426683729513
		outer loop
			vertex 8.326672684688674e-17 0.4386902153491974 -0.4873107671737671
			vertex 8.326672684688674e-17 0.4383593201637268 -0.4880205988883972
			vertex -0.0384526327252388 0.43839502334594727 -0.4872004985809326
		endloop
	endfacet
	facet normal -0.012994371405237027 0.7660686945202848 -0.6426273427016387
		outer loop
			vertex -0.0384526327252388 0.43839502334594727 -0.4872004985809326
			vertex 8.326672684688674e-17 0.4383593201637268 -0.4880205988883972
			vertex -0.03847914934158325 0.43789172172546387 -0.4877999424934387
		endloop
	endfacet
	facet normal -0.01299437212673838 0.7660688302577865 -0.6426271808758939
		outer loop
			vertex 8.326672684688674e-17 0.4383593201637268 -0.4880205988883972
			vertex 8.326672684688674e-17 0.4378560185432434 -0.4886205792427063
			vertex -0.03847914934158325 0.43789172172546387 -0.4877999424934387
		endloop
	endfacet
	facet normal -0.016933416086638307 0.5736103035214516 -0.8189532826197505
		outer loop
			vertex -0.03847914934158325 0.43789172172546387 -0.4877999424934387
			vertex 8.326672684688674e-17 0.4378560185432434 -0.4886205792427063
			vertex -0.03849949315190315 0.4372502863407135 -0.4882487952709198
		endloop
	endfacet
	facet normal -0.016933458433858635 0.5736150256435767 -0.8189499742605696
		outer loop
			vertex 8.326672684688674e-17 0.4378560185432434 -0.4886205792427063
			vertex 8.326672684688674e-17 0.43721455335617065 -0.4890698790550232
			vertex -0.03849949315190315 0.4372502863407135 -0.4882487952709198
		endloop
	endfacet
	facet normal -0.019718545425530788 0.34208312092742643 -0.9394627812440752
		outer loop
			vertex -0.03849949315190315 0.4372502863407135 -0.4882487952709198
			vertex 8.326672684688674e-17 0.43721455335617065 -0.4890698790550232
			vertex -0.03851228207349777 0.43651440739631653 -0.4885164797306061
		endloop
	endfacet
	facet normal -0.019718384080854127 0.3420706558421932 -0.9394673234024331
		outer loop
			vertex 8.326672684688674e-17 0.43721455335617065 -0.4890698790550232
			vertex 8.326672684688674e-17 0.4364786446094513 -0.48933783173561096
			vertex -0.03851228207349777 0.43651440739631653 -0.4885164797306061
		endloop
	endfacet
	facet normal -0.0211598107855961 0.08727071173756286 -0.9959598813608594
		outer loop
			vertex -0.03851228207349777 0.43651440739631653 -0.4885164797306061
			vertex 8.326672684688674e-17 0.4364786446094513 -0.48933783173561096
			vertex -0.027186160907149315 0.4357237219810486 -0.4888263940811157
		endloop
	endfacet
	facet normal -0.021159968427890277 0.08727674942600111 -0.9959593489423962
		outer loop
			vertex 8.326672684688674e-17 0.4364786446094513 -0.48933783173561096
			vertex 8.326672684688674e-17 0.4356984794139862 -0.48940619826316833
			vertex -0.027186160907149315 0.4357237219810486 -0.4888263940811157
		endloop
	endfacet
	facet normal 0.021159075975905033 0.08728089386297977 -0.9959590047137107
		outer loop
			vertex 0.03851664438843727 0.43573424220085144 -0.4885847568511963
			vertex 0.027186160907149315 0.4357237219810486 -0.4888263940811157
			vertex 0.03851228207349777 0.43651440739631653 -0.4885164797306061
		endloop
	endfacet
	facet normal 0.0211598107855962 0.0872707117375617 -0.9959598813608596
		outer loop
			vertex 0.027186160907149315 0.4357237219810486 -0.4888263940811157
			vertex 8.326672684688674e-17 0.4364786446094513 -0.48933783173561096
			vertex 0.03851228207349777 0.43651440739631653 -0.4885164797306061
		endloop
	endfacet
	facet normal 0.019718275775883466 0.34208311860725016 -0.9394627877485965
		outer loop
			vertex 0.03851228207349777 0.43651440739631653 -0.4885164797306061
			vertex 8.326672684688674e-17 0.4364786446094513 -0.48933783173561096
			vertex 0.03849949315190315 0.4372502863407135 -0.4882487952709198
		endloop
	endfacet
	facet normal 0.019718653761209744 0.34207065402245745 -0.9394673184046871
		outer loop
			vertex 8.326672684688674e-17 0.4364786446094513 -0.48933783173561096
			vertex 8.326672684688674e-17 0.43721455335617065 -0.4890698790550232
			vertex 0.03849949315190315 0.4372502863407135 -0.4882487952709198
		endloop
	endfacet
	facet normal 0.01693353330125669 0.5736103048781217 -0.8189532792458698
		outer loop
			vertex 0.03849949315190315 0.4372502863407135 -0.4882487952709198
			vertex 8.326672684688674e-17 0.43721455335617065 -0.4890698790550232
			vertex 0.03847914934158325 0.43789172172546387 -0.4877999424934387
		endloop
	endfacet
	facet normal 0.016933341182127894 0.5736150267827991 -0.8189499758870369
		outer loop
			vertex 8.326672684688674e-17 0.43721455335617065 -0.4890698790550232
			vertex 8.326672684688674e-17 0.4378560185432434 -0.4886205792427063
			vertex 0.03847914934158325 0.43789172172546387 -0.4877999424934387
		endloop
	endfacet
	facet normal 0.012994375700716957 0.7660686945710572 -0.6426273425542558
		outer loop
			vertex 0.03847914934158325 0.43789172172546387 -0.4877999424934387
			vertex 8.326672684688674e-17 0.4378560185432434 -0.4886205792427063
			vertex 0.0384526327252388 0.43839502334594727 -0.4872004985809326
		endloop
	endfacet
	facet normal 0.01299436782858493 0.76606883030058 -0.6426271809117919
		outer loop
			vertex 8.326672684688674e-17 0.4378560185432434 -0.4886205792427063
			vertex 8.326672684688674e-17 0.4383593201637268 -0.4880205988883972
			vertex 0.0384526327252388 0.43839502334594727 -0.4872004985809326
		endloop
	endfacet
	facet normal 0.008168504770551446 0.9063445760961014 -0.4224603944880415
		outer loop
			vertex 0.0384526327252388 0.43839502334594727 -0.4872004985809326
			vertex 8.326672684688674e-17 0.4383593201637268 -0.4880205988883972
			vertex 0.03842175379395485 0.43872585892677307 -0.486491322517395
		endloop
	endfacet
	facet normal 0.008170003609105051 0.9063287746466617 -0.4224942642078212
		outer loop
			vertex 8.326672684688674e-17 0.4383593201637268 -0.4880205988883972
			vertex 8.326672684688674e-17 0.4386902153491974 -0.4873107671737671
			vertex 0.03842175379395485 0.43872585892677307 -0.486491322517395
		endloop
	endfacet
	facet normal 0.0027873070680429386 0.9848251368243616 -0.17352717596441772
		outer loop
			vertex 0.03842175379395485 0.43872585892677307 -0.486491322517395
			vertex 8.326672684688674e-17 0.4386902153491974 -0.4873107671737671
			vertex 0.03838861733675003 0.4388617277145386 -0.48572075366973877
		endloop
	endfacet
	facet normal 0.0027856217082580926 0.9848321766825335 -0.17348724472548946
		outer loop
			vertex 8.326672684688674e-17 0.4386902153491974 -0.4873107671737671
			vertex 5.551115123125783e-17 0.4388260841369629 -0.48653948307037354
			vertex 0.03838861733675003 0.4388617277145386 -0.48572075366973877
		endloop
	endfacet
	facet normal 0.008355761157175385 0.9848354767057653 -0.17328954116510478
		outer loop
			vertex 0.03838861733675003 0.4388617277145386 -0.48572075366973877
			vertex 0.07670729607343674 0.4389685392379761 -0.48326605558395386
			vertex 0.03842175379395485 0.43872585892677307 -0.486491322517395
		endloop
	endfacet
	facet normal 0.008352868249161448 0.9848414638185695 -0.17325565138173635
		outer loop
			vertex 0.07670729607343674 0.4389685392379761 -0.48326605558395386
			vertex 0.076773501932621 0.4388327896595001 -0.4840345084667206
			vertex 0.03842175379395485 0.43872585892677307 -0.486491322517395
		endloop
	endfacet
	facet normal 0.024491085875221884 0.9063749021496985 -0.42176382427346354
		outer loop
			vertex 0.03842175379395485 0.43872585892677307 -0.486491322517395
			vertex 0.076773501932621 0.4388327896595001 -0.4840345084667206
			vertex 0.0384526327252388 0.43839502334594727 -0.4872004985809326
		endloop
	endfacet
	facet normal 0.024493191916175546 0.906363703502781 -0.42178776715604316
		outer loop
			vertex 0.076773501932621 0.4388327896595001 -0.4840345084667206
			vertex 0.07683520019054413 0.4385020136833191 -0.4847417175769806
			vertex 0.0384526327252388 0.43839502334594727 -0.4872004985809326
		endloop
	endfacet
	facet normal 0.03896008862594327 0.7661169403252169 -0.6415192477556593
		outer loop
			vertex 0.0384526327252388 0.43839502334594727 -0.4872004985809326
			vertex 0.07683520019054413 0.4385020136833191 -0.4847417175769806
			vertex 0.03847914934158325 0.43789172172546387 -0.4877999424934387
		endloop
	endfacet
	facet normal 0.03895920084953573 0.7661249675765532 -0.6415097152226075
		outer loop
			vertex 0.07683520019054413 0.4385020136833191 -0.4847417175769806
			vertex 0.07688818126916885 0.43799880146980286 -0.4853394627571106
			vertex 0.03847914934158325 0.43789172172546387 -0.4877999424934387
		endloop
	endfacet
	facet normal 0.05077025856307629 0.5736730813402671 -0.8175093740080306
		outer loop
			vertex 0.03847914934158325 0.43789172172546387 -0.4877999424934387
			vertex 0.07688818126916885 0.43799880146980286 -0.4853394627571106
			vertex 0.03849949315190315 0.4372502863407135 -0.4882487952709198
		endloop
	endfacet
	facet normal 0.05077074725949391 0.5736663257015163 -0.8175140842693992
		outer loop
			vertex 0.07688818126916885 0.43799880146980286 -0.4853394627571106
			vertex 0.07692883908748627 0.43735742568969727 -0.4857870042324066
			vertex 0.03849949315190315 0.4372502863407135 -0.4882487952709198
		endloop
	endfacet
	facet normal 0.059120530721412136 0.34215625260766036 -0.9377813506616037
		outer loop
			vertex 0.03849949315190315 0.4372502863407135 -0.4882487952709198
			vertex 0.07692883908748627 0.43735742568969727 -0.4857870042324066
			vertex 0.03851228207349777 0.43651440739631653 -0.4885164797306061
		endloop
	endfacet
	facet normal 0.05911993817422595 0.3421686869387583 -0.937776851169233
		outer loop
			vertex 0.07692883908748627 0.43735742568969727 -0.4857870042324066
			vertex 0.07695439457893372 0.4366215765476227 -0.4860538840293884
			vertex 0.03851228207349777 0.43651440739631653 -0.4885164797306061
		endloop
	endfacet
	facet normal 0.06344184987321756 0.08735940869401364 -0.9941546486323426
		outer loop
			vertex 0.03851228207349777 0.43651440739631653 -0.4885164797306061
			vertex 0.07695439457893372 0.4366215765476227 -0.4860538840293884
			vertex 0.03851664438843727 0.43573424220085144 -0.4885847568511963
		endloop
	endfacet
	facet normal 0.06344258117838926 0.08733397127220754 -0.9941568369001185
		outer loop
			vertex 0.07695439457893372 0.4366215765476227 -0.4860538840293884
			vertex 0.07696311175823212 0.4358414113521576 -0.48612186312675476
			vertex 0.03851664438843727 0.43573424220085144 -0.4885847568511963
		endloop
	endfacet
	facet normal 0.013904886177532369 0.9848621179971453 -0.1727809673389028
		outer loop
			vertex 0.07670729607343674 0.4389685392379761 -0.48326605558395386
			vertex 0.11488620191812515 0.43914636969566345 -0.47917988896369934
			vertex 0.076773501932621 0.4388327896595001 -0.4840345084667206
		endloop
	endfacet
	facet normal 0.013905293428544964 0.9848615576765289 -0.17278412839617888
		outer loop
			vertex 0.11488620191812515 0.43914636969566345 -0.47917988896369934
			vertex 0.11498536914587021 0.43901076912879944 -0.4799448251724243
			vertex 0.076773501932621 0.4388327896595001 -0.4840345084667206
		endloop
	endfacet
	facet normal 0.040771660739110094 0.9064242589640285 -0.4203959258152806
		outer loop
			vertex 0.076773501932621 0.4388327896595001 -0.4840345084667206
			vertex 0.11498536914587021 0.43901076912879944 -0.4799448251724243
			vertex 0.07683520019054413 0.4385020136833191 -0.4847417175769806
		endloop
	endfacet
	facet normal 0.04077218726303572 0.9064223852908645 -0.4203999145925311
		outer loop
			vertex 0.11498536914587021 0.43901076912879944 -0.4799448251724243
			vertex 0.11507777869701385 0.43868014216423035 -0.4806487262248993
			vertex 0.07683520019054413 0.4385020136833191 -0.4847417175769806
		endloop
	endfacet
	facet normal 0.0648530014953722 0.7662212968792212 -0.6392957159294637
		outer loop
			vertex 0.07683520019054413 0.4385020136833191 -0.4847417175769806
			vertex 0.11507777869701385 0.43868014216423035 -0.4806487262248993
			vertex 0.07688818126916885 0.43799880146980286 -0.4853394627571106
		endloop
	endfacet
	facet normal 0.06485415518239745 0.7662142199923473 -0.6393040807292697
		outer loop
			vertex 0.11507777869701385 0.43868014216423035 -0.4806487262248993
			vertex 0.1151571273803711 0.43817704916000366 -0.48124364018440247
			vertex 0.07688818126916885 0.43799880146980286 -0.4853394627571106
		endloop
	endfacet
	facet normal 0.08451493508146092 0.5737920465757769 -0.8146286964222156
		outer loop
			vertex 0.07688818126916885 0.43799880146980286 -0.4853394627571106
			vertex 0.1151571273803711 0.43817704916000366 -0.48124364018440247
			vertex 0.07692883908748627 0.43735742568969727 -0.4857870042324066
		endloop
	endfacet
	facet normal 0.08451346659958463 0.573806183861932 -0.8146188908472034
		outer loop
			vertex 0.1151571273803711 0.43817704916000366 -0.48124364018440247
			vertex 0.11521802097558975 0.43753576278686523 -0.4816890358924866
			vertex 0.07692883908748627 0.43735742568969727 -0.4857870042324066
		endloop
	endfacet
	facet normal 0.09841329200937676 0.3423148074484036 -0.9344171426924056
		outer loop
			vertex 0.07692883908748627 0.43735742568969727 -0.4857870042324066
			vertex 0.11521802097558975 0.43753576278686523 -0.4816890358924866
			vertex 0.07695439457893372 0.4366215765476227 -0.4860538840293884
		endloop
	endfacet
	facet normal 0.0984139895871234 0.3423040590917366 -0.9344210067110362
		outer loop
			vertex 0.11521802097558975 0.43753576278686523 -0.4816890358924866
			vertex 0.11525629460811615 0.4367999732494354 -0.48195454478263855
			vertex 0.07695439457893372 0.4366215765476227 -0.4860538840293884
		endloop
	endfacet
	facet normal 0.10560818162590564 0.08749921854135287 -0.990550755250998
		outer loop
			vertex 0.07695439457893372 0.4366215765476227 -0.4860538840293884
			vertex 0.11525629460811615 0.4367999732494354 -0.48195454478263855
			vertex 0.08146163076162338 0.43586236238479614 -0.48564040660858154
		endloop
	endfacet
	facet normal 0.10560765316935261 0.08751352057758661 -0.990549548133852
		outer loop
			vertex 0.11525629460811615 0.4367999732494354 -0.48195454478263855
			vertex 0.11526934802532196 0.4360198378562927 -0.48202207684516907
			vertex 0.08146163076162338 0.43586236238479614 -0.48564040660858154
		endloop
	endfacet
	facet normal 0.14758132695610948 0.08774133923619797 -0.9851503485879262
		outer loop
			vertex 0.15336556732654572 0.4362691640853882 -0.47629281878471375
			vertex 0.1354253590106964 0.43615177273750305 -0.4789908230304718
			vertex 0.1533481925725937 0.4370492696762085 -0.47622594237327576
		endloop
	endfacet
	facet normal 0.14758163361311352 0.08773642275759276 -0.9851507405173006
		outer loop
			vertex 0.1354253590106964 0.43615177273750305 -0.4789908230304718
			vertex 0.11525629460811615 0.4367999732494354 -0.48195454478263855
			vertex 0.1533481925725937 0.4370492696762085 -0.47622594237327576
		endloop
	endfacet
	facet normal 0.13752829853412912 0.3425215335464297 -0.9293895664140573
		outer loop
			vertex 0.1533481925725937 0.4370492696762085 -0.47622594237327576
			vertex 0.11525629460811615 0.4367999732494354 -0.48195454478263855
			vertex 0.15329726040363312 0.43778496980667114 -0.4759623408317566
		endloop
	endfacet
	facet normal 0.1375281864274489 0.34252290013301806 -0.9293890793539827
		outer loop
			vertex 0.11525629460811615 0.4367999732494354 -0.48195454478263855
			vertex 0.11521802097558975 0.43753576278686523 -0.4816890358924866
			vertex 0.15329726040363312 0.43778496980667114 -0.4759623408317566
		endloop
	endfacet
	facet normal 0.11810278401131091 0.5739989289629579 -0.810294367472806
		outer loop
			vertex 0.15329726040363312 0.43778496980667114 -0.4759623408317566
			vertex 0.11521802097558975 0.43753576278686523 -0.4816890358924866
			vertex 0.15321625769138336 0.43842613697052 -0.47551995515823364
		endloop
	endfacet
	facet normal 0.11810339987159046 0.5739943750764713 -0.8102975035870112
		outer loop
			vertex 0.11521802097558975 0.43753576278686523 -0.4816890358924866
			vertex 0.1151571273803711 0.43817704916000366 -0.48124364018440247
			vertex 0.15321625769138336 0.43842613697052 -0.47551995515823364
		endloop
	endfacet
	facet normal 0.09062814760841108 0.7663694130612176 -0.6359752051654789
		outer loop
			vertex 0.15321625769138336 0.43842613697052 -0.47551995515823364
			vertex 0.1151571273803711 0.43817704916000366 -0.48124364018440247
			vertex 0.15311066806316376 0.4389290511608124 -0.47492897510528564
		endloop
	endfacet
	facet normal 0.09063050278017128 0.7663584689311191 -0.6359880573276233
		outer loop
			vertex 0.1151571273803711 0.43817704916000366 -0.48124364018440247
			vertex 0.11507777869701385 0.43868014216423035 -0.4806487262248993
			vertex 0.15311066806316376 0.4389290511608124 -0.47492897510528564
		endloop
	endfacet
	facet normal 0.05697600908008196 0.9065177020099676 -0.41830537927676
		outer loop
			vertex 0.15311066806316376 0.4389290511608124 -0.47492897510528564
			vertex 0.11507777869701385 0.43868014216423035 -0.4806487262248993
			vertex 0.15298773348331451 0.43925946950912476 -0.4742296636104584
		endloop
	endfacet
	facet normal 0.056977715608089244 0.9065131342787768 -0.41831504551492305
		outer loop
			vertex 0.11507777869701385 0.43868014216423035 -0.4806487262248993
			vertex 0.11498536914587021 0.43901076912879944 -0.4799448251724243
			vertex 0.15298773348331451 0.43925946950912476 -0.4742296636104584
		endloop
	endfacet
	facet normal 0.019439716868273758 0.9848840764426472 -0.17212046182193275
		outer loop
			vertex 0.15298773348331451 0.43925946950912476 -0.4742296636104584
			vertex 0.11498536914587021 0.43901076912879944 -0.4799448251724243
			vertex 0.152855783700943 0.43939489126205444 -0.47346967458724976
		endloop
	endfacet
	facet normal 0.019431547670630128 0.9848924989803751 -0.17207318328930865
		outer loop
			vertex 0.11498536914587021 0.43901076912879944 -0.4799448251724243
			vertex 0.11488620191812515 0.43914636969566345 -0.47917988896369934
			vertex 0.152855783700943 0.43939489126205444 -0.47346967458724976
		endloop
	endfacet
	facet normal -0.04712492904595092 0.17345059219530398 0.9837144571111642
		outer loop
			vertex -0.13224248588085175 0.45681360363960266 -0.004217497538775206
			vertex -0.09448424726724625 0.4568917453289032 -0.002422463847324252
			vertex -0.09448060393333435 0.45766302943229675 -0.0025582837406545877
		endloop
	endfacet
	facet normal -0.02356906392176554 0.1734932469709421 0.9845529912002359
		outer loop
			vertex -0.044097110629081726 0.4569438397884369 -0.0012254341272637248
			vertex -0.0315006822347641 0.4569568634033203 -0.000926185108255595
			vertex -0.0314994677901268 0.4577281177043915 -0.0010620628017932177
		endloop
	endfacet
	facet normal 0.023569074813239315 0.1734871716272872 0.9845540614883534
		outer loop
			vertex 0.044097110629081726 0.4569438397884369 -0.0012254341272637248
			vertex 0.09448424726724625 0.4568917453289032 -0.002422463847324252
			vertex 0.09448060393333435 0.45766302943229675 -0.0025582837406545877
		endloop
	endfacet
	facet normal 0.047124736256956186 0.1734521127263656 0.9837141982422907
		outer loop
			vertex 0.13224248588085175 0.45681360363960266 -0.004217497538775206
			vertex 0.15741440653800964 0.45676153898239136 -0.005414175800979137
			vertex 0.15740832686424255 0.4575328230857849 -0.005549880210310221
		endloop
	endfacet
	facet normal 0.009302330513831841 0.9961669164621761 0.08697667039644197
		outer loop
			vertex 0.22000624239444733 0.45943352580070496 -0.013016857206821442
			vertex 0.15723620355129242 0.45962849259376526 -0.00853648129850626
			vertex 0.22007077932357788 0.45936504006385803 -0.012239374220371246
		endloop
	endfacet
	facet normal 0.009302153260081698 0.9961671823821208 0.08697364364905474
		outer loop
			vertex 0.15723620355129242 0.45962849259376526 -0.00853648129850626
			vertex 0.15728232264518738 0.4595600664615631 -0.007757683750241995
			vertex 0.22007077932357788 0.45936504006385803 -0.012239374220371246
		endloop
	endfacet
	facet normal 0.027273063777231096 0.9395921082348581 0.34120792800721683
		outer loop
			vertex 0.22007077932357788 0.45936504006385803 -0.012239374220371246
			vertex 0.15728232264518738 0.4595600664615631 -0.007757683750241995
			vertex 0.22013092041015625 0.4590969681739807 -0.011505985632538795
		endloop
	endfacet
	facet normal 0.02727268545154794 0.9395945315101225 0.34120128514490433
		outer loop
			vertex 0.15728232264518738 0.4595600664615631 -0.007757683750241995
			vertex 0.15732529759407043 0.45929205417633057 -0.007023070938885212
			vertex 0.22013092041015625 0.4590969681739807 -0.011505985632538795
		endloop
	endfacet
	facet normal 0.04338458831402614 0.8189812773541757 0.5721778087624032
		outer loop
			vertex 0.22013092041015625 0.4590969681739807 -0.011505985632538795
			vertex 0.15732529759407043 0.45929205417633057 -0.007023070938885212
			vertex 0.22018256783485413 0.45864757895469666 -0.010866672731935978
		endloop
	endfacet
	facet normal 0.04338393455092758 0.8189897771113879 0.5721656920944495
		outer loop
			vertex 0.15732529759407043 0.45929205417633057 -0.007023070938885212
			vertex 0.1573622077703476 0.4588427245616913 -0.006382705643773079
			vertex 0.22018256783485413 0.45864757895469666 -0.010866672731935978
		endloop
	endfacet
	facet normal 0.05653848449585034 0.642569249570007 0.7641388350803476
		outer loop
			vertex 0.22018256783485413 0.45864757895469666 -0.010866672731935978
			vertex 0.1573622077703476 0.4588427245616913 -0.006382705643773079
			vertex 0.22022219002246857 0.4580475091934204 -0.010365001857280731
		endloop
	endfacet
	facet normal 0.05653859538475435 0.6425665070135159 0.764141133100665
		outer loop
			vertex 0.1573622077703476 0.4588427245616913 -0.006382705643773079
			vertex 0.1573905348777771 0.4582426846027374 -0.005880227778106928
			vertex 0.22022219002246857 0.4580475091934204 -0.010365001857280731
		endloop
	endfacet
	facet normal 0.0658398386504267 0.42235773037879365 0.90403487943539
		outer loop
			vertex 0.22022219002246857 0.4580475091934204 -0.010365001857280731
			vertex 0.1573905348777771 0.4582426846027374 -0.005880227778106928
			vertex 0.22024710476398468 0.4573376178741455 -0.010035160928964615
		endloop
	endfacet
	facet normal 0.06583980740268268 0.4223596352156935 0.9040339917844042
		outer loop
			vertex 0.1573905348777771 0.4582426846027374 -0.005880227778106928
			vertex 0.15740832686424255 0.4575328230857849 -0.005549880210310221
			vertex 0.22024710476398468 0.4573376178741455 -0.010035160928964615
		endloop
	endfacet
	facet normal 0.07065392539668516 0.17339253074103922 0.9823151495875739
		outer loop
			vertex 0.22024710476398468 0.4573376178741455 -0.010035160928964615
			vertex 0.15740832686424255 0.4575328230857849 -0.005549880210310221
			vertex 0.22025559842586517 0.45656633377075195 -0.009899629279971123
		endloop
	endfacet
	facet normal 0.07065392202369043 0.1733914585751808 0.9823153390820292
		outer loop
			vertex 0.15740832686424255 0.4575328230857849 -0.005549880210310221
			vertex 0.15741440653800964 0.45676153898239136 -0.005414175800979137
			vertex 0.22025559842586517 0.45656633377075195 -0.009899629279971123
		endloop
	endfacet
	facet normal 0.006204619440442178 0.9961751976006896 0.08715777867078896
		outer loop
			vertex 0.15723620355129242 0.45962849259376526 -0.00853648129850626
			vertex 0.09437728673219681 0.45975854992866516 -0.0055481563322246075
			vertex 0.15728232264518738 0.4595600664615631 -0.007757683750241995
		endloop
	endfacet
	facet normal 0.006204987243668492 0.9961742718158402 0.08716833315767004
		outer loop
			vertex 0.09437728673219681 0.45975854992866516 -0.0055481563322246075
			vertex 0.09440496563911438 0.4596901535987854 -0.004768481943756342
			vertex 0.15728232264518738 0.4595600664615631 -0.007757683750241995
		endloop
	endfacet
	facet normal 0.01819042059308112 0.9396180477124845 0.34174117839620427
		outer loop
			vertex 0.15728232264518738 0.4595600664615631 -0.007757683750241995
			vertex 0.09440496563911438 0.4596901535987854 -0.004768481943756342
			vertex 0.15732529759407043 0.45929205417633057 -0.007023070938885212
		endloop
	endfacet
	facet normal 0.018190632388772335 0.9396157460304067 0.34174749553584005
		outer loop
			vertex 0.09440496563911438 0.4596901535987854 -0.004768481943756342
			vertex 0.09443076699972153 0.45942217111587524 -0.004033052362501621
			vertex 0.15732529759407043 0.45929205417633057 -0.007023070938885212
		endloop
	endfacet
	facet normal 0.02893612004970838 0.8190271287335065 0.5730246620827217
		outer loop
			vertex 0.15732529759407043 0.45929205417633057 -0.007023070938885212
			vertex 0.09443076699972153 0.45942217111587524 -0.004033052362501621
			vertex 0.1573622077703476 0.4588427245616913 -0.006382705643773079
		endloop
	endfacet
	facet normal 0.028936146606299767 0.8190265261991728 0.5730255219461823
		outer loop
			vertex 0.09443076699972153 0.45942217111587524 -0.004033052362501621
			vertex 0.09445291757583618 0.45897287130355835 -0.0033919857814908028
			vertex 0.1573622077703476 0.4588427245616913 -0.006382705643773079
		endloop
	endfacet
	facet normal 0.037710079787415064 0.6426150914955614 0.7652606053264328
		outer loop
			vertex 0.1573622077703476 0.4588427245616913 -0.006382705643773079
			vertex 0.09445291757583618 0.45897287130355835 -0.0033919857814908028
			vertex 0.1573905348777771 0.4582426846027374 -0.005880227778106928
		endloop
	endfacet
	facet normal 0.03770999475931699 0.642619036137314 0.7652572970506079
		outer loop
			vertex 0.09445291757583618 0.45897287130355835 -0.0033919857814908028
			vertex 0.09446991980075836 0.4583728611469269 -0.002888969611376524
			vertex 0.1573905348777771 0.4582426846027374 -0.005880227778106928
		endloop
	endfacet
	facet normal 0.04391385153836517 0.4224166358845048 0.9053373732322578
		outer loop
			vertex 0.1573905348777771 0.4582426846027374 -0.005880227778106928
			vertex 0.09446991980075836 0.4583728611469269 -0.002888969611376524
			vertex 0.15740832686424255 0.4575328230857849 -0.005549880210310221
		endloop
	endfacet
	facet normal 0.043913801923354145 0.4224244290770402 0.9053337394130261
		outer loop
			vertex 0.09446991980075836 0.4583728611469269 -0.002888969611376524
			vertex 0.09448060393333435 0.45766302943229675 -0.0025582837406545877
			vertex 0.15740832686424255 0.4575328230857849 -0.005549880210310221
		endloop
	endfacet
	facet normal 0.04712489114991364 0.1734480170292189 0.9837149129817747
		outer loop
			vertex 0.15740832686424255 0.4575328230857849 -0.005549880210310221
			vertex 0.09448060393333435 0.45766302943229675 -0.0025582837406545877
			vertex 0.13224248588085175 0.45681360363960266 -0.004217497538775206
		endloop
	endfacet
	facet normal 0.04712492904595092 0.17345059219530398 0.9837144571111642
		outer loop
			vertex 0.09448060393333435 0.45766302943229675 -0.0025582837406545877
			vertex 0.09448424726724625 0.4568917453289032 -0.002422463847324252
			vertex 0.13224248588085175 0.45681360363960266 -0.004217497538775206
		endloop
	endfacet
	facet normal 0.02356906392176554 0.1734932469709421 0.9845529912002359
		outer loop
			vertex 0.0315006822347641 0.4569568634033203 -0.000926185108255595
			vertex 0.044097110629081726 0.4569438397884369 -0.0012254341272637248
			vertex 0.0314994677901268 0.4577281177043915 -0.0010620628017932177
		endloop
	endfacet
	facet normal 0.023568984814554876 0.17349192746384987 0.984553225610322
		outer loop
			vertex 0.044097110629081726 0.4569438397884369 -0.0012254341272637248
			vertex 0.09448060393333435 0.45766302943229675 -0.0025582837406545877
			vertex 0.0314994677901268 0.4577281177043915 -0.0010620628017932177
		endloop
	endfacet
	facet normal 0.02196291485294525 0.42245485457434945 0.9061178324134933
		outer loop
			vertex 0.0314994677901268 0.4577281177043915 -0.0010620628017932177
			vertex 0.09448060393333435 0.45766302943229675 -0.0025582837406545877
			vertex 0.03149590641260147 0.4584379494190216 -0.0013929178239777684
		endloop
	endfacet
	facet normal 0.02196292831780074 0.42245851813672797 0.9061161240334636
		outer loop
			vertex 0.09448060393333435 0.45766302943229675 -0.0025582837406545877
			vertex 0.09446991980075836 0.4583728611469269 -0.002888969611376524
			vertex 0.03149590641260147 0.4584379494190216 -0.0013929178239777684
		endloop
	endfacet
	facet normal 0.018860280376776308 0.6426407228995784 0.7659355006103432
		outer loop
			vertex 0.03149590641260147 0.4584379494190216 -0.0013929178239777684
			vertex 0.09446991980075836 0.4583728611469269 -0.002888969611376524
			vertex 0.03149024024605751 0.4590379595756531 -0.001896203146316111
		endloop
	endfacet
	facet normal 0.0188602604395235 0.6426482057424494 0.7659292227302492
		outer loop
			vertex 0.09446991980075836 0.4583728611469269 -0.002888969611376524
			vertex 0.09445291757583618 0.45897287130355835 -0.0033919857814908028
			vertex 0.03149024024605751 0.4590379595756531 -0.001896203146316111
		endloop
	endfacet
	facet normal 0.014472413884307686 0.8190399388772137 0.5735539449436049
		outer loop
			vertex 0.03149024024605751 0.4590379595756531 -0.001896203146316111
			vertex 0.09445291757583618 0.45897287130355835 -0.0033919857814908028
			vertex 0.03148285299539566 0.45948725938796997 -0.0025376207195222378
		endloop
	endfacet
	facet normal 0.014472312530869209 0.8190489861519324 0.5735410276985426
		outer loop
			vertex 0.09445291757583618 0.45897287130355835 -0.0033919857814908028
			vertex 0.09443076699972153 0.45942217111587524 -0.004033052362501621
			vertex 0.03148285299539566 0.45948725938796997 -0.0025376207195222378
		endloop
	endfacet
	facet normal 0.009097740982465479 0.9396347361626577 0.34205817298457986
		outer loop
			vertex 0.03148285299539566 0.45948725938796997 -0.0025376207195222378
			vertex 0.09443076699972153 0.45942217111587524 -0.004033052362501621
			vertex 0.03147425130009651 0.45975521206855774 -0.0032734586857259274
		endloop
	endfacet
	facet normal 0.00909787746327233 0.939629834524289 0.3420716338685811
		outer loop
			vertex 0.09443076699972153 0.45942217111587524 -0.004033052362501621
			vertex 0.09440496563911438 0.4596901535987854 -0.004768481943756342
			vertex 0.03147425130009651 0.45975521206855774 -0.0032734586857259274
		endloop
	endfacet
	facet normal 0.0031029936708944984 0.996180274804938 0.08726529390219738
		outer loop
			vertex 0.03147425130009651 0.45975521206855774 -0.0032734586857259274
			vertex 0.09440496563911438 0.4596901535987854 -0.004768481943756342
			vertex 0.03146502375602722 0.4598235785961151 -0.0040535712614655495
		endloop
	endfacet
	facet normal 0.003103145383437978 0.9961790847457539 0.08727887260867566
		outer loop
			vertex 0.09440496563911438 0.4596901535987854 -0.004768481943756342
			vertex 0.09437728673219681 0.45975854992866516 -0.0055481563322246075
			vertex 0.03146502375602722 0.4598235785961151 -0.0040535712614655495
		endloop
	endfacet
	facet normal 0 0.9961818793094698 0.08730213820665042
		outer loop
			vertex 0.03146502375602722 0.4598235785961151 -0.0040535712614655495
			vertex -0.03146502375602722 0.4598235785961151 -0.0040535712614655495
			vertex 0.03147425130009651 0.45975521206855774 -0.0032734586857259274
		endloop
	endfacet
	facet normal 0 0.9961818793094699 0.08730213820665042
		outer loop
			vertex -0.03146502375602722 0.4598235785961151 -0.0040535712614655495
			vertex -0.03147425130009651 0.45975521206855774 -0.0032734586857259274
			vertex 0.03147425130009651 0.45975521206855774 -0.0032734586857259274
		endloop
	endfacet
	facet normal 0 0.9396394353831546 0.3421662336830252
		outer loop
			vertex 0.03147425130009651 0.45975521206855774 -0.0032734586857259274
			vertex -0.03147425130009651 0.45975521206855774 -0.0032734586857259274
			vertex 0.03148285299539566 0.45948725938796997 -0.0025376207195222378
		endloop
	endfacet
	facet normal 0 0.9396394353831546 0.3421662336830252
		outer loop
			vertex -0.03147425130009651 0.45975521206855774 -0.0032734586857259274
			vertex -0.03148285299539566 0.45948725938796997 -0.0025376207195222378
			vertex 0.03148285299539566 0.45948725938796997 -0.0025376207195222378
		endloop
	endfacet
	facet normal 0 0.8190474017740565 0.5737258523434056
		outer loop
			vertex 0.03148285299539566 0.45948725938796997 -0.0025376207195222378
			vertex -0.03148285299539566 0.45948725938796997 -0.0025376207195222378
			vertex 0.03149024024605751 0.4590379595756531 -0.001896203146316111
		endloop
	endfacet
	facet normal 0 0.8190474017740565 0.5737258523434055
		outer loop
			vertex -0.03148285299539566 0.45948725938796997 -0.0025376207195222378
			vertex -0.03149024024605751 0.4590379595756531 -0.001896203146316111
			vertex 0.03149024024605751 0.4590379595756531 -0.001896203146316111
		endloop
	endfacet
	facet normal 0 0.6426504893463025 0.7661594798362533
		outer loop
			vertex 0.03149024024605751 0.4590379595756531 -0.001896203146316111
			vertex -0.03149024024605751 0.4590379595756531 -0.001896203146316111
			vertex 0.03149590641260147 0.4584379494190216 -0.0013929178239777684
		endloop
	endfacet
	facet normal 0 0.6426504893463025 0.7661594798362533
		outer loop
			vertex -0.03149024024605751 0.4590379595756531 -0.001896203146316111
			vertex -0.03149590641260147 0.4584379494190216 -0.0013929178239777684
			vertex 0.03149590641260147 0.4584379494190216 -0.0013929178239777684
		endloop
	endfacet
	facet normal 0 0.42246623570334585 0.9063786624202079
		outer loop
			vertex 0.03149590641260147 0.4584379494190216 -0.0013929178239777684
			vertex -0.03149590641260147 0.4584379494190216 -0.0013929178239777684
			vertex 0.0314994677901268 0.4577281177043915 -0.0010620628017932177
		endloop
	endfacet
	facet normal 0 0.42246623570334585 0.9063786624202079
		outer loop
			vertex -0.03149590641260147 0.4584379494190216 -0.0013929178239777684
			vertex -0.0314994677901268 0.4577281177043915 -0.0010620628017932177
			vertex 0.0314994677901268 0.4577281177043915 -0.0010620628017932177
		endloop
	endfacet
	facet normal 0 0.17350544954082636 0.9848329091676596
		outer loop
			vertex 0.0314994677901268 0.4577281177043915 -0.0010620628017932177
			vertex -0.0314994677901268 0.4577281177043915 -0.0010620628017932177
			vertex 0.0315006822347641 0.4569568634033203 -0.000926185108255595
		endloop
	endfacet
	facet normal 0 0.17350544954082636 0.9848329091676598
		outer loop
			vertex -0.0314994677901268 0.4577281177043915 -0.0010620628017932177
			vertex -0.0315006822347641 0.4569568634033203 -0.000926185108255595
			vertex 0.0315006822347641 0.4569568634033203 -0.000926185108255595
		endloop
	endfacet
	facet normal -0.003102824077601737 0.9961802751547745 0.08726529593888636
		outer loop
			vertex -0.03146502375602722 0.4598235785961151 -0.0040535712614655495
			vertex -0.09437728673219681 0.45975854992866516 -0.0055481563322246075
			vertex -0.03147425130009651 0.45975521206855774 -0.0032734586857259274
		endloop
	endfacet
	facet normal -0.0031033148822871286 0.996179084744947 0.08727886659129439
		outer loop
			vertex -0.09437728673219681 0.45975854992866516 -0.0055481563322246075
			vertex -0.09440496563911438 0.4596901535987854 -0.004768481943756342
			vertex -0.03147425130009651 0.45975521206855774 -0.0032734586857259274
		endloop
	endfacet
	facet normal -0.009097562802815725 0.9396347370164093 0.3420581753783298
		outer loop
			vertex -0.03147425130009651 0.45975521206855774 -0.0032734586857259274
			vertex -0.09440496563911438 0.4596901535987854 -0.004768481943756342
			vertex -0.03148285299539566 0.45948725938796997 -0.0025376207195222378
		endloop
	endfacet
	facet normal -0.009098055555962565 0.9396298350100787 0.3420716277975027
		outer loop
			vertex -0.09440496563911438 0.4596901535987854 -0.004768481943756342
			vertex -0.09443076699972153 0.45942217111587524 -0.004033052362501621
			vertex -0.03148285299539566 0.45948725938796997 -0.0025376207195222378
		endloop
	endfacet
	facet normal -0.014472609970470922 0.8190399376136345 0.5735539418001557
		outer loop
			vertex -0.03148285299539566 0.45948725938796997 -0.0025376207195222378
			vertex -0.09443076699972153 0.45942217111587524 -0.004033052362501621
			vertex -0.03149024024605751 0.4590379595756531 -0.001896203146316111
		endloop
	endfacet
	facet normal -0.014472116512202418 0.8190489852938375 0.5735410338701084
		outer loop
			vertex -0.09443076699972153 0.45942217111587524 -0.004033052362501621
			vertex -0.09445291757583618 0.45897287130355835 -0.0033919857814908028
			vertex -0.03149024024605751 0.4590379595756531 -0.001896203146316111
		endloop
	endfacet
	facet normal -0.01886040178957156 0.6426407221006714 0.7659354982909878
		outer loop
			vertex -0.03149024024605751 0.4590379595756531 -0.001896203146316111
			vertex -0.09445291757583618 0.45897287130355835 -0.0033919857814908028
			vertex -0.03149590641260147 0.4584379494190216 -0.0013929178239777684
		endloop
	endfacet
	facet normal -0.018860139050796688 0.6426482051942168 0.76592922617931
		outer loop
			vertex -0.09445291757583618 0.45897287130355835 -0.0033919857814908028
			vertex -0.09446991980075836 0.4583728611469269 -0.002888969611376524
			vertex -0.03149590641260147 0.4584379494190216 -0.0013929178239777684
		endloop
	endfacet
	facet normal -0.021962965090306267 0.42245485431516094 0.9061178313166551
		outer loop
			vertex -0.03149590641260147 0.4584379494190216 -0.0013929178239777684
			vertex -0.09446991980075836 0.4583728611469269 -0.002888969611376524
			vertex -0.0314994677901268 0.4577281177043915 -0.0010620628017932177
		endloop
	endfacet
	facet normal -0.021962878084172136 0.4224585179815632 0.9061161253233944
		outer loop
			vertex -0.09446991980075836 0.4583728611469269 -0.002888969611376524
			vertex -0.09448060393333435 0.45766302943229675 -0.0025582837406545877
			vertex -0.0314994677901268 0.4577281177043915 -0.0010620628017932177
		endloop
	endfacet
	facet normal -0.023568984814554876 0.17349192746384987 0.984553225610322
		outer loop
			vertex -0.0314994677901268 0.4577281177043915 -0.0010620628017932177
			vertex -0.09448060393333435 0.45766302943229675 -0.0025582837406545877
			vertex -0.044097110629081726 0.4569438397884369 -0.0012254341272637248
		endloop
	endfacet
	facet normal -0.023569074813239315 0.1734871716272872 0.9845540614883534
		outer loop
			vertex -0.09448060393333435 0.45766302943229675 -0.0025582837406545877
			vertex -0.09448424726724625 0.4568917453289032 -0.002422463847324252
			vertex -0.044097110629081726 0.4569438397884369 -0.0012254341272637248
		endloop
	endfacet
	facet normal -0.047124736256956186 0.1734521127263656 0.9837141982422907
		outer loop
			vertex -0.15741440653800964 0.45676153898239136 -0.005414175800979137
			vertex -0.13224248588085175 0.45681360363960266 -0.004217497538775206
			vertex -0.15740832686424255 0.4575328230857849 -0.005549880210310221
		endloop
	endfacet
	facet normal -0.04712489114991364 0.1734480170292189 0.9837149129817747
		outer loop
			vertex -0.13224248588085175 0.45681360363960266 -0.004217497538775206
			vertex -0.09448060393333435 0.45766302943229675 -0.0025582837406545877
			vertex -0.15740832686424255 0.4575328230857849 -0.005549880210310221
		endloop
	endfacet
	facet normal -0.04391395830004419 0.4224166361030074 0.9053373679517717
		outer loop
			vertex -0.15740832686424255 0.4575328230857849 -0.005549880210310221
			vertex -0.09448060393333435 0.45766302943229675 -0.0025582837406545877
			vertex -0.1573905348777771 0.4582426846027374 -0.005880227778106928
		endloop
	endfacet
	facet normal -0.04391369514216694 0.42242442973888417 0.9053337442836975
		outer loop
			vertex -0.09448060393333435 0.45766302943229675 -0.0025582837406545877
			vertex -0.09446991980075836 0.4583728611469269 -0.002888969611376524
			vertex -0.1573905348777771 0.4582426846027374 -0.005880227778106928
		endloop
	endfacet
	facet normal -0.037710143716105336 0.6426150917186431 0.7652606019888589
		outer loop
			vertex -0.1573905348777771 0.4582426846027374 -0.005880227778106928
			vertex -0.09446991980075836 0.4583728611469269 -0.002888969611376524
			vertex -0.1573622077703476 0.4588427245616913 -0.006382705643773079
		endloop
	endfacet
	facet normal -0.03770993080340856 0.6426190366243049 0.7652572997932479
		outer loop
			vertex -0.09446991980075836 0.4583728611469269 -0.002888969611376524
			vertex -0.09445291757583618 0.45897287130355835 -0.0033919857814908028
			vertex -0.1573622077703476 0.4588427245616913 -0.006382705643773079
		endloop
	endfacet
	facet normal -0.028936107008932767 0.8190271286897995 0.5730246628037142
		outer loop
			vertex -0.1573622077703476 0.4588427245616913 -0.006382705643773079
			vertex -0.09445291757583618 0.45897287130355835 -0.0033919857814908028
			vertex -0.15732529759407043 0.45929205417633057 -0.007023070938885212
		endloop
	endfacet
	facet normal -0.02893615965636606 0.819026526101492 0.5730255214268065
		outer loop
			vertex -0.09445291757583618 0.45897287130355835 -0.0033919857814908028
			vertex -0.09443076699972153 0.45942217111587524 -0.004033052362501621
			vertex -0.15732529759407043 0.45929205417633057 -0.007023070938885212
		endloop
	endfacet
	facet normal -0.01819033706200018 0.939618047571092 0.34174118323119895
		outer loop
			vertex -0.15732529759407043 0.45929205417633057 -0.007023070938885212
			vertex -0.09443076699972153 0.45942217111587524 -0.004033052362501621
			vertex -0.15728232264518738 0.4595600664615631 -0.007757683750241995
		endloop
	endfacet
	facet normal -0.018190716000272736 0.9396157455431833 0.34174749242492664
		outer loop
			vertex -0.09443076699972153 0.45942217111587524 -0.004033052362501621
			vertex -0.09440496563911438 0.4596901535987854 -0.004768481943756342
			vertex -0.15728232264518738 0.4595600664615631 -0.007757683750241995
		endloop
	endfacet
	facet normal -0.006204487768209063 0.9961751977375276 0.08715778648022209
		outer loop
			vertex -0.15728232264518738 0.4595600664615631 -0.007757683750241995
			vertex -0.09440496563911438 0.4596901535987854 -0.004768481943756342
			vertex -0.15723620355129242 0.45962849259376526 -0.00853648129850626
		endloop
	endfacet
	facet normal -0.006205119062272259 0.9961742714073759 0.0871683284421986
		outer loop
			vertex -0.09440496563911438 0.4596901535987854 -0.004768481943756342
			vertex -0.09437728673219681 0.45975854992866516 -0.0055481563322246075
			vertex -0.15723620355129242 0.45962849259376526 -0.00853648129850626
		endloop
	endfacet
	facet normal -0.00930211545901677 0.9961671825384638 0.08697364590130736
		outer loop
			vertex -0.15723620355129242 0.45962849259376526 -0.00853648129850626
			vertex -0.22000624239444733 0.45943352580070496 -0.013016857206821442
			vertex -0.15728232264518738 0.4595600664615631 -0.007757683750241995
		endloop
	endfacet
	facet normal -0.009302368251801441 0.9961669163838816 0.08697666725701027
		outer loop
			vertex -0.22000624239444733 0.45943352580070496 -0.013016857206821442
			vertex -0.22007077932357788 0.45936504006385803 -0.012239374220371246
			vertex -0.15728232264518738 0.4595600664615631 -0.007757683750241995
		endloop
	endfacet
	facet normal -0.027272597537150983 0.9395945321142691 0.3412012905083221
		outer loop
			vertex -0.15728232264518738 0.4595600664615631 -0.007757683750241995
			vertex -0.22007077932357788 0.45936504006385803 -0.012239374220371246
			vertex -0.15732529759407043 0.45929205417633057 -0.007023070938885212
		endloop
	endfacet
	facet normal -0.02727315156384284 0.9395921082932093 0.3412079208296578
		outer loop
			vertex -0.22007077932357788 0.45936504006385803 -0.012239374220371246
			vertex -0.22013092041015625 0.4590969681739807 -0.011505985632538795
			vertex -0.15732529759407043 0.45929205417633057 -0.007023070938885212
		endloop
	endfacet
	facet normal -0.043383750696940934 0.8189897786787691 0.5721657037914512
		outer loop
			vertex -0.15732529759407043 0.45929205417633057 -0.007023070938885212
			vertex -0.22013092041015625 0.4590969681739807 -0.011505985632538795
			vertex -0.1573622077703476 0.4588427245616913 -0.006382705643773079
		endloop
	endfacet
	facet normal -0.043384771969743836 0.8189812777811657 0.5721777942257654
		outer loop
			vertex -0.22013092041015625 0.4590969681739807 -0.011505985632538795
			vertex -0.22018256783485413 0.45864757895469666 -0.010866672731935978
			vertex -0.1573622077703476 0.4588427245616913 -0.006382705643773079
		endloop
	endfacet
	facet normal -0.05653863979090692 0.6425665066291488 0.7641411301382789
		outer loop
			vertex -0.1573622077703476 0.4588427245616913 -0.006382705643773079
			vertex -0.22018256783485413 0.45864757895469666 -0.010866672731935978
			vertex -0.1573905348777771 0.4582426846027374 -0.005880227778106928
		endloop
	endfacet
	facet normal -0.05653844011735718 0.6425692494612819 0.7641388384553299
		outer loop
			vertex -0.22018256783485413 0.45864757895469666 -0.010866672731935978
			vertex -0.22022219002246857 0.4580475091934204 -0.010365001857280731
			vertex -0.1573905348777771 0.4582426846027374 -0.005880227778106928
		endloop
	endfacet
	facet normal -0.06583978133882282 0.4223596354046995 0.9040339935943038
		outer loop
			vertex -0.1573905348777771 0.4582426846027374 -0.005880227778106928
			vertex -0.22022219002246857 0.4580475091934204 -0.010365001857280731
			vertex -0.15740832686424255 0.4575328230857849 -0.005549880210310221
		endloop
	endfacet
	facet normal -0.06583986470753411 0.42235773040571944 0.9040348775251004
		outer loop
			vertex -0.22022219002246857 0.4580475091934204 -0.010365001857280731
			vertex -0.22024710476398468 0.4573376178741455 -0.010035160928964615
			vertex -0.15740832686424255 0.4575328230857849 -0.005549880210310221
		endloop
	endfacet
	facet normal -0.07065393552300797 0.17339145851269527 0.9823153381221079
		outer loop
			vertex -0.15740832686424255 0.4575328230857849 -0.005549880210310221
			vertex -0.22024710476398468 0.4573376178741455 -0.010035160928964615
			vertex -0.15741440653800964 0.45676153898239136 -0.005414175800979137
		endloop
	endfacet
	facet normal -0.07065391189762797 0.1733925307623363 0.9823151505547466
		outer loop
			vertex -0.22024710476398468 0.4573376178741455 -0.010035160928964615
			vertex -0.22025559842586517 0.45656633377075195 -0.009899629279971123
			vertex -0.15741440653800964 0.45676153898239136 -0.005414175800979137
		endloop
	endfacet
	facet normal 0.13129153002274113 0.9907555794640065 -0.03414551076244947
		outer loop
			vertex 0.22641146183013916 0.45911169052124023 -0.020411675795912743
			vertex 0.2262887954711914 0.45918983221054077 -0.018616000190377235
			vertex 0.22707615792751312 0.4590223431587219 -0.0204483550041914
		endloop
	endfacet
	facet normal 0.13129906551471707 0.9907546952321656 -0.03414219193872683
		outer loop
			vertex 0.2262887954711914 0.45918983221054077 -0.018616000190377235
			vertex 0.22705021500587463 0.4590943157672882 -0.018459586426615715
			vertex 0.22707615792751312 0.4590223431587219 -0.0204483550041914
		endloop
	endfacet
	facet normal 0.13139232114083393 0.9907423893977187 -0.03414053010313485
		outer loop
			vertex 0.22707615792751312 0.4590223431587219 -0.0204483550041914
			vertex 0.22705021500587463 0.4590943157672882 -0.018459586426615715
			vertex 0.22718648612499237 0.45900750160217285 -0.020454443991184235
		endloop
	endfacet
	facet normal 0.38451115414091686 0.9230156547727413 -0.013902279873030844
		outer loop
			vertex 0.22718648612499237 0.45900750160217285 -0.020454443991184235
			vertex 0.22705021500587463 0.4590943157672882 -0.018459586426615715
			vertex 0.22770270705223083 0.458792120218277 -0.020476575940847397
		endloop
	endfacet
	facet normal 0.38452330927180534 0.9230106615591722 -0.01389759960420626
		outer loop
			vertex 0.22705021500587463 0.4590943157672882 -0.018459586426615715
			vertex 0.2277597337961197 0.4588010609149933 -0.018304944038391113
			vertex 0.22770270705223083 0.458792120218277 -0.020476575940847397
		endloop
	endfacet
	facet normal 0.38454928952797957 0.9229998282367796 -0.013898237240798127
		outer loop
			vertex 0.22770270705223083 0.458792120218277 -0.020476575940847397
			vertex 0.2277597337961197 0.4588010609149933 -0.018304944038391113
			vertex 0.2279086858034134 0.45870617032051086 -0.02048540860414505
		endloop
	endfacet
	facet normal 0.6105305910285411 0.7919595667587738 0.007241687482625918
		outer loop
			vertex 0.2279086858034134 0.45870617032051086 -0.02048540860414505
			vertex 0.2277597337961197 0.4588010609149933 -0.018304944038391113
			vertex 0.22826318442821503 0.45843297243118286 -0.020495153963565826
		endloop
	endfacet
	facet normal 0.6105263973547522 0.7919628134941714 0.007240177858552135
		outer loop
			vertex 0.2277597337961197 0.4588010609149933 -0.018304944038391113
			vertex 0.22836901247501373 0.45833006501197815 -0.01816261000931263
			vertex 0.22826318442821503 0.45843297243118286 -0.020495153963565826
		endloop
	endfacet
	facet normal 0.6105279233977332 0.7919616381679363 0.007240056768470606
		outer loop
			vertex 0.22826318442821503 0.45843297243118286 -0.020495153963565826
			vertex 0.22836901247501373 0.45833006501197815 -0.01816261000931263
			vertex 0.22852885723114014 0.4582282304763794 -0.02050245925784111
		endloop
	endfacet
	facet normal 0.793942051554852 0.6073573478602781 0.027804150283764453
		outer loop
			vertex 0.22852885723114014 0.4582282304763794 -0.02050245925784111
			vertex 0.22836901247501373 0.45833006501197815 -0.01816261000931263
			vertex 0.22873270511627197 0.4579617977142334 -0.02050330489873886
		endloop
	endfacet
	facet normal 0.7939469119528173 0.6073509133388564 0.027805917842111547
		outer loop
			vertex 0.22836901247501373 0.45833006501197815 -0.01816261000931263
			vertex 0.2288365364074707 0.45771339535713196 -0.01804228685796261
			vertex 0.22873270511627197 0.4579617977142334 -0.02050330489873886
		endloop
	endfacet
	facet normal 0.7939715280738738 0.6073189284189869 0.02780165088715758
		outer loop
			vertex 0.22873270511627197 0.4579617977142334 -0.02050330489873886
			vertex 0.2288365364074707 0.45771339535713196 -0.01804228685796261
			vertex 0.22900472581386566 0.4576062262058258 -0.020504433661699295
		endloop
	endfacet
	facet normal 0.9228404866223238 0.3823779293934716 0.0463956394872861
		outer loop
			vertex 0.22900472581386566 0.4576062262058258 -0.020504433661699295
			vertex 0.2288365364074707 0.45771339535713196 -0.01804228685796261
			vertex 0.22909004986286163 0.457399845123291 -0.020500659942626953
		endloop
	endfacet
	facet normal 0.9228573415927577 0.38233639483176873 0.04640267508877292
		outer loop
			vertex 0.2288365364074707 0.45771339535713196 -0.01804228685796261
			vertex 0.22913043200969696 0.45699307322502136 -0.017952170222997665
			vertex 0.22909004986286163 0.457399845123291 -0.020500659942626953
		endloop
	endfacet
	facet normal 0.9228585994949613 0.3823334186522484 0.04640218011993908
		outer loop
			vertex 0.22909004986286163 0.457399845123291 -0.020500659942626953
			vertex 0.22913043200969696 0.45699307322502136 -0.017952170222997665
			vertex 0.22930386662483215 0.4568825960159302 -0.02049119956791401
		endloop
	endfacet
	facet normal 0.9892811288536559 0.1322923159272283 0.0618190200556996
		outer loop
			vertex 0.22930386662483215 0.4568825960159302 -0.02049119956791401
			vertex 0.22913043200969696 0.45699307322502136 -0.017952170222997665
			vertex 0.22931839525699615 0.456772118806839 -0.020487278699874878
		endloop
	endfacet
	facet normal 0.989283488280148 0.1322738364466316 0.061820805623611204
		outer loop
			vertex 0.22913043200969696 0.45699307322502136 -0.017952170222997665
			vertex 0.22923067212104797 0.45621824264526367 -0.017898403108119965
			vertex 0.22931839525699615 0.456772118806839 -0.020487278699874878
		endloop
	endfacet
	facet normal 0.989282029184233 0.13228377777070738 0.06182288307606503
		outer loop
			vertex 0.22931839525699615 0.456772118806839 -0.020487278699874878
			vertex 0.22923067212104797 0.45621824264526367 -0.017898403108119965
			vertex 0.22940590977668762 0.45610660314559937 -0.02046365663409233
		endloop
	endfacet
	facet normal 0.12466598576501248 0.9921982913257207 -0.0009709189246898266
		outer loop
			vertex 0.2262887954711914 0.45918983221054077 -0.018616000190377235
			vertex 0.22571146488189697 0.45926403999328613 -0.01691107079386711
			vertex 0.22705021500587463 0.4590943157672882 -0.018459586426615715
		endloop
	endfacet
	facet normal 0.1246725123748168 0.9921974768522182 -0.0009651871546115581
		outer loop
			vertex 0.22571146488189697 0.45926403999328613 -0.01691107079386711
			vertex 0.22640883922576904 0.4591767489910126 -0.016565542668104172
			vertex 0.22705021500587463 0.4590943157672882 -0.018459586426615715
		endloop
	endfacet
	facet normal 0.36509207896712453 0.9272395066310197 0.0832746733294469
		outer loop
			vertex 0.22705021500587463 0.4590943157672882 -0.018459586426615715
			vertex 0.22640883922576904 0.4591767489910126 -0.016565542668104172
			vertex 0.2277597337961197 0.4588010609149933 -0.018304944038391113
		endloop
	endfacet
	facet normal 0.3650768484888244 0.9272467052002263 0.08326128988186975
		outer loop
			vertex 0.22640883922576904 0.4591767489910126 -0.016565542668104172
			vertex 0.22705867886543274 0.4588911831378937 -0.01623467355966568
			vertex 0.2277597337961197 0.4588010609149933 -0.018304944038391113
		endloop
	endfacet
	facet normal 0.5796744017026636 0.798678005761186 0.16152718385458917
		outer loop
			vertex 0.2277597337961197 0.4588010609149933 -0.018304944038391113
			vertex 0.22705867886543274 0.4588911831378937 -0.01623467355966568
			vertex 0.22836901247501373 0.45833006501197815 -0.01816261000931263
		endloop
	endfacet
	facet normal 0.5796943869046166 0.7986596738326102 0.1615461023512164
		outer loop
			vertex 0.22705867886543274 0.4588911831378937 -0.01623467355966568
			vertex 0.22761671245098114 0.45842674374580383 -0.015941010788083076
			vertex 0.22836901247501373 0.45833006501197815 -0.01816261000931263
		endloop
	endfacet
	facet normal 0.7538236575159644 0.6160822779303119 0.22845682346879453
		outer loop
			vertex 0.22836901247501373 0.45833006501197815 -0.01816261000931263
			vertex 0.22761671245098114 0.45842674374580383 -0.015941010788083076
			vertex 0.2288365364074707 0.45771339535713196 -0.01804228685796261
		endloop
	endfacet
	facet normal 0.7538198607482056 0.6160885275851701 0.22845249773091442
		outer loop
			vertex 0.22761671245098114 0.45842674374580383 -0.015941010788083076
			vertex 0.22804491221904755 0.45781514048576355 -0.0157045666128397
			vertex 0.2288365364074707 0.45771339535713196 -0.01804228685796261
		endloop
	endfacet
	facet normal 0.8762192404627667 0.3924862465781963 0.27963259625768166
		outer loop
			vertex 0.2288365364074707 0.45771339535713196 -0.01804228685796261
			vertex 0.22804491221904755 0.45781514048576355 -0.0157045666128397
			vertex 0.22913043200969696 0.45699307322502136 -0.017952170222997665
		endloop
	endfacet
	facet normal 0.876218462110077 0.3924889588291422 0.27963122832521337
		outer loop
			vertex 0.22804491221904755 0.45781514048576355 -0.0157045666128397
			vertex 0.2283140867948532 0.45709800720214844 -0.015541454777121544
			vertex 0.22913043200969696 0.45699307322502136 -0.017952170222997665
		endloop
	endfacet
	facet normal 0.9392877179520841 0.143155326244448 0.3118415230084216
		outer loop
			vertex 0.22913043200969696 0.45699307322502136 -0.017952170222997665
			vertex 0.2283140867948532 0.45709800720214844 -0.015541454777121544
			vertex 0.22923067212104797 0.45621824264526367 -0.017898403108119965
		endloop
	endfacet
	facet normal 0.9392875628775099 0.14316147229799472 0.31183916859993444
		outer loop
			vertex 0.2283140867948532 0.45709800720214844 -0.015541454777121544
			vertex 0.2284059077501297 0.4563242197036743 -0.015462791547179222
			vertex 0.22923067212104797 0.45621824264526367 -0.017898403108119965
		endloop
	endfacet
	facet normal 0.10977587204934168 0.9935204357015813 0.029434703313380755
		outer loop
			vertex 0.22571146488189697 0.45926403999328613 -0.01691107079386711
			vertex 0.22471769154071808 0.45932936668395996 -0.015409817919135094
			vertex 0.22640883922576904 0.4591767489910126 -0.016565542668104172
		endloop
	endfacet
	facet normal 0.10975775480974738 0.9935232333407689 0.0294078232997221
		outer loop
			vertex 0.22471769154071808 0.45932936668395996 -0.015409817919135094
			vertex 0.22530482709407806 0.459249347448349 -0.014897767454385757
			vertex 0.22640883922576904 0.4591767489910126 -0.016565542668104172
		endloop
	endfacet
	facet normal 0.3214623818718937 0.9311210855115943 0.17226567027982975
		outer loop
			vertex 0.22640883922576904 0.4591767489910126 -0.016565542668104172
			vertex 0.22530482709407806 0.459249347448349 -0.014897767454385757
			vertex 0.22705867886543274 0.4588911831378937 -0.01623467355966568
		endloop
	endfacet
	facet normal 0.32147007088926466 0.9311163288742282 0.1722770316270615
		outer loop
			vertex 0.22530482709407806 0.459249347448349 -0.014897767454385757
			vertex 0.22585196793079376 0.4589705169200897 -0.014411723241209984
			vertex 0.22705867886543274 0.4588911831378937 -0.01623467355966568
		endloop
	endfacet
	facet normal 0.5104440658194419 0.8048099103002664 0.302866082538462
		outer loop
			vertex 0.22705867886543274 0.4588911831378937 -0.01623467355966568
			vertex 0.22585196793079376 0.4589705169200897 -0.014411723241209984
			vertex 0.22761671245098114 0.45842674374580383 -0.015941010788083076
		endloop
	endfacet
	facet normal 0.5104408505333707 0.8048138765245204 0.30286096192864376
		outer loop
			vertex 0.22585196793079376 0.4589705169200897 -0.014411723241209984
			vertex 0.22632178664207458 0.4585118889808655 -0.013984809629619122
			vertex 0.22761671245098114 0.45842674374580383 -0.015941010788083076
		endloop
	endfacet
	facet normal 0.6637680274958093 0.6240862677706133 0.4122236481019363
		outer loop
			vertex 0.22761671245098114 0.45842674374580383 -0.015941010788083076
			vertex 0.22632178664207458 0.4585118889808655 -0.013984809629619122
			vertex 0.22804491221904755 0.45781514048576355 -0.0157045666128397
		endloop
	endfacet
	facet normal 0.6637774709911237 0.6240640193939497 0.41224212388170123
		outer loop
			vertex 0.22632178664207458 0.4585118889808655 -0.013984809629619122
			vertex 0.22668230533599854 0.4579046964645386 -0.013646118342876434
			vertex 0.22804491221904755 0.45781514048576355 -0.0157045666128397
		endloop
	endfacet
	facet normal 0.7715408652133859 0.4017854257288996 0.4932475696621598
		outer loop
			vertex 0.22804491221904755 0.45781514048576355 -0.0157045666128397
			vertex 0.22668230533599854 0.4579046964645386 -0.013646118342876434
			vertex 0.2283140867948532 0.45709800720214844 -0.015541454777121544
		endloop
	endfacet
	facet normal 0.7715398344237198 0.40179185262751976 0.4932439468047881
		outer loop
			vertex 0.22668230533599854 0.4579046964645386 -0.013646118342876434
			vertex 0.22690893709659576 0.4571903645992279 -0.013418731279671192
			vertex 0.2283140867948532 0.45709800720214844 -0.015541454777121544
		endloop
	endfacet
	facet normal 0.827078350855278 0.15312516764492282 0.5408272224844344
		outer loop
			vertex 0.2283140867948532 0.45709800720214844 -0.015541454777121544
			vertex 0.22690893709659576 0.4571903645992279 -0.013418731279671192
			vertex 0.2284059077501297 0.4563242197036743 -0.015462791547179222
		endloop
	endfacet
	facet normal 0.8270776576592415 0.1531140185882503 0.5408314390941598
		outer loop
			vertex 0.22690893709659576 0.4571903645992279 -0.013418731279671192
			vertex 0.22698622941970825 0.4564175605773926 -0.013318144716322422
			vertex 0.2284059077501297 0.4563242197036743 -0.015462791547179222
		endloop
	endfacet
	facet normal 0.08759652060341686 0.9946369430637654 0.05499273652895623
		outer loop
			vertex 0.22471769154071808 0.45932936668395996 -0.015409817919135094
			vertex 0.22337330877780914 0.4593815207481384 -0.014211679808795452
			vertex 0.22530482709407806 0.459249347448349 -0.014897767454385757
		endloop
	endfacet
	facet normal 0.08761061913304226 0.9946334690033494 0.05503309689167487
		outer loop
			vertex 0.22337330877780914 0.4593815207481384 -0.014211679808795452
			vertex 0.2238113284111023 0.4593072533607483 -0.013566728681325912
			vertex 0.22530482709407806 0.459249347448349 -0.014897767454385757
		endloop
	endfacet
	facet normal 0.2565564520168967 0.9343770938365795 0.24722102144035019
		outer loop
			vertex 0.22530482709407806 0.459249347448349 -0.014897767454385757
			vertex 0.2238113284111023 0.4593072533607483 -0.013566728681325912
			vertex 0.22585196793079376 0.4589705169200897 -0.014411723241209984
		endloop
	endfacet
	facet normal 0.2565549826407829 0.9343785943694738 0.2472168749626811
		outer loop
			vertex 0.2238113284111023 0.4593072533607483 -0.013566728681325912
			vertex 0.22421950101852417 0.4590338170528412 -0.012956841848790646
			vertex 0.22585196793079376 0.4589705169200897 -0.014411723241209984
		endloop
	endfacet
	facet normal 0.4073708336023727 0.8099930038703931 0.4218534551371197
		outer loop
			vertex 0.22585196793079376 0.4589705169200897 -0.014411723241209984
			vertex 0.22421950101852417 0.4590338170528412 -0.012956841848790646
			vertex 0.22632178664207458 0.4585118889808655 -0.013984809629619122
		endloop
	endfacet
	facet normal 0.40737085883209445 0.8099929500873957 0.42185353404128284
		outer loop
			vertex 0.22421950101852417 0.4590338170528412 -0.012956841848790646
			vertex 0.22457000613212585 0.45857980847358704 -0.012423580512404442
			vertex 0.22632178664207458 0.4585118889808655 -0.013984809629619122
		endloop
	endfacet
	facet normal 0.5297550766504755 0.6307960921017426 0.566970765518134
		outer loop
			vertex 0.22632178664207458 0.4585118889808655 -0.013984809629619122
			vertex 0.22457000613212585 0.45857980847358704 -0.012423580512404442
			vertex 0.22668230533599854 0.4579046964645386 -0.013646118342876434
		endloop
	endfacet
	facet normal 0.5297523163888097 0.6308092052639432 0.5669587549680868
		outer loop
			vertex 0.22457000613212585 0.45857980847358704 -0.012423580512404442
			vertex 0.2248389571905136 0.45797619223594666 -0.012003286741673946
			vertex 0.22668230533599854 0.4579046964645386 -0.013646118342876434
		endloop
	endfacet
	facet normal 0.6157607677788933 0.4096179875628693 0.6730912130828132
		outer loop
			vertex 0.22668230533599854 0.4579046964645386 -0.013646118342876434
			vertex 0.2248389571905136 0.45797619223594666 -0.012003286741673946
			vertex 0.22690893709659576 0.4571903645992279 -0.013418731279671192
		endloop
	endfacet
	facet normal 0.6157608151849839 0.4096158763372546 0.673092454522547
		outer loop
			vertex 0.2248389571905136 0.45797619223594666 -0.012003286741673946
			vertex 0.225008025765419 0.45726409554481506 -0.011724602431058884
			vertex 0.22690893709659576 0.4571903645992279 -0.013418731279671192
		endloop
	endfacet
	facet normal 0.6600844078901213 0.1615056258135321 0.7336242275790292
		outer loop
			vertex 0.22690893709659576 0.4571903645992279 -0.013418731279671192
			vertex 0.225008025765419 0.45726409554481506 -0.011724602431058884
			vertex 0.22698622941970825 0.4564175605773926 -0.013318144716322422
		endloop
	endfacet
	facet normal 0.6600856973500158 0.16151450126632919 0.7336211134057091
		outer loop
			vertex 0.225008025765419 0.45726409554481506 -0.011724602431058884
			vertex 0.2250656932592392 0.4564920663833618 -0.011606519110500813
			vertex 0.22698622941970825 0.4564175605773926 -0.013318144716322422
		endloop
	endfacet
	facet normal 0.05964787900227661 0.9954639147923998 0.07411966592422993
		outer loop
			vertex 0.22337330877780914 0.4593815207481384 -0.014211679808795452
			vertex 0.2217673808336258 0.4594170153141022 -0.013396017253398895
			vertex 0.2238113284111023 0.4593072533607483 -0.013566728681325912
		endloop
	endfacet
	facet normal 0.05964518896893523 0.9954666021779313 0.07408572994298289
		outer loop
			vertex 0.2217673808336258 0.4594170153141022 -0.013396017253398895
			vertex 0.2220272570848465 0.4593467116355896 -0.012660590931773186
			vertex 0.2238113284111023 0.4593072533607483 -0.013566728681325912
		endloop
	endfacet
	facet normal 0.1746701601565396 0.9368110202342997 0.30310962953766296
		outer loop
			vertex 0.2238113284111023 0.4593072533607483 -0.013566728681325912
			vertex 0.2220272570848465 0.4593467116355896 -0.012660590931773186
			vertex 0.22421950101852417 0.4590338170528412 -0.012956841848790646
		endloop
	endfacet
	facet normal 0.1746737900423352 0.9367967876447458 0.30315152272540447
		outer loop
			vertex 0.2220272570848465 0.4593467116355896 -0.012660590931773186
			vertex 0.2222694307565689 0.4590769112110138 -0.011966394260525703
			vertex 0.22421950101852417 0.4590338170528412 -0.012956841848790646
		endloop
	endfacet
	facet normal 0.27732896459861667 0.8138548701147907 0.5106161922472655
		outer loop
			vertex 0.22421950101852417 0.4590338170528412 -0.012956841848790646
			vertex 0.2222694307565689 0.4590769112110138 -0.011966394260525703
			vertex 0.22457000613212585 0.45857980847358704 -0.012423580512404442
		endloop
	endfacet
	facet normal 0.2773285434122822 0.8138595055237071 0.5106090327026431
		outer loop
			vertex 0.2222694307565689 0.4590769112110138 -0.011966394260525703
			vertex 0.22247739136219025 0.45862606167793274 -0.01136073563247919
			vertex 0.22457000613212585 0.45857980847358704 -0.012423580512404442
		endloop
	endfacet
	facet normal 0.3606412300911401 0.6358324224860701 0.6823892098163958
		outer loop
			vertex 0.22457000613212585 0.45857980847358704 -0.012423580512404442
			vertex 0.22247739136219025 0.45862606167793274 -0.01136073563247919
			vertex 0.2248389571905136 0.45797619223594666 -0.012003286741673946
		endloop
	endfacet
	facet normal 0.36064155424559735 0.6358495432925996 0.682373085376257
		outer loop
			vertex 0.22247739136219025 0.45862606167793274 -0.01136073563247919
			vertex 0.22263696789741516 0.45802488923072815 -0.010884888470172882
			vertex 0.2248389571905136 0.45797619223594666 -0.012003286741673946
		endloop
	endfacet
	facet normal 0.41919839076417564 0.41545504425990637 0.8072606861353555
		outer loop
			vertex 0.2248389571905136 0.45797619223594666 -0.012003286741673946
			vertex 0.22263696789741516 0.45802488923072815 -0.010884888470172882
			vertex 0.225008025765419 0.45726409554481506 -0.011724602431058884
		endloop
	endfacet
	facet normal 0.41919696319204974 0.4154428507128506 0.8072677027121448
		outer loop
			vertex 0.22263696789741516 0.45802488923072815 -0.010884888470172882
			vertex 0.22273728251457214 0.45731428265571594 -0.010571281425654888
			vertex 0.225008025765419 0.45726409554481506 -0.011724602431058884
		endloop
	endfacet
	facet normal 0.44936921031379573 0.16777378861299927 0.8774504365925156
		outer loop
			vertex 0.225008025765419 0.45726409554481506 -0.011724602431058884
			vertex 0.22273728251457214 0.45731428265571594 -0.010571281425654888
			vertex 0.2250656932592392 0.4564920663833618 -0.011606519110500813
		endloop
	endfacet
	facet normal 0.4493684371685214 0.1677702483406242 0.8774515094570448
		outer loop
			vertex 0.22273728251457214 0.45731428265571594 -0.010571281425654888
			vertex 0.22277149558067322 0.4565427601337433 -0.010441286489367485
			vertex 0.2250656932592392 0.4564920663833618 -0.011606519110500813
		endloop
	endfacet
	facet normal 0.027725639359796335 0.9959598580687948 0.0854122358779872
		outer loop
			vertex 0.2217673808336258 0.4594170153141022 -0.013396017253398895
			vertex 0.22000624239444733 0.45943352580070496 -0.013016857206821442
			vertex 0.2220272570848465 0.4593467116355896 -0.012660590931773186
		endloop
	endfacet
	facet normal 0.027722573618766837 0.9959584805979567 0.08542929144597765
		outer loop
			vertex 0.22000624239444733 0.45943352580070496 -0.013016857206821442
			vertex 0.22007077932357788 0.45936504006385803 -0.012239374220371246
			vertex 0.2220272570848465 0.4593467116355896 -0.012660590931773186
		endloop
	endfacet
	facet normal 0.08119742613957924 0.9382400635489513 0.33632210920480327
		outer loop
			vertex 0.2220272570848465 0.4593467116355896 -0.012660590931773186
			vertex 0.22007077932357788 0.45936504006385803 -0.012239374220371246
			vertex 0.2222694307565689 0.4590769112110138 -0.011966394260525703
		endloop
	endfacet
	facet normal 0.08120205630516569 0.9382494709703718 0.336294746131471
		outer loop
			vertex 0.22007077932357788 0.45936504006385803 -0.012239374220371246
			vertex 0.22013092041015625 0.4590969681739807 -0.011505985632538795
			vertex 0.2222694307565689 0.4590769112110138 -0.011966394260525703
		endloop
	endfacet
	facet normal 0.12892375072951986 0.8161515842844173 0.5632719218706614
		outer loop
			vertex 0.2222694307565689 0.4590769112110138 -0.011966394260525703
			vertex 0.22013092041015625 0.4590969681739807 -0.011505985632538795
			vertex 0.22247739136219025 0.45862606167793274 -0.01136073563247919
		endloop
	endfacet
	facet normal 0.1289228824849768 0.8161486366045615 0.5632763916056489
		outer loop
			vertex 0.22013092041015625 0.4590969681739807 -0.011505985632538795
			vertex 0.22018256783485413 0.45864757895469666 -0.010866672731935978
			vertex 0.22247739136219025 0.45862606167793274 -0.01136073563247919
		endloop
	endfacet
	facet normal 0.16764601643575572 0.6388300723939342 0.7508601412902295
		outer loop
			vertex 0.22247739136219025 0.45862606167793274 -0.01136073563247919
			vertex 0.22018256783485413 0.45864757895469666 -0.010866672731935978
			vertex 0.22263696789741516 0.45802488923072815 -0.010884888470172882
		endloop
	endfacet
	facet normal 0.16764236565593768 0.6388152907105451 0.7508735323552714
		outer loop
			vertex 0.22018256783485413 0.45864757895469666 -0.010866672731935978
			vertex 0.22022219002246857 0.4580475091934204 -0.010365001857280731
			vertex 0.22263696789741516 0.45802488923072815 -0.010884888470172882
		endloop
	endfacet
	facet normal 0.1948625341603913 0.4189063369741173 0.8868743279763587
		outer loop
			vertex 0.22263696789741516 0.45802488923072815 -0.010884888470172882
			vertex 0.22022219002246857 0.4580475091934204 -0.010365001857280731
			vertex 0.22273728251457214 0.45731428265571594 -0.010571281425654888
		endloop
	endfacet
	facet normal 0.19486378751334746 0.41891138439006287 0.8868716684754082
		outer loop
			vertex 0.22022219002246857 0.4580475091934204 -0.010365001857280731
			vertex 0.22024710476398468 0.4573376178741455 -0.010035160928964615
			vertex 0.22273728251457214 0.45731428265571594 -0.010571281425654888
		endloop
	endfacet
	facet normal 0.20888924346381077 0.17148448922439255 0.9627867645125614
		outer loop
			vertex 0.22273728251457214 0.45731428265571594 -0.010571281425654888
			vertex 0.22024710476398468 0.4573376178741455 -0.010035160928964615
			vertex 0.22277149558067322 0.4565427601337433 -0.010441286489367485
		endloop
	endfacet
	facet normal 0.2088889161997853 0.17148330589846192 0.9627870462812707
		outer loop
			vertex 0.22024710476398468 0.4573376178741455 -0.010035160928964615
			vertex 0.22025559842586517 0.45656633377075195 -0.009899629279971123
			vertex 0.22277149558067322 0.4565427601337433 -0.010441286489367485
		endloop
	endfacet
	facet normal 3.5121958432628505e-7 -0.9763263764771084 0.2163025811102506
		outer loop
			vertex -0.18415024876594543 0.5121819972991943 -0.4573773443698883
			vertex -0.19184012711048126 0.5067887902259827 -0.4817206859588623
			vertex -0.15801049768924713 0.5110457539558411 -0.4625060558319092
		endloop
	endfacet
	facet normal 7.073975105949458e-7 -0.9763265089075035 0.21630198335657078
		outer loop
			vertex -0.19184012711048126 0.5067887902259827 -0.4817206859588623
			vertex -0.16695977747440338 0.50568687915802 -0.48669448494911194
			vertex -0.15801049768924713 0.5110457539558411 -0.4625060558319092
		endloop
	endfacet
	facet normal -8.748951332175115e-7 -0.9763263852775222 0.21630254138627641
		outer loop
			vertex -0.15801049768924713 0.5110457539558411 -0.4625060558319092
			vertex -0.16695977747440338 0.50568687915802 -0.48669448494911194
			vertex -0.129520446062088 0.5100111365318298 -0.4671759009361267
		endloop
	endfacet
	facet normal 6.830362071292267e-7 -0.9763270163542094 0.2162996928717677
		outer loop
			vertex -0.16695977747440338 0.50568687915802 -0.48669448494911194
			vertex -0.13938367366790771 0.5046499967575073 -0.49137482047080994
			vertex -0.129520446062088 0.5100111365318298 -0.4671759009361267
		endloop
	endfacet
	facet normal 2.4360387647215035e-8 -0.9763269596592434 0.2162999487807094
		outer loop
			vertex -0.129520446062088 0.5100111365318298 -0.4671759009361267
			vertex -0.13938367366790771 0.5046499967575073 -0.49137482047080994
			vertex -0.10088706016540527 0.5091820955276489 -0.4709179997444153
		endloop
	endfacet
	facet normal -6.356401462923638e-7 -0.9763266973691529 0.2163011326919923
		outer loop
			vertex -0.13938367366790771 0.5046499967575073 -0.49137482047080994
			vertex -0.1116710901260376 0.5038002133369446 -0.4952104389667511
			vertex -0.10088706016540527 0.5091820955276489 -0.4709179997444153
		endloop
	endfacet
	facet normal 4.05104898788873e-7 -0.9763267949373718 0.21630069229467402
		outer loop
			vertex -0.10088706016540527 0.5091820955276489 -0.4709179997444153
			vertex -0.1116710901260376 0.5038002133369446 -0.4952104389667511
			vertex -0.07214203476905823 0.50855952501297 -0.4737281799316406
		endloop
	endfacet
	facet normal 2.0501015411801552e-7 -0.9763267171829249 0.21630104325862892
		outer loop
			vertex -0.1116710901260376 0.5038002133369446 -0.4952104389667511
			vertex -0.08384913951158524 0.5031384229660034 -0.49819761514663696
			vertex -0.07214203476905823 0.50855952501297 -0.4737281799316406
		endloop
	endfacet
	facet normal -1.1062113178624076e-7 -0.9763266852925716 0.21630118720341696
		outer loop
			vertex -0.07214203476905823 0.50855952501297 -0.4737281799316406
			vertex -0.08384913951158524 0.5031384229660034 -0.49819761514663696
			vertex -0.04331717640161514 0.5081440806388855 -0.4756033718585968
		endloop
	endfacet
	facet normal -0.000001052764581923064 -0.9763263283706511 0.21630279824628976
		outer loop
			vertex -0.08384913951158524 0.5031384229660034 -0.49819761514663696
			vertex -0.05594508722424507 0.5026652216911316 -0.5003333687782288
			vertex -0.04331717640161514 0.5081440806388855 -0.4756033718585968
		endloop
	endfacet
	facet normal -1.393592401068518e-7 -0.9763264268692559 0.21630235365499945
		outer loop
			vertex -0.04331717640161514 0.5081440806388855 -0.4756033718585968
			vertex -0.05594508722424507 0.5026652216911316 -0.5003333687782288
			vertex -0.014444386586546898 0.5079362392425537 -0.4765414893627167
		endloop
	endfacet
	facet normal -8.04156059698907e-7 -0.9763264066925867 0.21630244472519228
		outer loop
			vertex 0.19184012711048126 0.5067887902259827 -0.4817206859588623
			vertex 0.18415024876594543 0.5121819972991943 -0.4573773443698883
			vertex 0.16695977747440338 0.50568687915802 -0.48669448494911194
		endloop
	endfacet
	facet normal -2.6061446517068667e-7 -0.9763264739990833 0.216302140924332
		outer loop
			vertex 0.18415024876594543 0.5121819972991943 -0.4573773443698883
			vertex 0.15801049768924713 0.5110457539558411 -0.4625060558319092
			vertex 0.16695977747440338 0.50568687915802 -0.48669448494911194
		endloop
	endfacet
	facet normal -0.0000010682103856192813 -0.9763265370986709 0.21630185610802488
		outer loop
			vertex 0.16695977747440338 0.50568687915802 -0.48669448494911194
			vertex 0.15801049768924713 0.5110457539558411 -0.4625060558319092
			vertex 0.13938367366790771 0.5046499967575073 -0.49137482047080994
		endloop
	endfacet
	facet normal 0.0000012364766235561207 -0.9763268511323921 0.21630043864120832
		outer loop
			vertex 0.15801049768924713 0.5110457539558411 -0.4625060558319092
			vertex 0.129520446062088 0.5100111365318298 -0.4671759009361267
			vertex 0.13938367366790771 0.5046499967575073 -0.49137482047080994
		endloop
	endfacet
	facet normal 7.631203501333817e-7 -0.976326891876859 0.2163002547328369
		outer loop
			vertex 0.13938367366790771 0.5046499967575073 -0.49137482047080994
			vertex 0.129520446062088 0.5100111365318298 -0.4671759009361267
			vertex 0.1116710901260376 0.5038002133369446 -0.4952104389667511
		endloop
	endfacet
	facet normal -1.415879314599869e-7 -0.9763267702331873 0.21630080380343752
		outer loop
			vertex 0.129520446062088 0.5100111365318298 -0.4671759009361267
			vertex 0.10088706016540527 0.5091820955276489 -0.4709179997444153
			vertex 0.1116710901260376 0.5038002133369446 -0.4952104389667511
		endloop
	endfacet
	facet normal -1.7638022554019636e-7 -0.9763267734948994 0.2163007890808735
		outer loop
			vertex 0.1116710901260376 0.5038002133369446 -0.4952104389667511
			vertex 0.10088706016540527 0.5091820955276489 -0.4709179997444153
			vertex 0.08384913951158524 0.5031384229660034 -0.49819761514663696
		endloop
	endfacet
	facet normal -4.305507388643828e-7 -0.9763267399707354 0.21630094040001446
		outer loop
			vertex 0.10088706016540527 0.5091820955276489 -0.4709179997444153
			vertex 0.07214203476905823 0.50855952501297 -0.4737281799316406
			vertex 0.08384913951158524 0.5031384229660034 -0.49819761514663696
		endloop
	endfacet
	facet normal 0.0000011442735383726733 -0.9763265808548828 0.21630165860414693
		outer loop
			vertex 0.08384913951158524 0.5031384229660034 -0.49819761514663696
			vertex 0.07214203476905823 0.50855952501297 -0.4737281799316406
			vertex 0.05594508722424507 0.5026652216911316 -0.5003333687782288
		endloop
	endfacet
	facet normal 3.449683703542066e-8 -0.9763264381772047 0.21630230261421596
		outer loop
			vertex 0.07214203476905823 0.50855952501297 -0.4737281799316406
			vertex 0.04331717640161514 0.5081440806388855 -0.4756033718585968
			vertex 0.05594508722424507 0.5026652216911316 -0.5003333687782288
		endloop
	endfacet
	facet normal -7.406515954775075e-7 -0.9763265217657455 0.21630192531795162
		outer loop
			vertex 0.05594508722424507 0.5026652216911316 -0.5003333687782288
			vertex 0.04331717640161514 0.5081440806388855 -0.4756033718585968
			vertex 0.027986247092485428 0.5023811459541321 -0.5016157031059265
		endloop
	endfacet
	facet normal 1.7142547673374226e-7 -0.9763266352868772 0.21630141291580957
		outer loop
			vertex 0.04331717640161514 0.5081440806388855 -0.4756033718585968
			vertex 0.014444386586546898 0.5079362392425537 -0.4765414893627167
			vertex 0.027986247092485428 0.5023811459541321 -0.5016157031059265
		endloop
	endfacet
	facet normal -3.0913745501080984e-7 -0.9763266900963065 0.2163011655204273
		outer loop
			vertex 0.027986247092485428 0.5023811459541321 -0.5016157031059265
			vertex 0.014444386586546898 0.5079362392425537 -0.4765414893627167
			vertex -1.0566093330748668e-15 0.502286434173584 -0.5020432472229004
		endloop
	endfacet
	facet normal 0 -0.9763267270735924 0.21630099861481733
		outer loop
			vertex 0.014444386586546898 0.5079362392425537 -0.4765414893627167
			vertex -0.014444386586546898 0.5079362392425537 -0.4765414893627167
			vertex -1.0566093330748668e-15 0.502286434173584 -0.5020432472229004
		endloop
	endfacet
	facet normal 3.091374550108329e-7 -0.9763266900963063 0.2163011655204273
		outer loop
			vertex -1.0566093330748668e-15 0.502286434173584 -0.5020432472229004
			vertex -0.014444386586546898 0.5079362392425537 -0.4765414893627167
			vertex -0.027986247092485428 0.5023811459541321 -0.5016157031059265
		endloop
	endfacet
	facet normal 6.945463979094547e-7 -0.976326734052972 0.21630096711058622
		outer loop
			vertex -0.014444386586546898 0.5079362392425537 -0.4765414893627167
			vertex -0.05594508722424507 0.5026652216911316 -0.5003333687782288
			vertex -0.027986247092485428 0.5023811459541321 -0.5016157031059265
		endloop
	endfacet
	facet normal -0.954296969261082 0.012990018716200539 0.29857755085214716
		outer loop
			vertex -0.19249513745307922 0.5079072117805481 -0.48386287689208984
			vertex -0.1836605966091156 0.5145543217658997 -0.4559156000614166
			vertex -0.1925334483385086 0.5083314776420593 -0.48400378227233887
		endloop
	endfacet
	facet normal -0.9542971668311467 0.012993916147094147 0.2985767498001291
		outer loop
			vertex -0.1836605966091156 0.5145543217658997 -0.4559156000614166
			vertex -0.18498554825782776 0.5400012135505676 -0.46125778555870056
			vertex -0.1925334483385086 0.5083314776420593 -0.48400378227233887
		endloop
	endfacet
	facet normal -0.9542971913025393 0.012993980155605562 0.2985766688001602
		outer loop
			vertex -0.1925334483385086 0.5083314776420593 -0.48400378227233887
			vertex -0.18498554825782776 0.5400012135505676 -0.46125778555870056
			vertex -0.19385726749897003 0.5337792038917542 -0.4893423914909363
		endloop
	endfacet
	facet normal -0.954296487839588 0.012980104284985439 0.29857952071396004
		outer loop
			vertex -0.18498554825782776 0.5400012135505676 -0.46125778555870056
			vertex -0.19386513531208038 0.5342229008674622 -0.48938682675361633
			vertex -0.19385726749897003 0.5337792038917542 -0.4893423914909363
		endloop
	endfacet
	facet normal -0.9544186056177476 0.015708102539238124 0.29805768026556784
		outer loop
			vertex -0.19386513531208038 0.5342229008674622 -0.48938682675361633
			vertex -0.18498554825782776 0.5400012135505676 -0.46125778555870056
			vertex -0.19386506080627441 0.5342251658439636 -0.4893867075443268
		endloop
	endfacet
	facet normal -0.9542973686050703 0.01299787476459491 0.2985759325951149
		outer loop
			vertex -0.18498554825782776 0.5400012135505676 -0.46125778555870056
			vertex -0.18502387404441833 0.5404254794120789 -0.46139875054359436
			vertex -0.19386506080627441 0.5342251658439636 -0.4893867075443268
		endloop
	endfacet
	facet normal -0.9542861716330256 0.01277743157375125 0.2986212314494093
		outer loop
			vertex -0.19386506080627441 0.5342251658439636 -0.4893867075443268
			vertex -0.18502387404441833 0.5404254794120789 -0.46139875054359436
			vertex -0.18502603471279144 0.5404493808746338 -0.4614066779613495
		endloop
	endfacet
	facet normal -0.9542962812628765 0.012977762200839542 0.298580282765128
		outer loop
			vertex -0.18513624370098114 0.5409995913505554 -0.46178287267684937
			vertex -0.18517878651618958 0.5411329865455627 -0.46192464232444763
			vertex -0.19386506080627441 0.5342251658439636 -0.4893867075443268
		endloop
	endfacet
	facet normal -0.9542979615423655 0.01300613296275457 0.298573677844249
		outer loop
			vertex -0.18517878651618958 0.5411329865455627 -0.46192464232444763
			vertex -0.18528850376605988 0.5413725972175598 -0.46228575706481934
			vertex -0.19386506080627441 0.5342251658439636 -0.4893867075443268
		endloop
	endfacet
	facet normal -0.9542972374678755 0.012994582089773339 0.29857649505192707
		outer loop
			vertex -0.19386506080627441 0.5342251658439636 -0.4893867075443268
			vertex -0.18528850376605988 0.5413725972175598 -0.46228575706481934
			vertex -0.19385899603366852 0.534421980381012 -0.48937588930130005
		endloop
	endfacet
	facet normal -0.954299247069173 0.013033631290082101 0.2985683698897185
		outer loop
			vertex -0.18502603471279144 0.5404493808746338 -0.4614066779613495
			vertex -0.18505269289016724 0.5406261682510376 -0.4614996016025543
			vertex -0.19386506080627441 0.5342251658439636 -0.4893867075443268
		endloop
	endfacet
	facet normal -0.9542946271889727 0.012946408765274628 0.29858693042117956
		outer loop
			vertex -0.18505269289016724 0.5406261682510376 -0.4614996016025543
			vertex -0.1850917637348175 0.5408007502555847 -0.46163204312324524
			vertex -0.19386506080627441 0.5342251658439636 -0.4893867075443268
		endloop
	endfacet
	facet normal -0.9542980257019866 0.013008109500081957 0.29857338667155936
		outer loop
			vertex -0.19386506080627441 0.5342251658439636 -0.4893867075443268
			vertex -0.1850917637348175 0.5408007502555847 -0.46163204312324524
			vertex -0.18513624370098114 0.5409995913505554 -0.46178287267684937
		endloop
	endfacet
	facet normal -0.9542973267050502 0.012996053335296024 0.2985761458008676
		outer loop
			vertex -0.19385899603366852 0.534421980381012 -0.48937588930130005
			vertex -0.18528850376605988 0.5413725972175598 -0.46228575706481934
			vertex -0.19383886456489563 0.5346664190292358 -0.4893221855163574
		endloop
	endfacet
	facet normal -0.9542972818725953 0.01299528337381662 0.29857632260547856
		outer loop
			vertex -0.18528850376605988 0.5413725972175598 -0.46228575706481934
			vertex -0.1852959841489792 0.5413888692855835 -0.4623103737831116
			vertex -0.19383886456489563 0.5346664190292358 -0.4893221855163574
		endloop
	endfacet
	facet normal -0.954294780624374 0.012952515653080225 0.2985861751845433
		outer loop
			vertex -0.19383886456489563 0.5346664190292358 -0.4893221855163574
			vertex -0.1852959841489792 0.5413888692855835 -0.4623103737831116
			vertex -0.18535013496875763 0.5414663553237915 -0.46248680353164673
		endloop
	endfacet
	facet normal -0.9543802167966519 0.012670706099873632 0.2983250827438192
		outer loop
			vertex -0.19249297678470612 0.5078833103179932 -0.4838549494743347
			vertex -0.1921057254076004 0.5068163871765137 -0.4825707674026489
			vertex -0.19249513745307922 0.5079072117805481 -0.48386287689208984
		endloop
	endfacet
	facet normal -0.9542770111991141 0.013077625817431316 0.29863750869551725
		outer loop
			vertex -0.1921057254076004 0.5068163871765137 -0.4825707674026489
			vertex -0.19203141331672668 0.5067577362060547 -0.4823307394981384
			vertex -0.19249513745307922 0.5079072117805481 -0.48386287689208984
		endloop
	endfacet
	facet normal -0.9543119732737142 0.012923525216258466 0.2985324775672064
		outer loop
			vertex -0.19249513745307922 0.5079072117805481 -0.48386287689208984
			vertex -0.19203141331672668 0.5067577362060547 -0.4823307394981384
			vertex -0.19197428226470947 0.5067460536956787 -0.48214760422706604
		endloop
	endfacet
	facet normal -0.9543204869151587 0.013033411830367304 0.29850048313206223
		outer loop
			vertex -0.18365882337093353 0.513911783695221 -0.4558819532394409
			vertex -0.18365277349948883 0.5141083598136902 -0.45587119460105896
			vertex -0.18390610814094543 0.5125668048858643 -0.45661380887031555
		endloop
	endfacet
	facet normal -0.9542973195711737 0.012994993207067198 0.29857621474394397
		outer loop
			vertex -0.18535013496875763 0.5414663553237915 -0.46248680353164673
			vertex -0.18541334569454193 0.5415163040161133 -0.4626910090446472
			vertex -0.19383886456489563 0.5346664190292358 -0.4893221855163574
		endloop
	endfacet
	facet normal -0.9542987582493581 0.013018646207634882 0.29857058605069225
		outer loop
			vertex -0.18541334569454193 0.5415163040161133 -0.4626910090446472
			vertex -0.18548764288425446 0.5415749549865723 -0.4629310369491577
			vertex -0.19383886456489563 0.5346664190292358 -0.4893221855163574
		endloop
	endfacet
	facet normal -0.9543009246382969 0.013053536031669614 0.29856213830886513
		outer loop
			vertex -0.19383886456489563 0.5346664190292358 -0.4893221855163574
			vertex -0.18548764288425446 0.5415749549865723 -0.4629310369491577
			vertex -0.18554478883743286 0.5415865778923035 -0.4631142020225525
		endloop
	endfacet
	facet normal -0.9542817456972492 0.013064950713296183 0.2986229343032272
		outer loop
			vertex -0.19249297678470612 0.5078833103179932 -0.4838549494743347
			vertex -0.19246631860733032 0.5077065229415894 -0.4837620258331299
			vertex -0.1921057254076004 0.5068163871765137 -0.4825707674026489
		endloop
	endfacet
	facet normal -0.9543118410373417 0.012931788730769255 0.29853254244075683
		outer loop
			vertex -0.19246631860733032 0.5077065229415894 -0.4837620258331299
			vertex -0.19242726266384125 0.5075319409370422 -0.48362961411476135
			vertex -0.1921057254076004 0.5068163871765137 -0.4825707674026489
		endloop
	endfacet
	facet normal -0.9542828225394803 0.01307297467628124 0.29861914195040573
		outer loop
			vertex -0.1921057254076004 0.5068163871765137 -0.4825707674026489
			vertex -0.19242726266384125 0.5075319409370422 -0.48362961411476135
			vertex -0.1923827975988388 0.5073330998420715 -0.4834788143634796
		endloop
	endfacet
	facet normal -0.9541888372879979 0.012812848702621412 0.2989305834187974
		outer loop
			vertex -0.1836605966091156 0.5145543217658997 -0.4559156000614166
			vertex -0.18402141332626343 0.5123261213302612 -0.45697182416915894
			vertex -0.18401406705379486 0.5123343467712402 -0.45694872736930847
		endloop
	endfacet
	facet normal -0.9542825543464706 0.012960247335771863 0.29862491265628066
		outer loop
			vertex -0.18380294740200043 0.5128703713417053 -0.4562973082065582
			vertex -0.18372683227062225 0.5132449865341187 -0.45607033371925354
			vertex -0.18367895483970642 0.513667106628418 -0.45593565702438354
		endloop
	endfacet
	facet normal -0.9541704253318525 0.012831512341588766 0.29898854779583045
		outer loop
			vertex -0.18372683227062225 0.5132449865341187 -0.45607033371925354
			vertex -0.18372227251529694 0.5132673978805542 -0.45605674386024475
			vertex -0.18367895483970642 0.513667106628418 -0.45593565702438354
		endloop
	endfacet
	facet normal -0.9543141466253466 0.012988203757722727 0.2985227229439735
		outer loop
			vertex -0.18367895483970642 0.513667106628418 -0.45593565702438354
			vertex -0.18372227251529694 0.5132673978805542 -0.45605674386024475
			vertex -0.18369656801223755 0.5134531855583191 -0.45598265528678894
		endloop
	endfacet
	facet normal -0.9543047392976177 0.013007508672877744 0.2985519540586376
		outer loop
			vertex -0.18401406705379486 0.5123343467712402 -0.45694872736930847
			vertex -0.18396028876304626 0.512429416179657 -0.45678097009658813
			vertex -0.1836605966091156 0.5145543217658997 -0.4559156000614166
		endloop
	endfacet
	facet normal -0.9542759743211697 0.012965264991782861 0.2986457211096038
		outer loop
			vertex -0.18396028876304626 0.512429416179657 -0.45678097009658813
			vertex -0.18390610814094543 0.5125668048858643 -0.45661380887031555
			vertex -0.1836605966091156 0.5145543217658997 -0.4559156000614166
		endloop
	endfacet
	facet normal -0.954292524468866 0.012986208703515712 0.2985919224063964
		outer loop
			vertex -0.1836605966091156 0.5145543217658997 -0.4559156000614166
			vertex -0.18390610814094543 0.5125668048858643 -0.45661380887031555
			vertex -0.18365269899368286 0.5141109228134155 -0.4558710753917694
		endloop
	endfacet
	facet normal -0.9548472634525369 0.013953966761531569 0.2967692542849068
		outer loop
			vertex -0.18390610814094543 0.5125668048858643 -0.45661380887031555
			vertex -0.18365277349948883 0.5141083598136902 -0.45587119460105896
			vertex -0.18365269899368286 0.5141109228134155 -0.4558710753917694
		endloop
	endfacet
	facet normal -0.9542388922250074 0.009911583063526816 0.29888107515593226
		outer loop
			vertex -0.18554478883743286 0.5415865778923035 -0.4631142020225525
			vertex -0.18554776906967163 0.541587233543396 -0.46312373876571655
			vertex -0.18567895889282227 0.5415438413619995 -0.4635411500930786
		endloop
	endfacet
	facet normal -0.9542917519188472 0.012907462442834654 0.29859780580731715
		outer loop
			vertex -0.18554478883743286 0.5415865778923035 -0.4631142020225525
			vertex -0.18567895889282227 0.5415438413619995 -0.4635411500930786
			vertex -0.19383886456489563 0.5346664190292358 -0.4893221855163574
		endloop
	endfacet
	facet normal -0.9542975891327237 0.012999249741188325 0.29857516789183547
		outer loop
			vertex -0.18567895889282227 0.5415438413619995 -0.4635411500930786
			vertex -0.19336768984794617 0.5361514687538147 -0.4878808856010437
			vertex -0.19383886456489563 0.5346664190292358 -0.4893221855163574
		endloop
	endfacet
	facet normal -0.9542848355327647 0.012953724400639662 0.29861790585354486
		outer loop
			vertex -0.19383886456489563 0.5346664190292358 -0.4893221855163574
			vertex -0.19336768984794617 0.5361514687538147 -0.4878808856010437
			vertex -0.1934964954853058 0.5360074043273926 -0.48828625679016113
		endloop
	endfacet
	facet normal -0.9544235569917118 0.01334522033553723 0.2981569703251712
		outer loop
			vertex -0.1934964954853058 0.5360074043273926 -0.48828625679016113
			vertex -0.19350379705429077 0.5359992384910583 -0.48830926418304443
			vertex -0.19383886456489563 0.5346664190292358 -0.4893221855163574
		endloop
	endfacet
	facet normal -0.9542986643326222 0.012998589071980291 0.29857176010987907
		outer loop
			vertex -0.19350379705429077 0.5359992384910583 -0.48830926418304443
			vertex -0.19355756044387817 0.5359041094779968 -0.48847696185112
			vertex -0.19383886456489563 0.5346664190292358 -0.4893221855163574
		endloop
	endfacet
	facet normal -0.9542810868007365 0.01295493599107584 0.2986298327492956
		outer loop
			vertex -0.19383886456489563 0.5346664190292358 -0.4893221855163574
			vertex -0.19355756044387817 0.5359041094779968 -0.48847696185112
			vertex -0.1936117559671402 0.5357666611671448 -0.48864418268203735
		endloop
	endfacet
	facet normal -0.9542695913003019 0.012960690921734444 0.29866631482372846
		outer loop
			vertex -0.19382120668888092 0.5348807573318481 -0.4892750680446625
			vertex -0.19383886456489563 0.5346664190292358 -0.4893221855163574
			vertex -0.19379551708698273 0.5350663065910339 -0.48920103907585144
		endloop
	endfacet
	facet normal -0.9544191339750299 0.013123943170969097 0.2981809497905578
		outer loop
			vertex -0.19383886456489563 0.5346664190292358 -0.4893221855163574
			vertex -0.193791002035141 0.5350885987281799 -0.4891875684261322
			vertex -0.19379551708698273 0.5350663065910339 -0.48920103907585144
		endloop
	endfacet
	facet normal -0.9539049847527569 0.01568919240163331 0.29969839723566666
		outer loop
			vertex -0.19222307205200195 0.5069437623023987 -0.4829513728618622
			vertex -0.19216890633106232 0.5068662762641907 -0.48277491331100464
			vertex -0.19223053753376007 0.5069600939750671 -0.4829759895801544
		endloop
	endfacet
	facet normal -0.9543284891354037 0.012809476510954087 0.2984845927950939
		outer loop
			vertex -0.19216890633106232 0.5068662762641907 -0.48277491331100464
			vertex -0.1921057254076004 0.5068163871765137 -0.4825707674026489
			vertex -0.19223053753376007 0.5069600939750671 -0.4829759895801544
		endloop
	endfacet
	facet normal -0.9543285915338969 0.012808573649881683 0.2984843041467743
		outer loop
			vertex -0.19223053753376007 0.5069600939750671 -0.4829759895801544
			vertex -0.1921057254076004 0.5068163871765137 -0.4825707674026489
			vertex -0.19234023988246918 0.5071996450424194 -0.48333701491355896
		endloop
	endfacet
	facet normal -0.9543248827305306 0.0128324959459152 0.2984951343810437
		outer loop
			vertex -0.1921057254076004 0.5068163871765137 -0.4825707674026489
			vertex -0.1923827975988388 0.5073330998420715 -0.4834788143634796
			vertex -0.19234023988246918 0.5071996450424194 -0.48333701491355896
		endloop
	endfacet
	facet normal -0.9543322284475649 0.0128250543127732 0.2984719680777059
		outer loop
			vertex -0.19197428226470947 0.5067460536956787 -0.48214760422706604
			vertex -0.1919713169336319 0.506745457649231 -0.48213809728622437
			vertex -0.19249513745307922 0.5079072117805481 -0.48386287689208984
		endloop
	endfacet
	facet normal -0.954296134201636 0.01300131312641315 0.298579728221462
		outer loop
			vertex -0.1919713169336319 0.506745457649231 -0.48213809728622437
			vertex -0.19184012711048126 0.5067887902259827 -0.4817206859588623
			vertex -0.19249513745307922 0.5079072117805481 -0.48386287689208984
		endloop
	endfacet
	facet normal -0.9542972216581939 0.012994580455703076 0.29857654565325875
		outer loop
			vertex -0.19249513745307922 0.5079072117805481 -0.48386287689208984
			vertex -0.19184012711048126 0.5067887902259827 -0.4817206859588623
			vertex -0.1836605966091156 0.5145543217658997 -0.4559156000614166
		endloop
	endfacet
	facet normal -0.9542973645692283 0.012996530942497352 0.298576003991758
		outer loop
			vertex -0.19184012711048126 0.5067887902259827 -0.4817206859588623
			vertex -0.18415024876594543 0.5121819972991943 -0.4573773443698883
			vertex -0.1836605966091156 0.5145543217658997 -0.4559156000614166
		endloop
	endfacet
	facet normal -0.9543012105408362 0.013005129762184178 0.29856333693232245
		outer loop
			vertex -0.1836605966091156 0.5145543217658997 -0.4559156000614166
			vertex -0.18415024876594543 0.5121819972991943 -0.4573773443698883
			vertex -0.18402141332626343 0.5123261213302612 -0.45697182416915894
		endloop
	endfacet
	facet normal -0.9542934910908678 0.012980232367135683 0.29858909295099734
		outer loop
			vertex -0.18365882337093353 0.513911783695221 -0.4558819532394409
			vertex -0.18390610814094543 0.5125668048858643 -0.45661380887031555
			vertex -0.18367895483970642 0.513667106628418 -0.45593565702438354
		endloop
	endfacet
	facet normal -0.9543080635750153 0.013012822640175102 0.2985410964049001
		outer loop
			vertex -0.18390610814094543 0.5125668048858643 -0.45661380887031555
			vertex -0.18384549021720886 0.51272052526474 -0.456426739692688
			vertex -0.18367895483970642 0.513667106628418 -0.45593565702438354
		endloop
	endfacet
	facet normal -0.9542627288896397 0.012927769027910317 0.2986896667781781
		outer loop
			vertex -0.18367895483970642 0.513667106628418 -0.45593565702438354
			vertex -0.18384549021720886 0.51272052526474 -0.456426739692688
			vertex -0.18380294740200043 0.5128703713417053 -0.4562973082065582
		endloop
	endfacet
	facet normal -0.9543257064232458 0.013054712415588055 0.298482864740205
		outer loop
			vertex -0.1936117559671402 0.5357666611671448 -0.48864418268203735
			vertex -0.1936723291873932 0.5356130599975586 -0.48883113265037537
			vertex -0.19383886456489563 0.5346664190292358 -0.4893221855163574
		endloop
	endfacet
	facet normal -0.9542471083118841 0.012907265550373713 0.29874045386324805
		outer loop
			vertex -0.1936723291873932 0.5356130599975586 -0.48883113265037537
			vertex -0.19371482729911804 0.5354633927345276 -0.4889604151248932
			vertex -0.19383886456489563 0.5346664190292358 -0.4893221855163574
		endloop
	endfacet
	facet normal -0.9542859391428813 0.012970876118437207 0.29861363452948547
		outer loop
			vertex -0.19383886456489563 0.5346664190292358 -0.4893221855163574
			vertex -0.19371482729911804 0.5354633927345276 -0.4889604151248932
			vertex -0.193791002035141 0.5350885987281799 -0.4891875684261322
		endloop
	endfacet
	facet normal 0.9542932872175963 0.013023048722275445 0.2985878801515752
		outer loop
			vertex 0.18567895889282227 0.5415438413619995 -0.4635411500930786
			vertex 0.18554472923278809 0.5415840744972229 -0.4631139039993286
			vertex 0.18502329289913177 0.5404260158538818 -0.46139687299728394
		endloop
	endfacet
	facet normal 0.9542872891626708 0.012974382537956967 0.2986091678772104
		outer loop
			vertex 0.19385726749897003 0.5337792038917542 -0.4893423914909363
			vertex 0.1934966892004013 0.5360095500946045 -0.48828697204589844
			vertex 0.19336768984794617 0.5361514687538147 -0.4878808856010437
		endloop
	endfacet
	facet normal 0.9542943318267901 0.013009047630718895 0.2985851518796637
		outer loop
			vertex 0.1838042289018631 0.5128690600395203 -0.4563013017177582
			vertex 0.19385726749897003 0.5337792038917542 -0.4893423914909363
			vertex 0.18372578918933868 0.5132452845573425 -0.4560669958591461
		endloop
	endfacet
	facet normal 0.9542926590069073 0.013017910862494929 0.29859011196337837
		outer loop
			vertex 0.19385726749897003 0.5337792038917542 -0.4893423914909363
			vertex 0.1836995631456375 0.513428807258606 -0.4559911787509918
			vertex 0.18372578918933868 0.5132452845573425 -0.4560669958591461
		endloop
	endfacet
	facet normal 0.9542777702575472 0.012886752687612125 0.2986433806355874
		outer loop
			vertex 0.1936674565076828 0.5356284379959106 -0.48881620168685913
			vertex 0.19361178576946259 0.5357665419578552 -0.4886442720890045
			vertex 0.19370976090431213 0.5354828238487244 -0.4889450967311859
		endloop
	endfacet
	facet normal 0.9542593416830988 0.012814670823334224 0.2987053615558793
		outer loop
			vertex 0.19361178576946259 0.5357665419578552 -0.4886442720890045
			vertex 0.19371359050273895 0.5354644060134888 -0.4889565408229828
			vertex 0.19370976090431213 0.5354828238487244 -0.4889450967311859
		endloop
	endfacet
	facet normal 0.9542974784452427 0.012997065950578698 0.2985756167367459
		outer loop
			vertex 0.18567895889282227 0.5415438413619995 -0.4635411500930786
			vertex 0.18502329289913177 0.5404260158538818 -0.46139687299728394
			vertex 0.19336768984794617 0.5361514687538147 -0.4878808856010437
		endloop
	endfacet
	facet normal 0.9542075836301984 0.013196097560144985 0.2988540619630281
		outer loop
			vertex 0.18504677712917328 0.5405907034873962 -0.461479127407074
			vertex 0.18502329289913177 0.5404260158538818 -0.46139687299728394
			vertex 0.1850917786359787 0.5408011078834534 -0.46163210272789
		endloop
	endfacet
	facet normal 0.9542958465008251 0.013008325648266275 0.2985803423119188
		outer loop
			vertex 0.18502329289913177 0.5404260158538818 -0.46139687299728394
			vertex 0.18517881631851196 0.5411279201507568 -0.4619245231151581
			vertex 0.1850917786359787 0.5408011078834534 -0.46163210272789
		endloop
	endfacet
	facet normal 0.9542424123054807 0.013169018600687522 0.2987440300767729
		outer loop
			vertex 0.1850917786359787 0.5408011078834534 -0.46163210272789
			vertex 0.18517881631851196 0.5411279201507568 -0.4619245231151581
			vertex 0.18512780964374542 0.5409696102142334 -0.46175462007522583
		endloop
	endfacet
	facet normal 0.954185574674628 0.013372419705753364 0.2989164891304311
		outer loop
			vertex 0.18517881631851196 0.5411279201507568 -0.4619245231151581
			vertex 0.1851702481508255 0.5411084294319153 -0.46189630031585693
			vertex 0.18512780964374542 0.5409696102142334 -0.46175462007522583
		endloop
	endfacet
	facet normal 0.9542974817869735 0.012997165497155797 0.2985756017227142
		outer loop
			vertex 0.19336768984794617 0.5361514687538147 -0.4878808856010437
			vertex 0.18502329289913177 0.5404260158538818 -0.46139687299728394
			vertex 0.19385726749897003 0.5337792038917542 -0.4893423914909363
		endloop
	endfacet
	facet normal 0.954268415776531 0.012474278697724269 0.29869078161590756
		outer loop
			vertex 0.18502329289913177 0.5404260158538818 -0.46139687299728394
			vertex 0.18502096831798553 0.5404097437858582 -0.4613887667655945
			vertex 0.19385726749897003 0.5337792038917542 -0.4893423914909363
		endloop
	endfacet
	facet normal 0.9542969866474944 0.012989942925924824 0.2985774985800056
		outer loop
			vertex 0.19385726749897003 0.5337792038917542 -0.4893423914909363
			vertex 0.18502096831798553 0.5404097437858582 -0.4613887667655945
			vertex 0.18498554825782776 0.5400012135505676 -0.46125778555870056
		endloop
	endfacet
	facet normal 0.9542971873140194 0.012993901471017982 0.298576684972409
		outer loop
			vertex 0.18498554825782776 0.5400012135505676 -0.46125778555870056
			vertex 0.1836605966091156 0.5145543217658997 -0.4559156000614166
			vertex 0.19385726749897003 0.5337792038917542 -0.4893423914909363
		endloop
	endfacet
	facet normal 0.9542974185467652 0.01299259282931608 0.29857600286451647
		outer loop
			vertex 0.1836605966091156 0.5145543217658997 -0.4559156000614166
			vertex 0.18365353345870972 0.5141081213951111 -0.45587360858917236
			vertex 0.19385726749897003 0.5337792038917542 -0.4893423914909363
		endloop
	endfacet
	facet normal 0.9543148694187191 0.012895775593748302 0.2985244194001034
		outer loop
			vertex 0.19385726749897003 0.5337792038917542 -0.4893423914909363
			vertex 0.18365353345870972 0.5141081213951111 -0.45587360858917236
			vertex 0.18365316092967987 0.5140846371650696 -0.4558714032173157
		endloop
	endfacet
	facet normal 0.9542922427620859 0.013021163462675596 0.2985913004529547
		outer loop
			vertex 0.18365316092967987 0.5140846371650696 -0.4558714032173157
			vertex 0.18366006016731262 0.5138858556747437 -0.45588478446006775
			vertex 0.19385726749897003 0.5337792038917542 -0.4893423914909363
		endloop
	endfacet
	facet normal 0.954295973181275 0.01300069904415722 0.2985802695999293
		outer loop
			vertex 0.18366006016731262 0.5138858556747437 -0.45588478446006775
			vertex 0.18367895483970642 0.5136672854423523 -0.45593565702438354
			vertex 0.19385726749897003 0.5337792038917542 -0.4893423914909363
		endloop
	endfacet
	facet normal 0.9543038546665279 0.012957953330051168 0.2985569366370556
		outer loop
			vertex 0.19385726749897003 0.5337792038917542 -0.4893423914909363
			vertex 0.18367895483970642 0.5136672854423523 -0.45593565702438354
			vertex 0.1836995631456375 0.513428807258606 -0.4559911787509918
		endloop
	endfacet
	facet normal 0.9542961083035217 0.01299937663910815 0.2985798953106991
		outer loop
			vertex 0.1840212196111679 0.5123240947723389 -0.456971138715744
			vertex 0.18415024876594543 0.5121819972991943 -0.4573773443698883
			vertex 0.19385726749897003 0.5337792038917542 -0.4893423914909363
		endloop
	endfacet
	facet normal 0.9542972317019442 0.01299390973472048 0.29857654274207807
		outer loop
			vertex 0.18415024876594543 0.5121819972991943 -0.4573773443698883
			vertex 0.19184012711048126 0.5067887902259827 -0.4817206859588623
			vertex 0.19385726749897003 0.5337792038917542 -0.4893423914909363
		endloop
	endfacet
	facet normal 0.9543017692575546 0.01298952897473274 0.29856223024507933
		outer loop
			vertex 0.19385726749897003 0.5337792038917542 -0.4893423914909363
			vertex 0.19184012711048126 0.5067887902259827 -0.4817206859588623
			vertex 0.19197434186935425 0.506748616695404 -0.4821479320526123
		endloop
	endfacet
	facet normal 0.9543056563702993 0.013005777500892086 0.29854909809150304
		outer loop
			vertex 0.19385726749897003 0.5337792038917542 -0.4893423914909363
			vertex 0.19386428594589233 0.5342254042625427 -0.489384263753891
			vertex 0.1934966892004013 0.5360095500946045 -0.48828697204589844
		endloop
	endfacet
	facet normal 0.9542253502125502 0.012826669902454946 0.2988134159487311
		outer loop
			vertex 0.19386428594589233 0.5342254042625427 -0.489384263753891
			vertex 0.19386465847492218 0.5342490673065186 -0.4893864691257477
			vertex 0.1934966892004013 0.5360095500946045 -0.48828697204589844
		endloop
	endfacet
	facet normal 0.954287410928588 0.012967252896998481 0.2986090884342228
		outer loop
			vertex 0.1934966892004013 0.5360095500946045 -0.48828697204589844
			vertex 0.19386465847492218 0.5342490673065186 -0.4893864691257477
			vertex 0.19385775923728943 0.534447968006134 -0.4893730580806732
		endloop
	endfacet
	facet normal 0.9542989774837993 0.01299652288011257 0.29857084915711746
		outer loop
			vertex 0.19385775923728943 0.534447968006134 -0.4893730580806732
			vertex 0.19383887946605682 0.5346662402153015 -0.4893222153186798
			vertex 0.1934966892004013 0.5360095500946045 -0.48828697204589844
		endloop
	endfacet
	facet normal 0.9543228067538889 0.013063553039053079 0.2984917487827352
		outer loop
			vertex 0.19383887946605682 0.5346662402153015 -0.4893222153186798
			vertex 0.19381819665431976 0.5349051356315613 -0.4892665445804596
			vertex 0.1934966892004013 0.5360095500946045 -0.48828697204589844
		endloop
	endfacet
	facet normal 0.9542501762886316 0.012827461155208917 0.2987340912809037
		outer loop
			vertex 0.1934966892004013 0.5360095500946045 -0.48828697204589844
			vertex 0.19381819665431976 0.5349051356315613 -0.4892665445804596
			vertex 0.1937919557094574 0.5350887775421143 -0.48919060826301575
		endloop
	endfacet
	facet normal 0.9543266665313127 0.013103657935388407 0.2984776502452828
		outer loop
			vertex 0.1937919557094574 0.5350887775421143 -0.48919060826301575
			vertex 0.19371359050273895 0.5354644060134888 -0.4889565408229828
			vertex 0.1934966892004013 0.5360095500946045 -0.48828697204589844
		endloop
	endfacet
	facet normal 0.9542837966688108 0.01290781380073895 0.2986232136961983
		outer loop
			vertex 0.19371359050273895 0.5354644060134888 -0.4889565408229828
			vertex 0.19361178576946259 0.5357665419578552 -0.4886442720890045
			vertex 0.1934966892004013 0.5360095500946045 -0.48828697204589844
		endloop
	endfacet
	facet normal 0.9543276084534894 0.013150015286167906 0.298472599816829
		outer loop
			vertex 0.1934966892004013 0.5360095500946045 -0.48828697204589844
			vertex 0.19361178576946259 0.5357665419578552 -0.4886442720890045
			vertex 0.19349819421768188 0.5360078811645508 -0.4882917106151581
		endloop
	endfacet
	facet normal 0.9542708676012708 0.012838571594386889 0.2986675113348181
		outer loop
			vertex 0.19361178576946259 0.5357665419578552 -0.4886442720890045
			vertex 0.1935516595840454 0.5359156727790833 -0.4884585738182068
			vertex 0.19349819421768188 0.5360078811645508 -0.4882917106151581
		endloop
	endfacet
	facet normal 0.9543090505634708 0.01294620228064495 0.29854083784158486
		outer loop
			vertex 0.18554472923278809 0.5415840744972229 -0.4631139039993286
			vertex 0.18553662300109863 0.5415864586830139 -0.46308809518814087
			vertex 0.18502329289913177 0.5404260158538818 -0.46139687299728394
		endloop
	endfacet
	facet normal 0.9543066378829635 0.012957777421662276 0.2985480478864417
		outer loop
			vertex 0.18553662300109863 0.5415864586830139 -0.46308809518814087
			vertex 0.18547660112380981 0.5415704846382141 -0.46289554238319397
			vertex 0.18502329289913177 0.5404260158538818 -0.46139687299728394
		endloop
	endfacet
	facet normal 0.9542971856768183 0.012998751657872145 0.2985764790880914
		outer loop
			vertex 0.18502329289913177 0.5404260158538818 -0.46139687299728394
			vertex 0.18547660112380981 0.5415704846382141 -0.46289554238319397
			vertex 0.1854134202003479 0.5415163040161133 -0.4626912474632263
		endloop
	endfacet
	facet normal 0.9543000500205483 0.012987442287218137 0.2985678162053227
		outer loop
			vertex 0.1854134202003479 0.5415163040161133 -0.4626912474632263
			vertex 0.1853397786617279 0.5414532423019409 -0.46245312690734863
			vertex 0.18502329289913177 0.5404260158538818 -0.46139687299728394
		endloop
	endfacet
	facet normal 0.9542924590764789 0.013013558926883825 0.298590940642585
		outer loop
			vertex 0.1853397786617279 0.5414532423019409 -0.46245312690734863
			vertex 0.1852858066558838 0.5413718223571777 -0.4622770845890045
			vertex 0.18502329289913177 0.5404260158538818 -0.46139687299728394
		endloop
	endfacet
	facet normal 0.9542866839570378 0.01303160593046707 0.2986086101725028
		outer loop
			vertex 0.18502329289913177 0.5404260158538818 -0.46139687299728394
			vertex 0.1852858066558838 0.5413718223571777 -0.4622770845890045
			vertex 0.18517881631851196 0.5411279201507568 -0.4619245231151581
		endloop
	endfacet
	facet normal 0.9543732671296891 0.012600011049006937 0.29835030871404866
		outer loop
			vertex 0.1838042289018631 0.5128690600395203 -0.4563013017177582
			vertex 0.18380793929100037 0.5128512382507324 -0.4563124179840088
			vertex 0.19385726749897003 0.5337792038917542 -0.4893423914909363
		endloop
	endfacet
	facet normal 0.9542971809164184 0.012993864240087983 0.2985767070403968
		outer loop
			vertex 0.18380793929100037 0.5128512382507324 -0.4563124179840088
			vertex 0.18385018408298492 0.5127056837081909 -0.45644110441207886
			vertex 0.19385726749897003 0.5337792038917542 -0.4893423914909363
		endloop
	endfacet
	facet normal 0.9542982381123243 0.012988454247998145 0.2985735634512225
		outer loop
			vertex 0.19385726749897003 0.5337792038917542 -0.4893423914909363
			vertex 0.18385018408298492 0.5127056837081909 -0.45644110441207886
			vertex 0.18390607833862305 0.5125669836997986 -0.4566137194633484
		endloop
	endfacet
	facet normal 0.9542990914505767 0.012984135529927686 0.29857102384716466
		outer loop
			vertex 0.18390607833862305 0.5125669836997986 -0.4566137194633484
			vertex 0.1839659959077835 0.512418270111084 -0.4567987620830536
			vertex 0.19385726749897003 0.5337792038917542 -0.4893423914909363
		endloop
	endfacet
	facet normal 0.9542896010013732 0.013031591521445085 0.2985992884168651
		outer loop
			vertex 0.1839659959077835 0.512418270111084 -0.4567987620830536
			vertex 0.18401940166950226 0.5123260617256165 -0.4569654166698456
			vertex 0.19385726749897003 0.5337792038917542 -0.4893423914909363
		endloop
	endfacet
	facet normal 0.95426822457372 0.013137483079201286 0.29866295737380016
		outer loop
			vertex 0.19385726749897003 0.5337792038917542 -0.4893423914909363
			vertex 0.18401940166950226 0.5123260617256165 -0.4569654166698456
			vertex 0.1840212196111679 0.5123240947723389 -0.456971138715744
		endloop
	endfacet
	facet normal 0.9542789840571588 0.013010257543601153 0.29863414705201774
		outer loop
			vertex 0.19197434186935425 0.506748616695404 -0.4821479320526123
			vertex 0.1919824331998825 0.5067461729049683 -0.4821736812591553
			vertex 0.19385726749897003 0.5337792038917542 -0.4893423914909363
		endloop
	endfacet
	facet normal 0.9542771841834772 0.013011888700360208 0.29863982738292566
		outer loop
			vertex 0.1919824331998825 0.5067461729049683 -0.4821736812591553
			vertex 0.19204245507717133 0.5067622065544128 -0.4823661744594574
			vertex 0.19385726749897003 0.5337792038917542 -0.4893423914909363
		endloop
	endfacet
	facet normal 0.9543042012807714 0.012988046445749933 0.2985545210968875
		outer loop
			vertex 0.19385726749897003 0.5337792038917542 -0.4893423914909363
			vertex 0.19204245507717133 0.5067622065544128 -0.4823661744594574
			vertex 0.19210565090179443 0.5068163275718689 -0.4825705289840698
		endloop
	endfacet
	facet normal 0.9543088173560694 0.012984083989951784 0.2985399381647322
		outer loop
			vertex 0.19210565090179443 0.5068163275718689 -0.4825705289840698
			vertex 0.19217924773693085 0.5068793892860413 -0.48280853033065796
			vertex 0.19385726749897003 0.5337792038917542 -0.4893423914909363
		endloop
	endfacet
	facet normal 0.9542786674834379 0.013009105627969132 0.29863520883645744
		outer loop
			vertex 0.19217924773693085 0.5068793892860413 -0.48280853033065796
			vertex 0.19223321974277496 0.5069608092308044 -0.4829845428466797
			vertex 0.19385726749897003 0.5337792038917542 -0.4893423914909363
		endloop
	endfacet
	facet normal 0.9542975191283342 0.012993838970358862 0.2985756271605562
		outer loop
			vertex 0.19385726749897003 0.5337792038917542 -0.4893423914909363
			vertex 0.19223321974277496 0.5069608092308044 -0.4829845428466797
			vertex 0.19234022498130798 0.5072047114372253 -0.4833371639251709
		endloop
	endfacet
	facet normal 0.9544522003928281 0.01287435841754018 0.2980859742769281
		outer loop
			vertex 0.19234022498130798 0.5072047114372253 -0.4833371639251709
			vertex 0.19234874844551086 0.5072242021560669 -0.4833652973175049
			vertex 0.19385726749897003 0.5337792038917542 -0.4893423914909363
		endloop
	endfacet
	facet normal 0.9542752517476029 0.013010477324609478 0.2986460637306897
		outer loop
			vertex 0.19234874844551086 0.5072242021560669 -0.4833652973175049
			vertex 0.19239118695259094 0.507362961769104 -0.4835069477558136
			vertex 0.19385726749897003 0.5337792038917542 -0.4893423914909363
		endloop
	endfacet
	facet normal 0.9543097619043995 0.012984448033157587 0.29853690298394
		outer loop
			vertex 0.19385726749897003 0.5337792038917542 -0.4893423914909363
			vertex 0.19239118695259094 0.507362961769104 -0.4835069477558136
			vertex 0.19242724776268005 0.5075315833091736 -0.4836295545101166
		endloop
	endfacet
	facet normal 0.9542716640698914 0.013012756150420551 0.29865742805202444
		outer loop
			vertex 0.19242724776268005 0.5075315833091736 -0.4836295545101166
			vertex 0.19247221946716309 0.5077418684959412 -0.48378241062164307
			vertex 0.19385726749897003 0.5337792038917542 -0.4893423914909363
		endloop
	endfacet
	facet normal 0.9543279373099807 0.01297173605560904 0.2984793495928674
		outer loop
			vertex 0.19247221946716309 0.5077418684959412 -0.48378241062164307
			vertex 0.19249573349952698 0.5079066753387451 -0.48386475443840027
			vertex 0.19385726749897003 0.5337792038917542 -0.4893423914909363
		endloop
	endfacet
	facet normal 0.9542939069845865 0.012996331673188567 0.29858706344236313
		outer loop
			vertex 0.19385726749897003 0.5337792038917542 -0.4893423914909363
			vertex 0.19249573349952698 0.5079066753387451 -0.48386475443840027
			vertex 0.1925334483385086 0.5083314776420593 -0.48400378227233887
		endloop
	endfacet
	facet normal 0.9552979703642328 0.011866253677762754 0.2954064654702609
		outer loop
			vertex 0.19249573349952698 0.5079066753387451 -0.48386475443840027
			vertex 0.19249801337718964 0.5079227089881897 -0.48387277126312256
			vertex 0.1925334483385086 0.5083314776420593 -0.48400378227233887
		endloop
	endfacet
	facet normal 0.08746355833054888 0.790342506505085 -0.6063900134199266
		outer loop
			vertex 0.1935516595840454 0.5359156727790833 -0.4884585738182068
			vertex 0.19361178576946259 0.5357665419578552 -0.4886442720890045
			vertex 0.1683025062084198 0.5346475839614868 -0.49375319480895996
		endloop
	endfacet
	facet normal 0.20082726245238938 -0.09465867795112795 -0.9750426377058719
		outer loop
			vertex 0.16850592195987701 0.5330929756164551 -0.4944973289966583
			vertex 0.19386428594589233 0.5342254042625427 -0.489384263753891
			vertex 0.19385726749897003 0.5337792038917542 -0.4893423914909363
		endloop
	endfacet
	facet normal 0.18218740599921512 0.23798327845101788 -0.954029196761285
		outer loop
			vertex 0.19383887946605682 0.5346662402153015 -0.4893222153186798
			vertex 0.19385775923728943 0.534447968006134 -0.4893730580806732
			vertex 0.1684781163930893 0.5335370898246765 -0.49444693326950073
		endloop
	endfacet
	facet normal 0.19301292318881305 0.07267127665362326 -0.9785013525957142
		outer loop
			vertex 0.19385775923728943 0.534447968006134 -0.4893730580806732
			vertex 0.19386465847492218 0.5342490673065186 -0.4893864691257477
			vertex 0.1684781163930893 0.5335370898246765 -0.49444693326950073
		endloop
	endfacet
	facet normal 0.11617681284841581 0.6770347374906277 -0.7267234084487586
		outer loop
			vertex 0.1936674565076828 0.5356284379959106 -0.48881620168685913
			vertex 0.19370976090431213 0.5354828238487244 -0.4889450967311859
			vertex 0.16837379336357117 0.5343344211578369 -0.4940652847290039
		endloop
	endfacet
	facet normal 0.1425221270805105 0.5435966291804017 -0.8271578737074028
		outer loop
			vertex 0.19370976090431213 0.5354828238487244 -0.4889450967311859
			vertex 0.19371359050273895 0.5354644060134888 -0.4889565408229828
			vertex 0.16837379336357117 0.5343344211578369 -0.4940652847290039
		endloop
	endfacet
	facet normal 0.14233388429153906 0.5446953604629292 -0.8264671981831114
		outer loop
			vertex 0.16837379336357117 0.5343344211578369 -0.4940652847290039
			vertex 0.19371359050273895 0.5354644060134888 -0.4889565408229828
			vertex 0.1937919557094574 0.5350887775421143 -0.48919060826301575
		endloop
	endfacet
	facet normal 0.022918036946607056 0.9460087486872288 -0.32332987951894876
		outer loop
			vertex 0.16813938319683075 0.5350253582000732 -0.49296391010284424
			vertex 0.19336768984794617 0.5361514687538147 -0.4878808856010437
			vertex 0.1934966892004013 0.5360095500946045 -0.48828697204589844
		endloop
	endfacet
	facet normal -0.023963143981909463 0.944505265597378 -0.32762107836543236
		outer loop
			vertex -0.19350379705429077 0.5359992384910583 -0.48830926418304443
			vertex -0.1934964954853058 0.5360074043273926 -0.48828625679016113
			vertex -0.1682220995426178 0.5348817706108093 -0.49338001012802124
		endloop
	endfacet
	facet normal -0.024041611671910032 0.9443779043820079 -0.32798227791035367
		outer loop
			vertex -0.1934964954853058 0.5360074043273926 -0.48828625679016113
			vertex -0.19336768984794617 0.5361514687538147 -0.4878808856010437
			vertex -0.1682220995426178 0.5348817706108093 -0.49338001012802124
		endloop
	endfacet
	facet normal -0.08946295263148672 0.7835802398325601 -0.6148157348754213
		outer loop
			vertex -0.1936723291873932 0.5356130599975586 -0.48883113265037537
			vertex -0.1936117559671402 0.5357666611671448 -0.48864418268203735
			vertex -0.1683015674352646 0.5346475839614868 -0.4937533736228943
		endloop
	endfacet
	facet normal -0.08949823797132282 0.7834597442174674 -0.6149641408982551
		outer loop
			vertex -0.1936117559671402 0.5357666611671448 -0.48864418268203735
			vertex -0.19355756044387817 0.5359041094779968 -0.48847696185112
			vertex -0.1683015674352646 0.5346475839614868 -0.4937533736228943
		endloop
	endfacet
	facet normal -0.05645713454571721 0.8760714723791203 -0.47886466485048484
		outer loop
			vertex -0.1683015674352646 0.5346475839614868 -0.4937533736228943
			vertex -0.19355756044387817 0.5359041094779968 -0.48847696185112
			vertex -0.19350379705429077 0.5359992384910583 -0.48830926418304443
		endloop
	endfacet
	facet normal -0.11821738936467568 0.6681181567829805 -0.7346038234509221
		outer loop
			vertex -0.16837285459041595 0.5343343615531921 -0.49406546354293823
			vertex -0.19371482729911804 0.5354633927345276 -0.4889604151248932
			vertex -0.1936723291873932 0.5356130599975586 -0.48883113265037537
		endloop
	endfacet
	facet normal -0.14433283660060858 0.5330203981136797 -0.8337009580620359
		outer loop
			vertex -0.19379551708698273 0.5350663065910339 -0.48920103907585144
			vertex -0.193791002035141 0.5350885987281799 -0.4891875684261322
			vertex -0.16843238472938538 0.5339578986167908 -0.49430063366889954
		endloop
	endfacet
	facet normal -0.14414167646054252 0.5341593834197266 -0.8330047600174935
		outer loop
			vertex -0.193791002035141 0.5350885987281799 -0.4891875684261322
			vertex -0.19371482729911804 0.5354633927345276 -0.4889604151248932
			vertex -0.16843238472938538 0.5339578986167908 -0.49430063366889954
		endloop
	endfacet
	facet normal -0.1833259205753153 0.2253272758944779 -0.9568799431397793
		outer loop
			vertex -0.19385899603366852 0.534421980381012 -0.48937588930130005
			vertex -0.19383886456489563 0.5346664190292358 -0.4893221855163574
			vertex -0.1684771627187729 0.5335370302200317 -0.49444711208343506
		endloop
	endfacet
	facet normal -0.1833154732522896 0.2254450650686589 -0.9568541999189205
		outer loop
			vertex -0.19383886456489563 0.5346664190292358 -0.4893221855163574
			vertex -0.19382120668888092 0.5348807573318481 -0.4892750680446625
			vertex -0.1684771627187729 0.5335370302200317 -0.49444711208343506
		endloop
	endfacet
	facet normal -0.16488541122416994 0.38510475671571615 -0.9080237483239992
		outer loop
			vertex -0.1684771627187729 0.5335370302200317 -0.49444711208343506
			vertex -0.19382120668888092 0.5348807573318481 -0.4892750680446625
			vertex -0.19379551708698273 0.5350663065910339 -0.48920103907585144
		endloop
	endfacet
	facet normal -0.19473909634147046 0.05793969745467657 -0.9791423164254358
		outer loop
			vertex -0.19386513531208038 0.5342229008674622 -0.48938682675361633
			vertex -0.19386506080627441 0.5342251658439636 -0.4893867075443268
			vertex -0.1685049831867218 0.5330929160118103 -0.49449750781059265
		endloop
	endfacet
	facet normal -0.19463686513857845 0.059812803628269684 -0.9790500085547996
		outer loop
			vertex -0.19386506080627441 0.5342251658439636 -0.4893867075443268
			vertex -0.19385899603366852 0.534421980381012 -0.48937588930130005
			vertex -0.1685049831867218 0.5330929160118103 -0.49449750781059265
		endloop
	endfacet
	facet normal 0.14046869679335186 -0.1034663986145721 -0.9846640287828676
		outer loop
			vertex 0.11829131096601486 0.5309020280838013 -0.5023289918899536
			vertex 0.11271069198846817 0.5311751365661621 -0.5031538009643555
			vertex 0.14067818224430084 0.5320389270782471 -0.49925482273101807
		endloop
	endfacet
	facet normal 0.20086904529807548 -0.10121765293562245 -0.9743749860168022
		outer loop
			vertex 0.19385726749897003 0.5337792038917542 -0.4893423914909363
			vertex 0.16851535439491272 0.5326477885246277 -0.4944491386413574
			vertex 0.16850592195987701 0.5330929756164551 -0.4944973289966583
		endloop
	endfacet
	facet normal 0.17140010242852974 -0.10243594718988493 -0.9798616645276009
		outer loop
			vertex 0.16851535439491272 0.5326477885246277 -0.4944491386413574
			vertex 0.1573583334684372 0.5322251915931702 -0.4963565766811371
			vertex 0.16850592195987701 0.5330929756164551 -0.4944973289966583
		endloop
	endfacet
	facet normal 0.1713990986482095 -0.10241884646392758 -0.9798636276909046
		outer loop
			vertex 0.16850592195987701 0.5330929756164551 -0.4944973289966583
			vertex 0.1573583334684372 0.5322251915931702 -0.4963565766811371
			vertex 0.14067818224430084 0.5320389270782471 -0.49925482273101807
		endloop
	endfacet
	facet normal 0.17139890142181083 -0.10244788972502182 -0.9798606260495859
		outer loop
			vertex 0.1573583334684372 0.5322251915931702 -0.4963565766811371
			vertex 0.1406860500574112 0.5315937399864197 -0.49920690059661865
			vertex 0.14067818224430084 0.5320389270782471 -0.49925482273101807
		endloop
	endfacet
	facet normal 0.1404702878797761 -0.10351102525789302 -0.9846591115066335
		outer loop
			vertex 0.14067818224430084 0.5320389270782471 -0.49925482273101807
			vertex 0.1406860500574112 0.5315937399864197 -0.49920690059661865
			vertex 0.11829131096601486 0.5309020280838013 -0.5023289918899536
		endloop
	endfacet
	facet normal 0.046963368722520916 -0.10537949637435766 -0.9933225074174648
		outer loop
			vertex 0.03953127562999725 0.5294027328491211 -0.5090965628623962
			vertex 0.028248140588402748 0.5297325849533081 -0.5096650123596191
			vertex 0.05646773800253868 0.5300214290618896 -0.5083614587783813
		endloop
	endfacet
	facet normal 0.14046884198416906 -0.10346409902584629 -0.984664249703622
		outer loop
			vertex 0.11829131096601486 0.5309020280838013 -0.5023289918899536
			vertex 0.11271699517965317 0.5307298898696899 -0.5031061172485352
			vertex 0.11271069198846817 0.5311751365661621 -0.5031538009643555
		endloop
	endfacet
	facet normal 0.10939667527917245 -0.10431575941221989 -0.9885092765250689
		outer loop
			vertex 0.11271699517965317 0.5307298898696899 -0.5031061172485352
			vertex 0.08463598042726517 0.5300570726394653 -0.506142795085907
			vertex 0.11271069198846817 0.5311751365661621 -0.5031538009643555
		endloop
	endfacet
	facet normal 0.10939967974135582 -0.10442210912172299 -0.9884977153231361
		outer loop
			vertex 0.11271069198846817 0.5311751365661621 -0.5031538009643555
			vertex 0.08463598042726517 0.5300570726394653 -0.506142795085907
			vertex 0.08463124930858612 0.5305023789405823 -0.5061903595924377
		endloop
	endfacet
	facet normal 0.07821791915072666 -0.10506178373383075 -0.9913848792080683
		outer loop
			vertex 0.08463598042726517 0.5300570726394653 -0.506142795085907
			vertex 0.07899009436368942 0.5299606919288635 -0.5065780282020569
			vertex 0.08463124930858612 0.5305023789405823 -0.5061903595924377
		endloop
	endfacet
	facet normal 0.07821921779791403 -0.10507649722986906 -0.991383217377107
		outer loop
			vertex 0.08463124930858612 0.5305023789405823 -0.5061903595924377
			vertex 0.07899009436368942 0.5299606919288635 -0.5065780282020569
			vertex 0.05646773800253868 0.5300214290618896 -0.5083614587783813
		endloop
	endfacet
	facet normal 0.07822086170532591 -0.10492725050982764 -0.9913988949431627
		outer loop
			vertex 0.07899009436368942 0.5299606919288635 -0.5065780282020569
			vertex 0.05647089704871178 0.5295760631561279 -0.5083140730857849
			vertex 0.05646773800253868 0.5300214290618896 -0.5083614587783813
		endloop
	endfacet
	facet normal 0.0469625541506536 -0.10535392995820037 -0.9933252578838463
		outer loop
			vertex 0.05646773800253868 0.5300214290618896 -0.5083614587783813
			vertex 0.05647089704871178 0.5295760631561279 -0.5083140730857849
			vertex 0.03953127562999725 0.5294027328491211 -0.5090965628623962
		endloop
	endfacet
	facet normal 0.046962629469400365 -0.1054009257283018 -0.993320268739613
		outer loop
			vertex 0.03953127562999725 0.5294027328491211 -0.5090965628623962
			vertex 0.028249721974134445 0.5292872786521912 -0.5096176862716675
			vertex 0.028248140588402748 0.5297325849533081 -0.5096650123596191
		endloop
	endfacet
	facet normal 0.015660060621500715 -0.10561449373284106 -0.9942838333267251
		outer loop
			vertex 0.028249721974134445 0.5292872786521912 -0.5096176862716675
			vertex 4.83913197513175e-7 0.5291909575462341 -0.5100523829460144
			vertex 0.028248140588402748 0.5297325849533081 -0.5096650123596191
		endloop
	endfacet
	facet normal 0.015660786966867117 -0.1056554989817508 -0.9942794653851077
		outer loop
			vertex 0.028248140588402748 0.5297325849533081 -0.5096650123596191
			vertex 4.83913197513175e-7 0.5291909575462341 -0.5100523829460144
			vertex 4.838860832023784e-7 0.5296363234519958 -0.5100997090339661
		endloop
	endfacet
	facet normal 0 -0.10566845885540978 -0.9944014163320175
		outer loop
			vertex 4.83913197513175e-7 0.5291909575462341 -0.5100523829460144
			vertex 1.2016358741373523e-10 0.5291909575462341 -0.5100523829460144
			vertex 4.838860832023784e-7 0.5296363234519958 -0.5100997090339661
		endloop
	endfacet
	facet normal -0.015658659082474793 -0.10563868457931032 -0.9942812855103389
		outer loop
			vertex 4.838860832023784e-7 0.5296363234519958 -0.5100997090339661
			vertex 1.2016358741373523e-10 0.5291909575462341 -0.5100523829460144
			vertex -0.028247173875570297 0.5297325849533081 -0.5096650719642639
		endloop
	endfacet
	facet normal -0.07821798434755693 -0.10491119410511751 -0.9914008212000048
		outer loop
			vertex -0.07899009436368942 0.5299606919288635 -0.5065780878067017
			vertex -0.08463028073310852 0.5305023789405823 -0.5061904191970825
			vertex -0.05646677315235138 0.5300213694572449 -0.5083615183830261
		endloop
	endfacet
	facet normal -0.015660562696998157 -0.1057461532774496 -0.9942698315060332
		outer loop
			vertex 1.2016358741373523e-10 0.5291909575462341 -0.5100523829460144
			vertex -0.028248753398656845 0.5292872786521912 -0.5096176862716675
			vertex -0.028247173875570297 0.5297325849533081 -0.5096650719642639
		endloop
	endfacet
	facet normal -0.04695930688223879 -0.1055326195361912 -0.9933064430028475
		outer loop
			vertex -0.028248753398656845 0.5292872786521912 -0.5096176862716675
			vertex -0.03953127562999725 0.5294027328491211 -0.5090965628623962
			vertex -0.028247173875570297 0.5297325849533081 -0.5096650719642639
		endloop
	endfacet
	facet normal -0.046963336735866106 -0.10541580921050293 -0.9933186559061138
		outer loop
			vertex -0.028247173875570297 0.5297325849533081 -0.5096650719642639
			vertex -0.03953127562999725 0.5294027328491211 -0.5090965628623962
			vertex -0.05646677315235138 0.5300213694572449 -0.5083615183830261
		endloop
	endfacet
	facet normal -0.046961809881534776 -0.10536788321005888 -0.9933238130642406
		outer loop
			vertex -0.03953127562999725 0.5294027328491211 -0.5090965628623962
			vertex -0.056469932198524475 0.5295760631561279 -0.5083141326904297
			vertex -0.05646677315235138 0.5300213694572449 -0.5083615183830261
		endloop
	endfacet
	facet normal -0.07821765425097225 -0.10494118782121307 -0.9913976728145716
		outer loop
			vertex -0.05646677315235138 0.5300213694572449 -0.5083615183830261
			vertex -0.056469932198524475 0.5295760631561279 -0.5083141326904297
			vertex -0.07899009436368942 0.5299606919288635 -0.5065780878067017
		endloop
	endfacet
	facet normal -0.20086694305071662 -0.10114414324344755 -0.9743830527451763
		outer loop
			vertex -0.19385726749897003 0.5337792038917542 -0.4893423914909363
			vertex -0.19386513531208038 0.5342229008674622 -0.48938682675361633
			vertex -0.1685144007205963 0.5326477289199829 -0.49444931745529175
		endloop
	endfacet
	facet normal -0.20087012835105925 -0.1012242550396769 -0.9743740768964924
		outer loop
			vertex -0.19386513531208038 0.5342229008674622 -0.48938682675361633
			vertex -0.1685049831867218 0.5330929160118103 -0.49449750781059265
			vertex -0.1685144007205963 0.5326477289199829 -0.49444931745529175
		endloop
	endfacet
	facet normal -0.17139865938929652 -0.10244167724476641 -0.9798613179031158
		outer loop
			vertex -0.1685144007205963 0.5326477289199829 -0.49444931745529175
			vertex -0.1685049831867218 0.5330929160118103 -0.49449750781059265
			vertex -0.1573583334684372 0.5322251915931702 -0.4963565766811371
		endloop
	endfacet
	facet normal -0.1713980042957019 -0.10243051685047748 -0.979862599215418
		outer loop
			vertex -0.1685049831867218 0.5330929160118103 -0.49449750781059265
			vertex -0.14067722856998444 0.5320389270782471 -0.49925497174263
			vertex -0.1573583334684372 0.5322251915931702 -0.4963565766811371
		endloop
	endfacet
	facet normal -0.07821957785648671 -0.10492924313703615 -0.9913987853405116
		outer loop
			vertex -0.07899009436368942 0.5299606919288635 -0.5065780878067017
			vertex -0.08463501930236816 0.5300570726394653 -0.5061429142951965
			vertex -0.08463028073310852 0.5305023789405823 -0.5061904191970825
		endloop
	endfacet
	facet normal -0.10939613138441849 -0.1042895400675596 -0.9885121032494342
		outer loop
			vertex -0.08463501930236816 0.5300570726394653 -0.5061429142951965
			vertex -0.11271603405475616 0.5307298302650452 -0.5031062364578247
			vertex -0.08463028073310852 0.5305023789405823 -0.5061904191970825
		endloop
	endfacet
	facet normal -0.10939608856099542 -0.1043019677487419 -0.98851079677022
		outer loop
			vertex -0.08463028073310852 0.5305023789405823 -0.5061904191970825
			vertex -0.11271603405475616 0.5307298302650452 -0.5031062364578247
			vertex -0.11270973086357117 0.5311751365661621 -0.503153920173645
		endloop
	endfacet
	facet normal -0.14046660954659995 -0.1034504693108769 -0.9846660002263927
		outer loop
			vertex -0.11271603405475616 0.5307298302650452 -0.5031062364578247
			vertex -0.11829131096601486 0.5309020280838013 -0.5023289918899536
			vertex -0.11270973086357117 0.5311751365661621 -0.503153920173645
		endloop
	endfacet
	facet normal -0.14046722295962133 -0.10344075206031898 -0.9846669335806945
		outer loop
			vertex -0.11270973086357117 0.5311751365661621 -0.503153920173645
			vertex -0.11829131096601486 0.5309020280838013 -0.5023289918899536
			vertex -0.14067722856998444 0.5320389270782471 -0.49925497174263
		endloop
	endfacet
	facet normal -0.14046924141088155 -0.10349735755315138 -0.9846606974978572
		outer loop
			vertex -0.11829131096601486 0.5309020280838013 -0.5023289918899536
			vertex -0.1406850963830948 0.5315936803817749 -0.4992070496082306
			vertex -0.14067722856998444 0.5320389270782471 -0.49925497174263
		endloop
	endfacet
	facet normal -0.17139797818906108 -0.10243436107358811 -0.9798622019162428
		outer loop
			vertex -0.14067722856998444 0.5320389270782471 -0.49925497174263
			vertex -0.1406850963830948 0.5315936803817749 -0.4992070496082306
			vertex -0.1573583334684372 0.5322251915931702 -0.4963565766811371
		endloop
	endfacet
	facet normal -0.19034330486885553 0.12245369706716032 -0.9740505727970115
		outer loop
			vertex -0.19385899603366852 0.534421980381012 -0.48937588930130005
			vertex -0.1684771627187729 0.5335370302200317 -0.49444711208343506
			vertex -0.1685049831867218 0.5330929160118103 -0.49449750781059265
		endloop
	endfacet
	facet normal -0.16280512853137055 0.12130982201123656 -0.979172312316625
		outer loop
			vertex -0.1684771627187729 0.5335370302200317 -0.49444711208343506
			vertex -0.14065401256084442 0.5324832201004028 -0.49920377135276794
			vertex -0.1685049831867218 0.5330929160118103 -0.49449750781059265
		endloop
	endfacet
	facet normal -0.16280359768612102 0.12134656894945624 -0.9791680135628669
		outer loop
			vertex -0.1685049831867218 0.5330929160118103 -0.49449750781059265
			vertex -0.14065401256084442 0.5324832201004028 -0.49920377135276794
			vertex -0.14067722856998444 0.5320389270782471 -0.49925497174263
		endloop
	endfacet
	facet normal -0.13342407466051823 0.12033665492081227 -0.9837261335267321
		outer loop
			vertex -0.14065401256084442 0.5324832201004028 -0.49920377135276794
			vertex -0.11269113421440125 0.5316195487976074 -0.5031020641326904
			vertex -0.14067722856998444 0.5320389270782471 -0.49925497174263
		endloop
	endfacet
	facet normal -0.1334230848416217 0.12036835849490994 -0.9837223890430604
		outer loop
			vertex -0.14067722856998444 0.5320389270782471 -0.49925497174263
			vertex -0.11269113421440125 0.5316195487976074 -0.5031020641326904
			vertex -0.11270973086357117 0.5311751365661621 -0.503153920173645
		endloop
	endfacet
	facet normal -0.10391082063745885 0.11955952791012146 -0.9873743265045729
		outer loop
			vertex -0.11269113421440125 0.5316195487976074 -0.5031020641326904
			vertex -0.08461631834506989 0.5309469699859619 -0.5061380863189697
			vertex -0.11270973086357117 0.5311751365661621 -0.503153920173645
		endloop
	endfacet
	facet normal -0.1039122976182995 0.11948834210858134 -0.9873827882355599
		outer loop
			vertex -0.11270973086357117 0.5311751365661621 -0.503153920173645
			vertex -0.08461631834506989 0.5309469699859619 -0.5061380863189697
			vertex -0.08463028073310852 0.5305023789405823 -0.5061904191970825
		endloop
	endfacet
	facet normal -0.07429736675611069 0.11888105198949381 -0.9901248389829332
		outer loop
			vertex -0.08461631834506989 0.5309469699859619 -0.5061380863189697
			vertex -0.056457456201314926 0.5304660201072693 -0.5083088278770447
			vertex -0.08463028073310852 0.5305023789405823 -0.5061904191970825
		endloop
	endfacet
	facet normal -0.07429732428987487 0.11888519057743016 -0.990124345254036
		outer loop
			vertex -0.08463028073310852 0.5305023789405823 -0.5061904191970825
			vertex -0.056457456201314926 0.5304660201072693 -0.5083088278770447
			vertex -0.05646677315235138 0.5300213694572449 -0.5083615183830261
		endloop
	endfacet
	facet normal -0.04460829572001893 0.11847990800808116 -0.9919539361035633
		outer loop
			vertex -0.056457456201314926 0.5304660201072693 -0.5083088278770447
			vertex -0.02824251353740692 0.5301772952079773 -0.5096121430397034
			vertex -0.05646677315235138 0.5300213694572449 -0.5083615183830261
		endloop
	endfacet
	facet normal -0.044608306818218924 0.11852805245711434 -0.9919481840013296
		outer loop
			vertex -0.05646677315235138 0.5300213694572449 -0.5083615183830261
			vertex -0.02824251353740692 0.5301772952079773 -0.5096121430397034
			vertex -0.028247173875570297 0.5297325849533081 -0.5096650719642639
		endloop
	endfacet
	facet normal -0.014873984680126857 0.11832538798158677 -0.9928634685286504
		outer loop
			vertex -0.02824251353740692 0.5301772952079773 -0.5096121430397034
			vertex 4.838062750422978e-7 0.530081033706665 -0.5100467205047607
			vertex -0.028247173875570297 0.5297325849533081 -0.5096650719642639
		endloop
	endfacet
	facet normal -0.014873743608441025 0.1183029069024077 -0.9928661510845814
		outer loop
			vertex -0.028247173875570297 0.5297325849533081 -0.5096650719642639
			vertex 4.838062750422978e-7 0.530081033706665 -0.5100467205047607
			vertex 4.838860832023784e-7 0.5296363234519958 -0.5100997090339661
		endloop
	endfacet
	facet normal 0.014876197849558952 0.11830290784681227 -0.9928661142029823
		outer loop
			vertex 4.838062750422978e-7 0.530081033706665 -0.5100467205047607
			vertex 0.028243480250239372 0.5301772952079773 -0.5096120834350586
			vertex 4.838860832023784e-7 0.5296363234519958 -0.5100997090339661
		endloop
	endfacet
	facet normal 0.014875720817369095 0.11832540286853588 -0.9928634407440745
		outer loop
			vertex 4.838860832023784e-7 0.5296363234519958 -0.5100997090339661
			vertex 0.028243480250239372 0.5301772952079773 -0.5096120834350586
			vertex 0.028248140588402748 0.5297325849533081 -0.5096650123596191
		endloop
	endfacet
	facet normal 0.044607292092783836 0.11852804732734032 -0.9919482302463757
		outer loop
			vertex 0.028243480250239372 0.5301772952079773 -0.5096120834350586
			vertex 0.05645842105150223 0.5304660797119141 -0.5083087682723999
			vertex 0.028248140588402748 0.5297325849533081 -0.5096650123596191
		endloop
	endfacet
	facet normal 0.044608816696949036 0.11847991603447618 -0.9919539117163466
		outer loop
			vertex 0.028248140588402748 0.5297325849533081 -0.5096650123596191
			vertex 0.05645842105150223 0.5304660797119141 -0.5083087682723999
			vertex 0.05646773800253868 0.5300214290618896 -0.5083614587783813
		endloop
	endfacet
	facet normal 0.07429751830217672 0.11888519288467363 -0.9901243304186156
		outer loop
			vertex 0.05645842105150223 0.5304660797119141 -0.5083087682723999
			vertex 0.08461727946996689 0.5309469699859619 -0.506138026714325
			vertex 0.05646773800253868 0.5300214290618896 -0.5083614587783813
		endloop
	endfacet
	facet normal 0.07429764072870103 0.11888228583608909 -0.9901246702797257
		outer loop
			vertex 0.05646773800253868 0.5300214290618896 -0.5083614587783813
			vertex 0.08461727946996689 0.5309469699859619 -0.506138026714325
			vertex 0.08463124930858612 0.5305023789405823 -0.5061903595924377
		endloop
	endfacet
	facet normal 0.10391521243440986 0.11949011374310402 -0.9873822670791549
		outer loop
			vertex 0.08461727946996689 0.5309469699859619 -0.506138026714325
			vertex 0.11269208788871765 0.5316196084022522 -0.5031019449234009
			vertex 0.08463124930858612 0.5305023789405823 -0.5061903595924377
		endloop
	endfacet
	facet normal 0.10391230418416242 0.11954547889261923 -0.9873758714468733
		outer loop
			vertex 0.08463124930858612 0.5305023789405823 -0.5061903595924377
			vertex 0.11269208788871765 0.5316196084022522 -0.5031019449234009
			vertex 0.11271069198846817 0.5311751365661621 -0.5031538009643555
		endloop
	endfacet
	facet normal 0.1334242555717289 0.12035467912331754 -0.9837239039681069
		outer loop
			vertex 0.11269208788871765 0.5316196084022522 -0.5031019449234009
			vertex 0.14065496623516083 0.5324832797050476 -0.499203622341156
			vertex 0.11271069198846817 0.5311751365661621 -0.5031538009643555
		endloop
	endfacet
	facet normal 0.13342638521192937 0.12032082095921816 -0.983727756939377
		outer loop
			vertex 0.11271069198846817 0.5311751365661621 -0.5031538009643555
			vertex 0.14065496623516083 0.5324832797050476 -0.499203622341156
			vertex 0.14067818224430084 0.5320389270782471 -0.49925482273101807
		endloop
	endfacet
	facet normal 0.16280495718174343 0.12133056523876508 -0.9791697707016351
		outer loop
			vertex 0.14065496623516083 0.5324832797050476 -0.499203622341156
			vertex 0.1684781163930893 0.5335370898246765 -0.49444693326950073
			vertex 0.14067818224430084 0.5320389270782471 -0.49925482273101807
		endloop
	endfacet
	facet normal 0.16280686476365927 0.12130451010614603 -0.9791726817133612
		outer loop
			vertex 0.14067818224430084 0.5320389270782471 -0.49925482273101807
			vertex 0.1684781163930893 0.5335370898246765 -0.49444693326950073
			vertex 0.16850592195987701 0.5330929756164551 -0.4944973289966583
		endloop
	endfacet
	facet normal 0.19071461921630942 0.12246219488928242 -0.9739768707931815
		outer loop
			vertex 0.1684781163930893 0.5335370898246765 -0.49444693326950073
			vertex 0.19386465847492218 0.5342490673065186 -0.4893864691257477
			vertex 0.16850592195987701 0.5330929756164551 -0.4944973289966583
		endloop
	endfacet
	facet normal 0.20081233122233622 -0.09404025816836052 -0.975105551964852
		outer loop
			vertex 0.16850592195987701 0.5330929756164551 -0.4944973289966583
			vertex 0.19386465847492218 0.5342490673065186 -0.4893864691257477
			vertex 0.19386428594589233 0.5342254042625427 -0.489384263753891
		endloop
	endfacet
	facet normal -0.1710672470805496 0.3400391852590194 -0.9247212279734173
		outer loop
			vertex -0.19379551708698273 0.5350663065910339 -0.48920103907585144
			vertex -0.16843238472938538 0.5339578986167908 -0.49430063366889954
			vertex -0.1684771627187729 0.5335370302200317 -0.49444711208343506
		endloop
	endfacet
	facet normal -0.14604927438376045 0.33899921475132505 -0.929381053093919
		outer loop
			vertex -0.16843238472938538 0.5339578986167908 -0.49430063366889954
			vertex -0.14061661064624786 0.5329043865203857 -0.4990560710430145
			vertex -0.1684771627187729 0.5335370302200317 -0.49444711208343506
		endloop
	endfacet
	facet normal -0.14605653099929275 0.33890955625787067 -0.9294126115076909
		outer loop
			vertex -0.1684771627187729 0.5335370302200317 -0.49444711208343506
			vertex -0.14061661064624786 0.5329043865203857 -0.4990560710430145
			vertex -0.14065401256084442 0.5324832201004028 -0.49920377135276794
		endloop
	endfacet
	facet normal -0.1196983483494536 0.3380029825439454 -0.9335021634649864
		outer loop
			vertex -0.14061661064624786 0.5329043865203857 -0.4990560710430145
			vertex -0.11266116797924042 0.5320409536361694 -0.502953290939331
			vertex -0.14065401256084442 0.5324832201004028 -0.49920377135276794
		endloop
	endfacet
	facet normal -0.11969424229955769 0.3380679333275177 -0.9334791699957723
		outer loop
			vertex -0.14065401256084442 0.5324832201004028 -0.49920377135276794
			vertex -0.11266116797924042 0.5320409536361694 -0.502953290939331
			vertex -0.11269113421440125 0.5316195487976074 -0.5031020641326904
		endloop
	endfacet
	facet normal -0.0932199088605392 0.3373419381073408 -0.93675528575291
		outer loop
			vertex -0.11266116797924042 0.5320409536361694 -0.502953290939331
			vertex -0.08459382504224777 0.5313684940338135 -0.5059885382652283
			vertex -0.11269113421440125 0.5316195487976074 -0.5031020641326904
		endloop
	endfacet
	facet normal -0.0932209587620736 0.3373188452389935 -0.9367634970973794
		outer loop
			vertex -0.11269113421440125 0.5316195487976074 -0.5031020641326904
			vertex -0.08459382504224777 0.5313684940338135 -0.5059885382652283
			vertex -0.08461631834506989 0.5309469699859619 -0.5061380863189697
		endloop
	endfacet
	facet normal -0.06665182372168997 0.3367738492183497 -0.9392235670367463
		outer loop
			vertex -0.08459382504224777 0.5313684940338135 -0.5059885382652283
			vertex -0.05644244700670242 0.5308877229690552 -0.5081586837768555
			vertex -0.08461631834506989 0.5309469699859619 -0.5061380863189697
		endloop
	endfacet
	facet normal -0.06665177882600966 0.33677547128560953 -0.9392229886026451
		outer loop
			vertex -0.08461631834506989 0.5309469699859619 -0.5061380863189697
			vertex -0.05644244700670242 0.5308877229690552 -0.5081586837768555
			vertex -0.056457456201314926 0.5304660201072693 -0.5083088278770447
		endloop
	endfacet
	facet normal -0.04001765646413029 0.33641188890671714 -0.940864298490135
		outer loop
			vertex -0.05644244700670242 0.5308877229690552 -0.5081586837768555
			vertex -0.028235003352165222 0.530599057674408 -0.5094616413116455
			vertex -0.056457456201314926 0.5304660201072693 -0.5083088278770447
		endloop
	endfacet
	facet normal -0.04001731729196462 0.33644623534862067 -0.9408520314249712
		outer loop
			vertex -0.056457456201314926 0.5304660201072693 -0.5083088278770447
			vertex -0.028235003352165222 0.530599057674408 -0.5094616413116455
			vertex -0.02824251353740692 0.5301772952079773 -0.5096121430397034
		endloop
	endfacet
	facet normal -0.013343080225438664 0.33626426154340866 -0.9416731431971305
		outer loop
			vertex -0.028235003352165222 0.530599057674408 -0.5094616413116455
			vertex 4.836776383854158e-7 0.5305027961730957 -0.5098960995674133
			vertex -0.02824251353740692 0.5301772952079773 -0.5096121430397034
		endloop
	endfacet
	facet normal -0.01334328117029666 0.3362895901702017 -0.9416640953072218
		outer loop
			vertex -0.02824251353740692 0.5301772952079773 -0.5096121430397034
			vertex 4.836776383854158e-7 0.5305027961730957 -0.5098960995674133
			vertex 4.838062750422978e-7 0.530081033706665 -0.5100467205047607
		endloop
	endfacet
	facet normal 0.013344842453175012 0.3362895903818644 -0.9416640731071234
		outer loop
			vertex 4.836776383854158e-7 0.5305027961730957 -0.5098960995674133
			vertex 0.028235970064997673 0.530599057674408 -0.5094615817070007
			vertex 4.838062750422978e-7 0.530081033706665 -0.5100467205047607
		endloop
	endfacet
	facet normal 0.013345493702904547 0.3362642888372212 -0.941673099249747
		outer loop
			vertex 4.838062750422978e-7 0.530081033706665 -0.5100467205047607
			vertex 0.028235970064997673 0.530599057674408 -0.5094615817070007
			vertex 0.028243480250239372 0.5301772952079773 -0.5096120834350586
		endloop
	endfacet
	facet normal 0.040016742142781 0.33644623400752266 -0.9408520563672237
		outer loop
			vertex 0.028235970064997673 0.530599057674408 -0.5094615817070007
			vertex 0.056443411856889725 0.5308877229690552 -0.5081586241722107
			vertex 0.028243480250239372 0.5301772952079773 -0.5096120834350586
		endloop
	endfacet
	facet normal 0.04001640189101239 0.33645405079017554 -0.9408492755412947
		outer loop
			vertex 0.028243480250239372 0.5301772952079773 -0.5096120834350586
			vertex 0.056443411856889725 0.5308877229690552 -0.5081586241722107
			vertex 0.05645842105150223 0.5304660797119141 -0.5083087682723999
		endloop
	endfacet
	facet normal 0.06665186035092482 0.336817688771239 -0.9392078438996141
		outer loop
			vertex 0.056443411856889725 0.5308877229690552 -0.5081586241722107
			vertex 0.08459478616714478 0.5313684940338135 -0.5059884190559387
			vertex 0.05645842105150223 0.5304660797119141 -0.5083087682723999
		endloop
	endfacet
	facet normal 0.0666473332398744 0.336891549644376 -0.9391816739855098
		outer loop
			vertex 0.05645842105150223 0.5304660797119141 -0.5083087682723999
			vertex 0.08459478616714478 0.5313684940338135 -0.5059884190559387
			vertex 0.08461727946996689 0.5309469699859619 -0.506138026714325
		endloop
	endfacet
	facet normal 0.09321404320952799 0.3374361823516992 -0.9367219251135543
		outer loop
			vertex 0.08459478616714478 0.5313684940338135 -0.5059884190559387
			vertex 0.11266212910413742 0.5320409536361694 -0.5029531717300415
			vertex 0.08461727946996689 0.5309469699859619 -0.506138026714325
		endloop
	endfacet
	facet normal 0.09321826461472404 0.33738276076118573 -0.936740747423416
		outer loop
			vertex 0.08461727946996689 0.5309469699859619 -0.506138026714325
			vertex 0.11266212910413742 0.5320409536361694 -0.5029531717300415
			vertex 0.11269208788871765 0.5316196084022522 -0.5031019449234009
		endloop
	endfacet
	facet normal 0.11969093136655864 0.33810838249828123 -0.9334649445121128
		outer loop
			vertex 0.11266212910413742 0.5320409536361694 -0.5029531717300415
			vertex 0.14061756432056427 0.5329043865203857 -0.4990559220314026
			vertex 0.11269208788871765 0.5316196084022522 -0.5031019449234009
		endloop
	endfacet
	facet normal 0.11969702260885676 0.3380453813933689 -0.9334869805718701
		outer loop
			vertex 0.11269208788871765 0.5316196084022522 -0.5031019449234009
			vertex 0.14061756432056427 0.5329043865203857 -0.4990559220314026
			vertex 0.14065496623516083 0.5324832797050476 -0.499203622341156
		endloop
	endfacet
	facet normal 0.14605421977290126 0.3389520174863396 -0.9293974901668658
		outer loop
			vertex 0.14061756432056427 0.5329043865203857 -0.4990559220314026
			vertex 0.1684333235025406 0.5339579582214355 -0.4943004548549652
			vertex 0.14065496623516083 0.5324832797050476 -0.499203622341156
		endloop
	endfacet
	facet normal 0.14604830595385043 0.3390037587657751 -0.9293795478009438
		outer loop
			vertex 0.14065496623516083 0.5324832797050476 -0.499203622341156
			vertex 0.1684333235025406 0.5339579582214355 -0.4943004548549652
			vertex 0.1684781163930893 0.5335370898246765 -0.49444693326950073
		endloop
	endfacet
	facet normal 0.17070202007851243 0.3400309180860941 -0.9247917576874499
		outer loop
			vertex 0.1684333235025406 0.5339579582214355 -0.4943004548549652
			vertex 0.19381819665431976 0.5349051356315613 -0.4892665445804596
			vertex 0.1684781163930893 0.5335370898246765 -0.49444693326950073
		endloop
	endfacet
	facet normal 0.18217784198248452 0.23808790057883675 -0.9540049190064834
		outer loop
			vertex 0.1684781163930893 0.5335370898246765 -0.49444693326950073
			vertex 0.19381819665431976 0.5349051356315613 -0.4892665445804596
			vertex 0.19383887946605682 0.5346662402153015 -0.4893222153186798
		endloop
	endfacet
	facet normal -0.14293710177568975 0.5405254999704531 -0.8290965980014984
		outer loop
			vertex -0.19371482729911804 0.5354633927345276 -0.4889604151248932
			vertex -0.16837285459041595 0.5343343615531921 -0.49406546354293823
			vertex -0.16843238472938538 0.5339578986167908 -0.49430063366889954
		endloop
	endfacet
	facet normal -0.12197227313312321 0.5396521955522027 -0.8330055656611343
		outer loop
			vertex -0.16837285459041595 0.5343343615531921 -0.49406546354293823
			vertex -0.14056691527366638 0.5332812070846558 -0.4988192021846771
			vertex -0.16843238472938538 0.5339578986167908 -0.49430063366889954
		endloop
	endfacet
	facet normal -0.12196693390219535 0.539694455921412 -0.8329789680911451
		outer loop
			vertex -0.16843238472938538 0.5339578986167908 -0.49430063366889954
			vertex -0.14056691527366638 0.5332812070846558 -0.4988192021846771
			vertex -0.14061661064624786 0.5329043865203857 -0.4990560710430145
		endloop
	endfacet
	facet normal -0.09995462117712706 0.5389380950309589 -0.8363939283792885
		outer loop
			vertex -0.14056691527366638 0.5332812070846558 -0.4988192021846771
			vertex -0.11262135207653046 0.5324180722236633 -0.5027150511741638
			vertex -0.14061661064624786 0.5329043865203857 -0.4990560710430145
		endloop
	endfacet
	facet normal -0.0999549026893609 0.5389352806509158 -0.8363957082016139
		outer loop
			vertex -0.14061661064624786 0.5329043865203857 -0.4990560710430145
			vertex -0.11262135207653046 0.5324180722236633 -0.5027150511741638
			vertex -0.11266116797924042 0.5320409536361694 -0.502953290939331
		endloop
	endfacet
	facet normal -0.07784728033698336 0.5383293419207864 -0.8391312892338532
		outer loop
			vertex -0.11262135207653046 0.5324180722236633 -0.5027150511741638
			vertex -0.08456392586231232 0.5317458510398865 -0.5057492256164551
			vertex -0.11266116797924042 0.5320409536361694 -0.502953290939331
		endloop
	endfacet
	facet normal -0.07784728690836351 0.5383292527099187 -0.8391313458558126
		outer loop
			vertex -0.11266116797924042 0.5320409536361694 -0.502953290939331
			vertex -0.08456392586231232 0.5317458510398865 -0.5057492256164551
			vertex -0.08459382504224777 0.5313684940338135 -0.5059885382652283
		endloop
	endfacet
	facet normal -0.055659773433371966 0.5378741152975413 -0.8411857260523582
		outer loop
			vertex -0.08456392586231232 0.5317458510398865 -0.5057492256164551
			vertex -0.05642249807715416 0.5312652587890625 -0.5079185962677002
			vertex -0.08459382504224777 0.5313684940338135 -0.5059885382652283
		endloop
	endfacet
	facet normal -0.05565961389478502 0.5378774911793436 -0.8411835779802759
		outer loop
			vertex -0.08459382504224777 0.5313684940338135 -0.5059885382652283
			vertex -0.05642249807715416 0.5312652587890625 -0.5079185962677002
			vertex -0.05644244700670242 0.5308877229690552 -0.5081586837768555
		endloop
	endfacet
	facet normal -0.03341773793424429 0.5375738639408293 -0.8425542092940281
		outer loop
			vertex -0.05642249807715416 0.5312652587890625 -0.5079185962677002
			vertex -0.028225025162100792 0.5309767127037048 -0.509221076965332
			vertex -0.05644244700670242 0.5308877229690552 -0.5081586837768555
		endloop
	endfacet
	facet normal -0.03341756226809167 0.5375822942780726 -0.8425488374039705
		outer loop
			vertex -0.05644244700670242 0.5308877229690552 -0.5081586837768555
			vertex -0.028225025162100792 0.5309767127037048 -0.509221076965332
			vertex -0.028235003352165222 0.530599057674408 -0.5094616413116455
		endloop
	endfacet
	facet normal -0.011142962097539205 0.5374304870421165 -0.8432344312190805
		outer loop
			vertex -0.028225025162100792 0.5309767127037048 -0.509221076965332
			vertex 4.835066533814825e-7 0.5308804512023926 -0.5096554160118103
			vertex -0.028235003352165222 0.530599057674408 -0.5094616413116455
		endloop
	endfacet
	facet normal -0.011142849783692533 0.5374104008364841 -0.8432472341914129
		outer loop
			vertex -0.028235003352165222 0.530599057674408 -0.5094616413116455
			vertex 4.835066533814825e-7 0.5308804512023926 -0.5096554160118103
			vertex 4.836776383854158e-7 0.5305027961730957 -0.5098960995674133
		endloop
	endfacet
	facet normal 0.011143227591640506 0.5374104057493758 -0.8432472260678551
		outer loop
			vertex 4.835066533814825e-7 0.5308804512023926 -0.5096554160118103
			vertex 0.028225991874933243 0.5309767127037048 -0.509221076965332
			vertex 4.836776383854158e-7 0.5305027961730957 -0.5098960995674133
		endloop
	endfacet
	facet normal 0.011145614760456111 0.5373358539153396 -0.8432947025617346
		outer loop
			vertex 4.836776383854158e-7 0.5305027961730957 -0.5098960995674133
			vertex 0.028225991874933243 0.5309767127037048 -0.509221076965332
			vertex 0.028235970064997673 0.530599057674408 -0.5094615817070007
		endloop
	endfacet
	facet normal 0.033422931039407806 0.537487738515767 -0.8426089476298846
		outer loop
			vertex 0.028225991874933243 0.5309767127037048 -0.509221076965332
			vertex 0.05642346292734146 0.5312652587890625 -0.5079185366630554
			vertex 0.028235970064997673 0.530599057674408 -0.5094615817070007
		endloop
	endfacet
	facet normal 0.03341789846685826 0.5375738670946405 -0.8425542009146788
		outer loop
			vertex 0.028235970064997673 0.530599057674408 -0.5094615817070007
			vertex 0.05642346292734146 0.5312652587890625 -0.5079185366630554
			vertex 0.056443411856889725 0.5308877229690552 -0.5081586241722107
		endloop
	endfacet
	facet normal 0.055660196703498484 0.5378774956379566 -0.8411835365656939
		outer loop
			vertex 0.05642346292734146 0.5312652587890625 -0.5079185366630554
			vertex 0.08456488698720932 0.5317459106445312 -0.5057491064071655
			vertex 0.056443411856889725 0.5308877229690552 -0.5081586241722107
		endloop
	endfacet
	facet normal 0.05566559695152826 0.5378138281898016 -0.8412238866816971
		outer loop
			vertex 0.056443411856889725 0.5308877229690552 -0.5081586241722107
			vertex 0.08456488698720932 0.5317459106445312 -0.5057491064071655
			vertex 0.08459478616714478 0.5313684940338135 -0.5059884190559387
		endloop
	endfacet
	facet normal 0.07785286546991767 0.5382688983988124 -0.839169544463246
		outer loop
			vertex 0.08456488698720932 0.5317459106445312 -0.5057491064071655
			vertex 0.11262231320142746 0.5324181318283081 -0.5027149319648743
			vertex 0.08459478616714478 0.5313684940338135 -0.5059884190559387
		endloop
	endfacet
	facet normal 0.07785285557681175 0.5382689873960843 -0.8391694882954994
		outer loop
			vertex 0.08459478616714478 0.5313684940338135 -0.5059884190559387
			vertex 0.11262231320142746 0.5324181318283081 -0.5027149319648743
			vertex 0.11266212910413742 0.5320409536361694 -0.5029531717300415
		endloop
	endfacet
	facet normal 0.09996415296233825 0.5388749461872572 -0.8364334764308535
		outer loop
			vertex 0.11262231320142746 0.5324181318283081 -0.5027149319648743
			vertex 0.1405678689479828 0.5332812070846558 -0.4988190531730652
			vertex 0.11266212910413742 0.5320409536361694 -0.5029531717300415
		endloop
	endfacet
	facet normal 0.0999554677010171 0.5389381292274917 -0.836393805178782
		outer loop
			vertex 0.11266212910413742 0.5320409536361694 -0.5029531717300415
			vertex 0.1405678689479828 0.5332812070846558 -0.4988190531730652
			vertex 0.14061756432056427 0.5329043865203857 -0.4990559220314026
		endloop
	endfacet
	facet normal 0.12196595523737001 0.5396944282153087 -0.8329791293402175
		outer loop
			vertex 0.1405678689479828 0.5332812070846558 -0.4988190531730652
			vertex 0.16837379336357117 0.5343344211578369 -0.4940652847290039
			vertex 0.14061756432056427 0.5329043865203857 -0.4990559220314026
		endloop
	endfacet
	facet normal 0.12197286415777024 0.5396522235998512 -0.8330054609502187
		outer loop
			vertex 0.14061756432056427 0.5329043865203857 -0.4990559220314026
			vertex 0.16837379336357117 0.5343344211578369 -0.4940652847290039
			vertex 0.1684333235025406 0.5339579582214355 -0.4943004548549652
		endloop
	endfacet
	facet normal 0.14296097925156703 0.5405263555453222 -0.8290919233548987
		outer loop
			vertex 0.16837379336357117 0.5343344211578369 -0.4940652847290039
			vertex 0.1937919557094574 0.5350887775421143 -0.48919060826301575
			vertex 0.1684333235025406 0.5339579582214355 -0.4943004548549652
		endloop
	endfacet
	facet normal 0.16426897999919143 0.3968854158188048 -0.9030490955204816
		outer loop
			vertex 0.1684333235025406 0.5339579582214355 -0.4943004548549652
			vertex 0.1937919557094574 0.5350887775421143 -0.48919060826301575
			vertex 0.19381819665431976 0.5349051356315613 -0.4892665445804596
		endloop
	endfacet
	facet normal -0.10709340450775691 0.7138909344558061 -0.6920193179476668
		outer loop
			vertex -0.1936723291873932 0.5356130599975586 -0.48883113265037537
			vertex -0.1683015674352646 0.5346475839614868 -0.4937533736228943
			vertex -0.16837285459041595 0.5343343615531921 -0.49406546354293823
		endloop
	endfacet
	facet normal -0.09178100175216546 0.7132504366504081 -0.6948741341677435
		outer loop
			vertex -0.1683015674352646 0.5346475839614868 -0.4937533736228943
			vertex -0.14050740003585815 0.5335948467254639 -0.4985050857067108
			vertex -0.16837285459041595 0.5343343615531921 -0.49406546354293823
		endloop
	endfacet
	facet normal -0.09177221706774519 0.7132976232682338 -0.6948268567163762
		outer loop
			vertex -0.16837285459041595 0.5343343615531921 -0.49406546354293823
			vertex -0.14050740003585815 0.5335948467254639 -0.4985050857067108
			vertex -0.14056691527366638 0.5332812070846558 -0.4988192021846771
		endloop
	endfacet
	facet normal -0.07521025053929459 0.7127283316449872 -0.6973964034065345
		outer loop
			vertex -0.14050740003585815 0.5335948467254639 -0.4985050857067108
			vertex -0.11257366836071014 0.5327320694923401 -0.5023993253707886
			vertex -0.14056691527366638 0.5332812070846558 -0.4988192021846771
		endloop
	endfacet
	facet normal -0.07521545205021113 0.7126932501319954 -0.6974316934217827
		outer loop
			vertex -0.14056691527366638 0.5332812070846558 -0.4988192021846771
			vertex -0.11257366836071014 0.5327320694923401 -0.5023993253707886
			vertex -0.11262135207653046 0.5324180722236633 -0.5027150511741638
		endloop
	endfacet
	facet normal -0.05857935853377702 0.7122369980229417 -0.6994904698428989
		outer loop
			vertex -0.11257366836071014 0.5327320694923401 -0.5023993253707886
			vertex -0.0845281183719635 0.5320601463317871 -0.5054321885108948
			vertex -0.11262135207653046 0.5324180722236633 -0.5027150511741638
		endloop
	endfacet
	facet normal -0.058577754330460134 0.7122515380603927 -0.699475798886713
		outer loop
			vertex -0.11262135207653046 0.5324180722236633 -0.5027150511741638
			vertex -0.0845281183719635 0.5320601463317871 -0.5054321885108948
			vertex -0.08456392586231232 0.5317458510398865 -0.5057492256164551
		endloop
	endfacet
	facet normal -0.04188265795180999 0.7119089299626473 -0.7010217674240439
		outer loop
			vertex -0.0845281183719635 0.5320601463317871 -0.5054321885108948
			vertex -0.05639860779047012 0.5315797328948975 -0.5076006650924683
			vertex -0.08456392586231232 0.5317458510398865 -0.5057492256164551
		endloop
	endfacet
	facet normal -0.04188261949158015 0.7119094614058036 -0.7010212300247564
		outer loop
			vertex -0.08456392586231232 0.5317458510398865 -0.5057492256164551
			vertex -0.05639860779047012 0.5315797328948975 -0.5076006650924683
			vertex -0.05642249807715416 0.5312652587890625 -0.5079185962677002
		endloop
	endfacet
	facet normal -0.025146432622333095 0.7116808556014327 -0.7020527164656393
		outer loop
			vertex -0.05639860779047012 0.5315797328948975 -0.5076006650924683
			vertex -0.028213074430823326 0.5312913060188293 -0.5089026093482971
			vertex -0.05642249807715416 0.5312652587890625 -0.5079185962677002
		endloop
	endfacet
	facet normal -0.02514688940202672 0.7116675747351335 -0.7020661628536269
		outer loop
			vertex -0.05642249807715416 0.5312652587890625 -0.5079185962677002
			vertex -0.028213074430823326 0.5312913060188293 -0.5089026093482971
			vertex -0.028225025162100792 0.5309767127037048 -0.509221076965332
		endloop
	endfacet
	facet normal -0.008385366004060651 0.7115532093878544 -0.7025821772909006
		outer loop
			vertex -0.028213074430823326 0.5312913060188293 -0.5089026093482971
			vertex 4.833019602301647e-7 0.5311951637268066 -0.5093367099761963
			vertex -0.028225025162100792 0.5309767127037048 -0.509221076965332
		endloop
	endfacet
	facet normal -0.008385267283924934 0.7115257138868523 -0.7026100239609326
		outer loop
			vertex -0.028225025162100792 0.5309767127037048 -0.509221076965332
			vertex 4.833019602301647e-7 0.5311951637268066 -0.5093367099761963
			vertex 4.835066533814825e-7 0.5308804512023926 -0.5096554160118103
		endloop
	endfacet
	facet normal 0.008387372223269829 0.7115257067114191 -0.7026100061029619
		outer loop
			vertex 4.833019602301647e-7 0.5311951637268066 -0.5093367099761963
			vertex 0.028214041143655777 0.5312913060188293 -0.5089025497436523
			vertex 4.835066533814825e-7 0.5308804512023926 -0.5096554160118103
		endloop
	endfacet
	facet normal 0.008383497458768097 0.7116189042402876 -0.7025156596818404
		outer loop
			vertex 4.835066533814825e-7 0.5308804512023926 -0.5096554160118103
			vertex 0.028214041143655777 0.5312913060188293 -0.5089025497436523
			vertex 0.028225991874933243 0.5309767127037048 -0.509221076965332
		endloop
	endfacet
	facet normal 0.02514194906072088 0.7117332112470588 -0.701999799434001
		outer loop
			vertex 0.028214041143655777 0.5312913060188293 -0.5089025497436523
			vertex 0.056399572640657425 0.5315797924995422 -0.5076006054878235
			vertex 0.028225991874933243 0.5309767127037048 -0.509221076965332
		endloop
	endfacet
	facet normal 0.025151404983341594 0.7116143391428515 -0.7021199606574695
		outer loop
			vertex 0.028225991874933243 0.5309767127037048 -0.509221076965332
			vertex 0.056399572640657425 0.5315797924995422 -0.5076006054878235
			vertex 0.05642346292734146 0.5312652587890625 -0.5079185366630554
		endloop
	endfacet
	facet normal 0.04189040543219509 0.7118429461342514 -0.7010883068284877
		outer loop
			vertex 0.056399572640657425 0.5315797924995422 -0.5076006054878235
			vertex 0.0845290794968605 0.5320602059364319 -0.5054320693016052
			vertex 0.05642346292734146 0.5312652587890625 -0.5079185366630554
		endloop
	endfacet
	facet normal 0.04188265251819564 0.7119089298186115 -0.7010217678949487
		outer loop
			vertex 0.05642346292734146 0.5312652587890625 -0.5079185366630554
			vertex 0.0845290794968605 0.5320602059364319 -0.5054320693016052
			vertex 0.08456488698720932 0.5317459106445312 -0.5057491064071655
		endloop
	endfacet
	facet normal 0.058577427252454656 0.7122515333080386 -0.6994758311170098
		outer loop
			vertex 0.0845290794968605 0.5320602059364319 -0.5054320693016052
			vertex 0.11257462948560715 0.5327321290969849 -0.502399206161499
			vertex 0.08456488698720932 0.5317459106445312 -0.5057491064071655
		endloop
	endfacet
	facet normal 0.05857968481489479 0.7122370089299898 -0.6994904314123599
		outer loop
			vertex 0.08456488698720932 0.5317459106445312 -0.5057491064071655
			vertex 0.11257462948560715 0.5327321290969849 -0.502399206161499
			vertex 0.11262231320142746 0.5324181318283081 -0.5027149319648743
		endloop
	endfacet
	facet normal 0.0752184819468919 0.7126933150156827 -0.6974313003483298
		outer loop
			vertex 0.11257462948560715 0.5327321290969849 -0.502399206161499
			vertex 0.14050835371017456 0.5335948467254639 -0.4985049366950989
			vertex 0.11262231320142746 0.5324181318283081 -0.5027149319648743
		endloop
	endfacet
	facet normal 0.07521170077579785 0.7127283902319909 -0.69739618713019
		outer loop
			vertex 0.11262231320142746 0.5324181318283081 -0.5027149319648743
			vertex 0.14050835371017456 0.5335948467254639 -0.4985049366950989
			vertex 0.1405678689479828 0.5332812070846558 -0.4988190531730652
		endloop
	endfacet
	facet normal 0.0917719342402738 0.7132976152530023 -0.6948269023002627
		outer loop
			vertex 0.14050835371017456 0.5335948467254639 -0.4985049366950989
			vertex 0.1683025062084198 0.5346475839614868 -0.49375319480895996
			vertex 0.1405678689479828 0.5332812070846558 -0.4988190531730652
		endloop
	endfacet
	facet normal 0.09176747575108966 0.7133168990723483 -0.6948076941802549
		outer loop
			vertex 0.1405678689479828 0.5332812070846558 -0.4988190531730652
			vertex 0.1683025062084198 0.5346475839614868 -0.49375319480895996
			vertex 0.16837379336357117 0.5343344211578369 -0.4940652847290039
		endloop
	endfacet
	facet normal 0.1080721977188964 0.7139929945484746 -0.6917618114755321
		outer loop
			vertex 0.1683025062084198 0.5346475839614868 -0.49375319480895996
			vertex 0.19361178576946259 0.5357665419578552 -0.4886442720890045
			vertex 0.16837379336357117 0.5343344211578369 -0.4940652847290039
		endloop
	endfacet
	facet normal 0.08553914030651082 0.7901109423111169 -0.6069660240210007
		outer loop
			vertex 0.16837379336357117 0.5343344211578369 -0.4940652847290039
			vertex 0.19361178576946259 0.5357665419578552 -0.4886442720890045
			vertex 0.1936674565076828 0.5356284379959106 -0.48881620168685913
		endloop
	endfacet
	facet normal -0.066647504799793 0.8515868326537039 -0.5199595912710854
		outer loop
			vertex -0.19350379705429077 0.5359992384910583 -0.48830926418304443
			vertex -0.1682220995426178 0.5348817706108093 -0.49338001012802124
			vertex -0.1683015674352646 0.5346475839614868 -0.4937533736228943
		endloop
	endfacet
	facet normal -0.056963604200211695 0.851183585771372 -0.5217678134092893
		outer loop
			vertex -0.1682220995426178 0.5348817706108093 -0.49338001012802124
			vertex -0.14044106006622314 0.5338295698165894 -0.4981294870376587
			vertex -0.1683015674352646 0.5346475839614868 -0.4937533736228943
		endloop
	endfacet
	facet normal -0.05697614955535272 0.8511389024029287 -0.5218393308272039
		outer loop
			vertex -0.1683015674352646 0.5346475839614868 -0.4937533736228943
			vertex -0.14044106006622314 0.5338295698165894 -0.4981294870376587
			vertex -0.14050740003585815 0.5335948467254639 -0.4985050857067108
		endloop
	endfacet
	facet normal -0.04669370416613727 0.8507854737455053 -0.5234345953936188
		outer loop
			vertex -0.14044106006622314 0.5338295698165894 -0.4981294870376587
			vertex -0.11252051591873169 0.532967209815979 -0.502021849155426
			vertex -0.14050740003585815 0.5335948467254639 -0.4985050857067108
		endloop
	endfacet
	facet normal -0.04669054492352383 0.8507995673098879 -0.5234119689881502
		outer loop
			vertex -0.14050740003585815 0.5335948467254639 -0.4985050857067108
			vertex -0.11252051591873169 0.532967209815979 -0.502021849155426
			vertex -0.11257366836071014 0.5327320694923401 -0.5023993253707886
		endloop
	endfacet
	facet normal -0.03636460977625205 0.8505165367012322 -0.5246896568006297
		outer loop
			vertex -0.11252051591873169 0.532967209815979 -0.502021849155426
			vertex -0.08448821306228638 0.5322956442832947 -0.5050532817840576
			vertex -0.11257366836071014 0.5327320694923401 -0.5023993253707886
		endloop
	endfacet
	facet normal -0.03637155855343177 0.8504750773692804 -0.5247563744273249
		outer loop
			vertex -0.11257366836071014 0.5327320694923401 -0.5023993253707886
			vertex -0.08448821306228638 0.5322956442832947 -0.5050532817840576
			vertex -0.0845281183719635 0.5320601463317871 -0.5054321885108948
		endloop
	endfacet
	facet normal -0.026004367305878816 0.8502625177643559 -0.5257161056749542
		outer loop
			vertex -0.08448821306228638 0.5322956442832947 -0.5050532817840576
			vertex -0.05637197941541672 0.5318154096603394 -0.5072207450866699
			vertex -0.0845281183719635 0.5320601463317871 -0.5054321885108948
		endloop
	endfacet
	facet normal -0.025999746499197857 0.8503041128555145 -0.525649054829336
		outer loop
			vertex -0.0845281183719635 0.5320601463317871 -0.5054321885108948
			vertex -0.05637197941541672 0.5318154096603394 -0.5072207450866699
			vertex -0.05639860779047012 0.5315797328948975 -0.5076006650924683
		endloop
	endfacet
	facet normal -0.015610313524229811 0.8501622926943554 -0.5262892685513856
		outer loop
			vertex -0.05637197941541672 0.5318154096603394 -0.5072207450866699
			vertex -0.028199752792716026 0.5315271019935608 -0.508522093296051
			vertex -0.05639860779047012 0.5315797328948975 -0.5076006650924683
		endloop
	endfacet
	facet normal -0.015610016762082719 0.8501677280254312 -0.526280497074292
		outer loop
			vertex -0.05639860779047012 0.5315797328948975 -0.5076006650924683
			vertex -0.028199752792716026 0.5315271019935608 -0.508522093296051
			vertex -0.028213074430823326 0.5312913060188293 -0.5089026093482971
		endloop
	endfacet
	facet normal -0.005204684324078893 0.8500967611264774 -0.5266008051487958
		outer loop
			vertex -0.028199752792716026 0.5315271019935608 -0.508522093296051
			vertex 4.830737907468574e-7 0.5314309597015381 -0.5089560151100159
			vertex -0.028213074430823326 0.5312913060188293 -0.5089026093482971
		endloop
	endfacet
	facet normal -0.005204739616769207 0.8501259561370628 -0.5265536718963859
		outer loop
			vertex -0.028213074430823326 0.5312913060188293 -0.5089026093482971
			vertex 4.830737907468574e-7 0.5314309597015381 -0.5089560151100159
			vertex 4.833019602301647e-7 0.5311951637268066 -0.5093367099761963
		endloop
	endfacet
	facet normal 0.005204972288963173 0.8501259579004207 -0.5265536667495189
		outer loop
			vertex 4.830737907468574e-7 0.5314309597015381 -0.5089560151100159
			vertex 0.028200719505548477 0.5315271019935608 -0.5085220336914062
			vertex 4.833019602301647e-7 0.5311951637268066 -0.5093367099761963
		endloop
	endfacet
	facet normal 0.005206675860993941 0.8500967835238145 -0.526600749305338
		outer loop
			vertex 4.833019602301647e-7 0.5311951637268066 -0.5093367099761963
			vertex 0.028200719505548477 0.5315271019935608 -0.5085220336914062
			vertex 0.028214041143655777 0.5312913060188293 -0.5089025497436523
		endloop
	endfacet
	facet normal 0.015609854011209087 0.850167727635973 -0.5262805025307651
		outer loop
			vertex 0.028200719505548477 0.5315271019935608 -0.5085220336914062
			vertex 0.05637294426560402 0.5318154096603394 -0.5072206854820251
			vertex 0.028214041143655777 0.5312913060188293 -0.5089025497436523
		endloop
	endfacet
	facet normal 0.015603637449715196 0.8502218291512935 -0.526193279824977
		outer loop
			vertex 0.028214041143655777 0.5312913060188293 -0.5089025497436523
			vertex 0.05637294426560402 0.5318154096603394 -0.5072206854820251
			vertex 0.056399572640657425 0.5315797924995422 -0.5076006054878235
		endloop
	endfacet
	facet normal 0.025990088610555358 0.8503636313086096 -0.5255532416812313
		outer loop
			vertex 0.05637294426560402 0.5318154096603394 -0.5072206854820251
			vertex 0.08448917418718338 0.5322956442832947 -0.5050532221794128
			vertex 0.056399572640657425 0.5315797924995422 -0.5076006054878235
		endloop
	endfacet
	facet normal 0.026003516186323867 0.8502853032087513 -0.5256792941453466
		outer loop
			vertex 0.056399572640657425 0.5315797924995422 -0.5076006054878235
			vertex 0.08448917418718338 0.5322956442832947 -0.5050532221794128
			vertex 0.0845290794968605 0.5320602059364319 -0.5054320693016052
		endloop
	endfacet
	facet normal 0.03636761405942384 0.8504978687295831 -0.5247197079718484
		outer loop
			vertex 0.08448917418718338 0.5322956442832947 -0.5050532221794128
			vertex 0.11252147704362869 0.5329672694206238 -0.5020217299461365
			vertex 0.0845290794968605 0.5320602059364319 -0.5054320693016052
		endloop
	endfacet
	facet normal 0.03636336757091283 0.8505164971172909 -0.5246898070576901
		outer loop
			vertex 0.0845290794968605 0.5320602059364319 -0.5054320693016052
			vertex 0.11252147704362869 0.5329672694206238 -0.5020217299461365
			vertex 0.11257462948560715 0.5327321290969849 -0.502399206161499
		endloop
	endfacet
	facet normal 0.04669246672926812 0.8507996114177705 -0.5234117258546155
		outer loop
			vertex 0.11252147704362869 0.5329672694206238 -0.5020217299461365
			vertex 0.14044201374053955 0.5338295698165894 -0.49812933802604675
			vertex 0.11257462948560715 0.5327321290969849 -0.502399206161499
		endloop
	endfacet
	facet normal 0.046696459054121044 0.8507855807613666 -0.5234341756900778
		outer loop
			vertex 0.11257462948560715 0.5327321290969849 -0.502399206161499
			vertex 0.14044201374053955 0.5338295698165894 -0.49812933802604675
			vertex 0.14050835371017456 0.5335948467254639 -0.4985049366950989
		endloop
	endfacet
	facet normal 0.05697628373057012 0.8511389064140393 -0.5218393096352237
		outer loop
			vertex 0.14044201374053955 0.5338295698165894 -0.49812933802604675
			vertex 0.168223038315773 0.5348818302154541 -0.4933798313140869
			vertex 0.14050835371017456 0.5335948467254639 -0.4985049366950989
		endloop
	endfacet
	facet normal 0.05698128986782021 0.851124232402067 -0.5218626961404617
		outer loop
			vertex 0.14050835371017456 0.5335948467254639 -0.4985049366950989
			vertex 0.168223038315773 0.5348818302154541 -0.4933798313140869
			vertex 0.1683025062084198 0.5346475839614868 -0.49375319480895996
		endloop
	endfacet
	facet normal -0.02263986922252713 0.9464514556790062 -0.32205135982429417
		outer loop
			vertex -0.19336768984794617 0.5361514687538147 -0.4878808856010437
			vertex -0.16813842952251434 0.5350252985954285 -0.49296408891677856
			vertex -0.1682220995426178 0.5348817706108093 -0.49338001012802124
		endloop
	endfacet
	facet normal -0.019321348299136905 0.9463138099948964 -0.32267144049767804
		outer loop
			vertex -0.16813842952251434 0.5350252985954285 -0.49296408891677856
			vertex -0.14037121832370758 0.5339735746383667 -0.4977112114429474
			vertex -0.1682220995426178 0.5348817706108093 -0.49338001012802124
		endloop
	endfacet
	facet normal -0.019306995869841324 0.9463434483363288 -0.32258536498326806
		outer loop
			vertex -0.1682220995426178 0.5348817706108093 -0.49338001012802124
			vertex -0.14037121832370758 0.5339735746383667 -0.4977112114429474
			vertex -0.14044106006622314 0.5338295698165894 -0.4981294870376587
		endloop
	endfacet
	facet normal -0.015822849072630395 0.9462236984667307 -0.3231259041104049
		outer loop
			vertex -0.14037121832370758 0.5339735746383667 -0.4977112114429474
			vertex -0.11246456205844879 0.5331116914749146 -0.5016016364097595
			vertex -0.14044106006622314 0.5338295698165894 -0.4981294870376587
		endloop
	endfacet
	facet normal -0.015835380433082392 0.9461912913526186 -0.32322017402229664
		outer loop
			vertex -0.14044106006622314 0.5338295698165894 -0.4981294870376587
			vertex -0.11246456205844879 0.5331116914749146 -0.5016016364097595
			vertex -0.11252051591873169 0.532967209815979 -0.502021849155426
		endloop
	endfacet
	facet normal -0.012333633410401605 0.9460953049000917 -0.32365344974663945
		outer loop
			vertex -0.11246456205844879 0.5331116914749146 -0.5016016364097595
			vertex -0.08444619178771973 0.5324404239654541 -0.5046315789222717
			vertex -0.11252051591873169 0.532967209815979 -0.502021849155426
		endloop
	endfacet
	facet normal -0.01232768024117463 0.9461158686124223 -0.32359355905152587
		outer loop
			vertex -0.11252051591873169 0.532967209815979 -0.502021849155426
			vertex -0.08444619178771973 0.5324404239654541 -0.5046315789222717
			vertex -0.08448821306228638 0.5322956442832947 -0.5050532817840576
		endloop
	endfacet
	facet normal -0.008812030330944078 0.9460437375535176 -0.32391911761613834
		outer loop
			vertex -0.08444619178771973 0.5324404239654541 -0.5046315789222717
			vertex -0.05634394288063049 0.5319604277610779 -0.5067979693412781
			vertex -0.08448821306228638 0.5322956442832947 -0.5050532817840576
		endloop
	endfacet
	facet normal -0.008812205957070685 0.9460428258565964 -0.32392177554378143
		outer loop
			vertex -0.08448821306228638 0.5322956442832947 -0.5050532817840576
			vertex -0.05634394288063049 0.5319604277610779 -0.5067979693412781
			vertex -0.05637197941541672 0.5318154096603394 -0.5072207450866699
		endloop
	endfacet
	facet normal -0.005292136769144138 0.9459947579152715 -0.32413872228606644
		outer loop
			vertex -0.05634394288063049 0.5319604277610779 -0.5067979693412781
			vertex -0.028185728937387466 0.5316722989082336 -0.5080986022949219
			vertex -0.05637197941541672 0.5318154096603394 -0.5072207450866699
		endloop
	endfacet
	facet normal -0.005292933133057805 0.9459864555974528 -0.324162938481588
		outer loop
			vertex -0.05637197941541672 0.5318154096603394 -0.5072207450866699
			vertex -0.028185728937387466 0.5316722989082336 -0.5080986022949219
			vertex -0.028199752792716026 0.5315271019935608 -0.508522093296051
		endloop
	endfacet
	facet normal -0.0017653981478745698 0.9459624058443276 -0.3242715067633782
		outer loop
			vertex -0.028185728937387466 0.5316722989082336 -0.5080986022949219
			vertex 4.828335136153328e-7 0.5315762162208557 -0.5085323452949524
			vertex -0.028199752792716026 0.5315271019935608 -0.508522093296051
		endloop
	endfacet
	facet normal -0.0017653867258925382 0.9459456381002759 -0.32432041744048484
		outer loop
			vertex -0.028199752792716026 0.5315271019935608 -0.508522093296051
			vertex 4.828335136153328e-7 0.5315762162208557 -0.5085323452949524
			vertex 4.830737907468574e-7 0.5314309597015381 -0.5089560151100159
		endloop
	endfacet
	facet normal 0.0017662079866721 0.9459456373429456 -0.3243204151779479
		outer loop
			vertex 4.828335136153328e-7 0.5315762162208557 -0.5085323452949524
			vertex 0.028186693787574768 0.5316722989082336 -0.5080986022949219
			vertex 4.830737907468574e-7 0.5314309597015381 -0.5089560151100159
		endloop
	endfacet
	facet normal 0.0017659382440734163 0.9459484104108491 -0.32431232832457346
		outer loop
			vertex 4.830737907468574e-7 0.5314309597015381 -0.5089560151100159
			vertex 0.028186693787574768 0.5316722989082336 -0.5080986022949219
			vertex 0.028200719505548477 0.5315271019935608 -0.5085220336914062
		endloop
	endfacet
	facet normal 0.005294050669666764 0.9459724752925254 -0.32420371530326375
		outer loop
			vertex 0.028186693787574768 0.5316722989082336 -0.5080986022949219
			vertex 0.056344907730817795 0.5319604873657227 -0.5067979097366333
			vertex 0.028200719505548477 0.5315271019935608 -0.5085220336914062
		endloop
	endfacet
	facet normal 0.005297644484565364 0.9459539443299457 -0.3242577218348598
		outer loop
			vertex 0.028200719505548477 0.5315271019935608 -0.5085220336914062
			vertex 0.056344907730817795 0.5319604873657227 -0.5067979097366333
			vertex 0.05637294426560402 0.5318154096603394 -0.5072206854820251
		endloop
	endfacet
	facet normal 0.008824781693989899 0.9460021028218707 -0.32404034422375905
		outer loop
			vertex 0.056344907730817795 0.5319604873657227 -0.5067979097366333
			vertex 0.08444715291261673 0.5324404239654541 -0.5046314597129822
			vertex 0.05637294426560402 0.5318154096603394 -0.5072206854820251
		endloop
	endfacet
	facet normal 0.008808614826223967 0.9460576862160571 -0.3238784689607567
		outer loop
			vertex 0.05637294426560402 0.5318154096603394 -0.5072206854820251
			vertex 0.08444715291261673 0.5324404239654541 -0.5046314597129822
			vertex 0.08448917418718338 0.5322956442832947 -0.5050532221794128
		endloop
	endfacet
	facet normal 0.012321966337267454 0.9461297577903439 -0.32355316498091746
		outer loop
			vertex 0.08444715291261673 0.5324404239654541 -0.5046314597129822
			vertex 0.1124655157327652 0.5331116914749146 -0.50160151720047
			vertex 0.08448917418718338 0.5322956442832947 -0.5050532221794128
		endloop
	endfacet
	facet normal 0.012319530874313872 0.9461360324704354 -0.3235349088122331
		outer loop
			vertex 0.08448917418718338 0.5322956442832947 -0.5050532221794128
			vertex 0.1124655157327652 0.5331116914749146 -0.50160151720047
			vertex 0.11252147704362869 0.5329672694206238 -0.5020217299461365
		endloop
	endfacet
	facet normal 0.01581758915846931 0.9462319415594186 -0.3231020220393352
		outer loop
			vertex 0.1124655157327652 0.5331116914749146 -0.50160151720047
			vertex 0.140372171998024 0.5339736342430115 -0.49771106243133545
			vertex 0.11252147704362869 0.5329672694206238 -0.5020217299461365
		endloop
	endfacet
	facet normal 0.01584128063767814 0.9461831556642354 -0.3232437002712159
		outer loop
			vertex 0.11252147704362869 0.5329672694206238 -0.5020217299461365
			vertex 0.140372171998024 0.5339736342430115 -0.49771106243133545
			vertex 0.14044201374053955 0.5338295698165894 -0.49812933802604675
		endloop
	endfacet
	facet normal 0.01932747649069151 0.9463029713645287 -0.32270285874030613
		outer loop
			vertex 0.140372171998024 0.5339736342430115 -0.49771106243133545
			vertex 0.16813938319683075 0.5350253582000732 -0.49296391010284424
			vertex 0.14044201374053955 0.5338295698165894 -0.49812933802604675
		endloop
	endfacet
	facet normal 0.01932127644990649 0.946313595715049 -0.32267207322791547
		outer loop
			vertex 0.14044201374053955 0.5338295698165894 -0.49812933802604675
			vertex 0.16813938319683075 0.5350253582000732 -0.49296391010284424
			vertex 0.168223038315773 0.5348818302154541 -0.4933798313140869
		endloop
	endfacet
	facet normal 0.022664303369022632 0.9464521818662162 -0.322047507044343
		outer loop
			vertex 0.16813938319683075 0.5350253582000732 -0.49296391010284424
			vertex 0.1934966892004013 0.5360095500946045 -0.48828697204589844
			vertex 0.168223038315773 0.5348818302154541 -0.4933798313140869
		endloop
	endfacet
	facet normal 0.06679484353815643 0.8515323102995873 -0.5200299735520644
		outer loop
			vertex 0.168223038315773 0.5348818302154541 -0.4933798313140869
			vertex 0.1934966892004013 0.5360095500946045 -0.48828697204589844
			vertex 0.1683025062084198 0.5346475839614868 -0.49375319480895996
		endloop
	endfacet
	facet normal 0.019764051015819042 0.9449752679021153 -0.32654421651710436
		outer loop
			vertex 0.1934966892004013 0.5360095500946045 -0.48828697204589844
			vertex 0.19349819421768188 0.5360078811645508 -0.4882917106151581
			vertex 0.1683025062084198 0.5346475839614868 -0.49375319480895996
		endloop
	endfacet
	facet normal 0.054213128326359175 0.88121875452011 -0.4695896542717864
		outer loop
			vertex 0.1683025062084198 0.5346475839614868 -0.49375319480895996
			vertex 0.19349819421768188 0.5360078811645508 -0.4882917106151581
			vertex 0.1935516595840454 0.5359156727790833 -0.4884585738182068
		endloop
	endfacet
	facet normal -0.17782766499672434 -0.20233771323232327 -0.963035186982141
		outer loop
			vertex -0.15811075270175934 0.534753680229187 -0.4941900968551636
			vertex -0.18068356812000275 0.5356360673904419 -0.49020734429359436
			vertex -0.1364988088607788 0.5793753862380981 -0.5075560212135315
		endloop
	endfacet
	facet normal -0.025310578530605324 -0.2270046278373152 -0.9735647248924378
		outer loop
			vertex -0.04487915709614754 0.6700714230537415 -0.5368898510932922
			vertex -0.014503815211355686 0.7001405954360962 -0.544690728187561
			vertex 0.00029021906084381044 0.6854956746101379 -0.5416606068611145
		endloop
	endfacet
	facet normal -0.029244666928153182 -0.21620889237563562 -0.975909045103058
		outer loop
			vertex 0.00029021906084381044 0.6854956746101379 -0.5416606068611145
			vertex -0.04487915709614754 0.6407816410064697 -0.530400812625885
			vertex -0.04487915709614754 0.6700714230537415 -0.5368898510932922
		endloop
	endfacet
	facet normal -0.07485138737149895 -0.2156946177800757 -0.9735877472879725
		outer loop
			vertex -0.04487915709614754 0.6407816410064697 -0.530400812625885
			vertex -0.09085846692323685 0.5952658653259277 -0.5167819857597351
			vertex -0.04487915709614754 0.6700714230537415 -0.5368898510932922
		endloop
	endfacet
	facet normal -0.07485138737149895 -0.2156946177800757 -0.9735877472879725
		outer loop
			vertex -0.04487915709614754 0.6700714230537415 -0.5368898510932922
			vertex -0.09085846692323685 0.5952658653259277 -0.5167819857597351
			vertex -0.09085846692323685 0.6245556473731995 -0.5232710242271423
		endloop
	endfacet
	facet normal -0.12115138068854803 -0.21470814119837825 -0.9691350561507905
		outer loop
			vertex -0.09085846692323685 0.5952658653259277 -0.5167819857597351
			vertex -0.1364988088607788 0.5500856041908264 -0.5010669827461243
			vertex -0.09085846692323685 0.6245556473731995 -0.5232710242271423
		endloop
	endfacet
	facet normal -0.12115138068854803 -0.21470814119837825 -0.9691350561507905
		outer loop
			vertex -0.09085846692323685 0.6245556473731995 -0.5232710242271423
			vertex -0.1364988088607788 0.5500856041908264 -0.5010669827461243
			vertex -0.1364988088607788 0.5793753862380981 -0.5075560212135315
		endloop
	endfacet
	facet normal -0.1522936407770504 -0.21377831507743408 -0.9649380700239389
		outer loop
			vertex -0.1364988088607788 0.5500856041908264 -0.5010669827461243
			vertex -0.1522006094455719 0.5345420837402344 -0.49514520168304443
			vertex -0.1364988088607788 0.5793753862380981 -0.5075560212135315
		endloop
	endfacet
	facet normal -0.16329959900223684 -0.2096746545354444 -0.9640382669848488
		outer loop
			vertex -0.1364988088607788 0.5793753862380981 -0.5075560212135315
			vertex -0.1522006094455719 0.5345420837402344 -0.49514520168304443
			vertex -0.15811075270175934 0.534753680229187 -0.4941900968551636
		endloop
	endfacet
	facet normal -0.17694620757744228 0.20285678603234783 0.9630883469259646
		outer loop
			vertex 0.15287865698337555 0.540044367313385 -0.4703093469142914
			vertex 0.17534764111042023 0.5409181714057922 -0.4663652181625366
			vertex 0.1324567049741745 0.5833767652511597 -0.48318859934806824
		endloop
	endfacet
	facet normal -0.027962687685376623 0.22678296624858107 0.9735438224943473
		outer loop
			vertex 0.04354022443294525 0.6713968515396118 -0.5117493271827698
			vertex 0.014503815211355686 0.7001405954360962 -0.5192790627479553
			vertex -0.00029021906084381044 0.6854956746101379 -0.5162925124168396
		endloop
	endfacet
	facet normal -0.03160691218414513 0.21619333889455425 0.9758388408542716
		outer loop
			vertex -0.00029021906084381044 0.6854956746101379 -0.5162925124168396
			vertex 0.04354022443294525 0.6421070694923401 -0.5052602887153625
			vertex 0.04354022443294525 0.6713968515396118 -0.5117493271827698
		endloop
	endfacet
	facet normal -0.0763118848499972 0.21567067246297517 0.9734796645385095
		outer loop
			vertex 0.04354022443294525 0.6421070694923401 -0.5052602887153625
			vertex 0.0881601870059967 0.5979369282722473 -0.4919767677783966
			vertex 0.04354022443294525 0.6713968515396118 -0.5117493271827698
		endloop
	endfacet
	facet normal -0.0763118848499972 0.21567067246297517 0.9734796645385095
		outer loop
			vertex 0.04354022443294525 0.6713968515396118 -0.5117493271827698
			vertex 0.0881601870059967 0.5979369282722473 -0.4919767677783966
			vertex 0.0881601870059967 0.627226710319519 -0.49846580624580383
		endloop
	endfacet
	facet normal -0.12168828042405173 0.214693935343911 0.9690709347276814
		outer loop
			vertex 0.0881601870059967 0.5979369282722473 -0.4919767677783966
			vertex 0.1324567049741745 0.5540869235992432 -0.476699560880661
			vertex 0.0881601870059967 0.627226710319519 -0.49846580624580383
		endloop
	endfacet
	facet normal -0.1216890025408266 0.21469349973458912 0.9690709405571569
		outer loop
			vertex 0.0881601870059967 0.627226710319519 -0.49846580624580383
			vertex 0.1324567049741745 0.5540869235992432 -0.476699560880661
			vertex 0.1324567049741745 0.5833767652511597 -0.48318859934806824
		endloop
	endfacet
	facet normal -0.15177510124274365 0.21379515322318715 0.9650160367066596
		outer loop
			vertex 0.1324567049741745 0.5540869235992432 -0.476699560880661
			vertex 0.1468586027622223 0.539830207824707 -0.4712759554386139
			vertex 0.1324567049741745 0.5833767652511597 -0.48318859934806824
		endloop
	endfacet
	facet normal -0.16227756479831562 0.21007747561616072 0.9641231488777094
		outer loop
			vertex 0.1324567049741745 0.5833767652511597 -0.48318859934806824
			vertex 0.1468586027622223 0.539830207824707 -0.4712759554386139
			vertex 0.15287865698337555 0.540044367313385 -0.4703093469142914
		endloop
	endfacet
	facet normal 0.17133272582112807 -0.19429375031736631 -0.9658649158398472
		outer loop
			vertex 0.1748296320438385 0.5353949069976807 -0.4912957549095154
			vertex 0.15219919383525848 0.534543514251709 -0.49513885378837585
			vertex 0.13617336750030518 0.5504077672958374 -0.5011729001998901
		endloop
	endfacet
	facet normal 0.18580913727325885 -0.1937328712507334 -0.9632977416680235
		outer loop
			vertex 0.13617336750030518 0.5796975493431091 -0.5076619982719421
			vertex 0.1806851625442505 0.535634458065033 -0.490214467048645
			vertex 0.1748296320438385 0.5353949069976807 -0.4912957549095154
		endloop
	endfacet
	facet normal -0.1764734316037453 -0.23123509627861766 -0.9567588296885567
		outer loop
			vertex -0.15089690685272217 0.83458411693573 -0.5644150376319885
			vertex -0.1970684975385666 0.8802902698516846 -0.5669452548027039
			vertex -0.19027815759181976 0.8800268769264221 -0.568134069442749
		endloop
	endfacet
	facet normal 0.1632385588012334 -0.21340194514202696 -0.9632303892268431
		outer loop
			vertex 0.1748296320438385 0.5353949069976807 -0.4912957549095154
			vertex 0.13617336750030518 0.5504077672958374 -0.5011729001998901
			vertex 0.13617336750030518 0.5796975493431091 -0.5076619982719421
		endloop
	endfacet
	facet normal 0.11973976056186994 -0.2147470674438404 -0.969301855339634
		outer loop
			vertex 0.13617336750030518 0.5504077672958374 -0.5011729001998901
			vertex 0.08904501050710678 0.597061038017273 -0.5173307061195374
			vertex 0.13617336750030518 0.5796975493431091 -0.5076619982719421
		endloop
	endfacet
	facet normal 0.11973976056186994 -0.2147470674438404 -0.969301855339634
		outer loop
			vertex 0.13617336750030518 0.5796975493431091 -0.5076619982719421
			vertex 0.08904501050710678 0.597061038017273 -0.5173307061195374
			vertex 0.08904501050710678 0.6263508200645447 -0.5238198041915894
		endloop
	endfacet
	facet normal 0.07207464118882853 -0.21574074923163541 -0.9737870276495134
		outer loop
			vertex 0.08904501050710678 0.597061038017273 -0.5173307061195374
			vertex 0.041558705270290375 0.6440685987472534 -0.5312598347663879
			vertex 0.08904501050710678 0.6263508200645447 -0.5238198041915894
		endloop
	endfacet
	facet normal 0.07207557732625187 -0.21573842717257966 -0.9737874728061504
		outer loop
			vertex 0.08904501050710678 0.6263508200645447 -0.5238198041915894
			vertex 0.041558705270290375 0.6440685987472534 -0.5312598347663879
			vertex 0.041558705270290375 0.6733584403991699 -0.5377488732337952
		endloop
	endfacet
	facet normal 0.024582384837351177 -0.21623562399864676 -0.9760316907096944
		outer loop
			vertex 0.041558705270290375 0.6440685987472534 -0.5312598347663879
			vertex -0.00623233150690794 0.6913778781890869 -0.5429446697235107
			vertex 0.041558705270290375 0.6733584403991699 -0.5377488732337952
		endloop
	endfacet
	facet normal 0.024582216683429057 -0.21623604434428395 -0.9760316018189502
		outer loop
			vertex 0.041558705270290375 0.6733584403991699 -0.5377488732337952
			vertex -0.00623233150690794 0.6913778781890869 -0.5429446697235107
			vertex -0.00623233150690794 0.7206676602363586 -0.549433708190918
		endloop
	endfacet
	facet normal -0.02252841037901503 -0.21624651149472082 -0.9760788477331934
		outer loop
			vertex -0.00623233150690794 0.6913778781890869 -0.5429446697235107
			vertex -0.0542745403945446 0.7389357686042786 -0.5523720979690552
			vertex -0.00623233150690794 0.7206676602363586 -0.549433708190918
		endloop
	endfacet
	facet normal -0.02252824527429604 -0.21624609282789675 -0.9760789442978113
		outer loop
			vertex -0.00623233150690794 0.7206676602363586 -0.549433708190918
			vertex -0.0542745403945446 0.7389357686042786 -0.5523720979690552
			vertex -0.0542745403945446 0.7682256102561951 -0.5588611364364624
		endloop
	endfacet
	facet normal -0.06905385900187971 -0.21578466363024806 -0.9739961722198549
		outer loop
			vertex -0.0542745403945446 0.7389357686042786 -0.5523720979690552
			vertex -0.10251408070325851 0.786689043045044 -0.559531569480896
			vertex -0.0542745403945446 0.7682256102561951 -0.5588611364364624
		endloop
	endfacet
	facet normal -0.06905401972857857 -0.21578507980030887 -0.9739960686239444
		outer loop
			vertex -0.0542745403945446 0.7682256102561951 -0.5588611364364624
			vertex -0.10251408070325851 0.786689043045044 -0.559531569480896
			vertex -0.10251408070325851 0.8159788250923157 -0.5660206079483032
		endloop
	endfacet
	facet normal -0.11481209937235852 -0.2148710558967958 -0.9698704094751567
		outer loop
			vertex -0.10251408070325851 0.786689043045044 -0.559531569480896
			vertex -0.15089690685272217 0.83458411693573 -0.5644150376319885
			vertex -0.10251408070325851 0.8159788250923157 -0.5660206079483032
		endloop
	endfacet
	facet normal -0.11481209937235852 -0.2148710558967958 -0.9698704094751567
		outer loop
			vertex -0.10251408070325851 0.8159788250923157 -0.5660206079483032
			vertex -0.15089690685272217 0.83458411693573 -0.5644150376319885
			vertex -0.15089690685272217 0.8638738989830017 -0.5709040760993958
		endloop
	endfacet
	facet normal -0.15547921921569058 -0.2136710019901436 -0.9644536874835449
		outer loop
			vertex -0.15089690685272217 0.83458411693573 -0.5644150376319885
			vertex -0.19027815759181976 0.8800268769264221 -0.568134069442749
			vertex -0.15089690685272217 0.8638738989830017 -0.5709040760993958
		endloop
	endfacet
	facet normal -0.16252160963860676 -0.2317583819757714 -0.9591010263702406
		outer loop
			vertex -0.15089690685272217 0.8638738989830017 -0.5709040760993958
			vertex -0.19027815759181976 0.8800268769264221 -0.568134069442749
			vertex -0.16635315120220184 0.8791743516921997 -0.571982204914093
		endloop
	endfacet
	facet normal 0.7035159988661109 0.7106794209339304 -6.568512363424931e-7
		outer loop
			vertex -0.0542745403945446 0.7682256102561951 -0.5588611364364624
			vertex 0.00029021906084381044 0.7142108678817749 -0.5353876352310181
			vertex -0.00623233150690794 0.7206676602363586 -0.549433708190918
		endloop
	endfacet
	facet normal 0.7035131509778606 0.7106822401026737 0.0000019615519583806363
		outer loop
			vertex 0.00029021906084381044 0.7142108678817749 -0.5353876352310181
			vertex 0.0073989685624837875 0.7071738243103027 -0.5337931513786316
			vertex -0.00623233150690794 0.7206676602363586 -0.549433708190918
		endloop
	endfacet
	facet normal 0.7035157180441763 0.7106796989254631 0
		outer loop
			vertex 0.00029021906084381044 0.7142108678817749 -0.5226483941078186
			vertex 0.00029021906084381044 0.7142108678817749 -0.5353876352310181
			vertex -0.04919402673840523 0.7631962895393372 -0.5327728390693665
		endloop
	endfacet
	facet normal 0.7035157331516904 0.7106796839700142 5.660796544378232e-7
		outer loop
			vertex 0.00029021906084381044 0.7142108678817749 -0.5353876352310181
			vertex -0.0542745403945446 0.7682256102561951 -0.5588611364364624
			vertex -0.04919402673840523 0.7631962895393372 -0.5327728390693665
		endloop
	endfacet
	facet normal 0.7035153684217378 0.7106800450230238 7.067123233513094e-7
		outer loop
			vertex -0.04919402673840523 0.7631962895393372 -0.5327728390693665
			vertex -0.0542745403945446 0.7682256102561951 -0.5588611364364624
			vertex -0.10011646896600723 0.8136053681373596 -0.5406160950660706
		endloop
	endfacet
	facet normal 0.7035153214238726 0.7106800915472739 4.7291005945652817e-7
		outer loop
			vertex -0.0542745403945446 0.7682256102561951 -0.5588611364364624
			vertex -0.10251408070325851 0.8159788250923157 -0.5660206079483032
			vertex -0.10011646896600723 0.8136053681373596 -0.5406160950660706
		endloop
	endfacet
	facet normal 0.7035157835536814 0.7106796340762134 3.865554919120624e-7
		outer loop
			vertex -0.10011646896600723 0.8136053681373596 -0.5406160950660706
			vertex -0.10251408070325851 0.8159788250923157 -0.5660206079483032
			vertex -0.15120576322078705 0.8641796708106995 -0.5458900928497314
		endloop
	endfacet
	facet normal 0.7035155305788435 0.7106798845005308 -8.249601725196239e-7
		outer loop
			vertex -0.10251408070325851 0.8159788250923157 -0.5660206079483032
			vertex -0.15089690685272217 0.8638738989830017 -0.5709040760993958
			vertex -0.15120576322078705 0.8641796708106995 -0.5458900928497314
		endloop
	endfacet
	facet normal 0.7035150618381124 0.7106803485155737 -8.364200141885173e-7
		outer loop
			vertex -0.15120576322078705 0.8641796708106995 -0.5458900928497314
			vertex -0.15089690685272217 0.8638738989830017 -0.5709040760993958
			vertex -0.17187921702861786 0.8846446871757507 -0.5472905039787292
		endloop
	endfacet
	facet normal 0.703516023900461 0.7106793961517058 8.561506221699344e-7
		outer loop
			vertex -0.15089690685272217 0.8638738989830017 -0.5709040760993958
			vertex -0.16635315120220184 0.8791743516921997 -0.571982204914093
			vertex -0.17187921702861786 0.8846446871757507 -0.5472905039787292
		endloop
	endfacet
	facet normal 0.7204430964848735 0.6928592492631926 -0.030129809785868076
		outer loop
			vertex 0.0073989685624837875 0.7071738243103027 -0.5337931513786316
			vertex 0.007399895694106817 0.7071728706359863 -0.5337929129600525
			vertex -0.00623233150690794 0.7206676602363586 -0.549433708190918
		endloop
	endfacet
	facet normal 0.7035137192171649 0.7106816775930065 0.000002611923329802495
		outer loop
			vertex 0.007399895694106817 0.7071728706359863 -0.5337929129600525
			vertex 0.014503815211355686 0.7001405954360962 -0.5321482419967651
			vertex -0.00623233150690794 0.7206676602363586 -0.549433708190918
		endloop
	endfacet
	facet normal 0.7035154415464364 0.7106799726343324 -0.0000014789278432591961
		outer loop
			vertex -0.00623233150690794 0.7206676602363586 -0.549433708190918
			vertex 0.014503815211355686 0.7001405954360962 -0.5321482419967651
			vertex 0.041558705270290375 0.6733584403991699 -0.5377488732337952
		endloop
	endfacet
	facet normal 0.7035158398478197 0.7106795783496194 1.5535482021470767e-7
		outer loop
			vertex 0.17534764111042023 0.5409181714057922 -0.4663652181625366
			vertex 0.1806851625442505 0.535634458065033 -0.490214467048645
			vertex 0.1324567049741745 0.5833767652511597 -0.48318859934806824
		endloop
	endfacet
	facet normal 0.7035157892616603 0.7106796284256783 -5.321672392994355e-7
		outer loop
			vertex 0.1806851625442505 0.535634458065033 -0.490214467048645
			vertex 0.13617336750030518 0.5796975493431091 -0.5076619982719421
			vertex 0.1324567049741745 0.5833767652511597 -0.48318859934806824
		endloop
	endfacet
	facet normal 0.7035154750380033 0.710679939481663 -6.266496373158479e-7
		outer loop
			vertex 0.1324567049741745 0.5833767652511597 -0.48318859934806824
			vertex 0.13617336750030518 0.5796975493431091 -0.5076619982719421
			vertex 0.0881601870059967 0.627226710319519 -0.49846580624580383
		endloop
	endfacet
	facet normal 0.7035155721439674 0.7106798433548007 3.7715664118239464e-7
		outer loop
			vertex 0.13617336750030518 0.5796975493431091 -0.5076619982719421
			vertex 0.08904501050710678 0.6263508200645447 -0.5238198041915894
			vertex 0.0881601870059967 0.627226710319519 -0.49846580624580383
		endloop
	endfacet
	facet normal 0.703515410090385 0.7106800037747112 3.6595923337726874e-7
		outer loop
			vertex 0.0881601870059967 0.627226710319519 -0.49846580624580383
			vertex 0.08904501050710678 0.6263508200645447 -0.5238198041915894
			vertex 0.04354022443294525 0.6713968515396118 -0.5117493271827698
		endloop
	endfacet
	facet normal 0.7035155272526873 0.7106798877925524 0.0000012404881747890062
		outer loop
			vertex 0.08904501050710678 0.6263508200645447 -0.5238198041915894
			vertex 0.041558705270290375 0.6733584403991699 -0.5377488732337952
			vertex 0.04354022443294525 0.6713968515396118 -0.5117493271827698
		endloop
	endfacet
	facet normal 0.7035159993294864 0.7106794204745676 0.0000011692517396286438
		outer loop
			vertex 0.04354022443294525 0.6713968515396118 -0.5117493271827698
			vertex 0.041558705270290375 0.6733584403991699 -0.5377488732337952
			vertex 0.014503815211355686 0.7001405954360962 -0.5192790627479553
		endloop
	endfacet
	facet normal 0.703515596174517 0.7106798195665993 0
		outer loop
			vertex 0.041558705270290375 0.6733584403991699 -0.5377488732337952
			vertex 0.014503815211355686 0.7001405954360962 -0.5321482419967651
			vertex 0.014503815211355686 0.7001405954360962 -0.5192790627479553
		endloop
	endfacet
	facet normal -5.038486545944138e-7 0.9763267445796823 -0.21630091959625633
		outer loop
			vertex -0.17187921702861786 0.8846446871757507 -0.5472905039787292
			vertex -0.16635315120220184 0.8791743516921997 -0.571982204914093
			vertex -0.19027815759181976 0.8800268769264221 -0.568134069442749
		endloop
	endfacet
	facet normal 0.0000019552543804972992 0.9763262861689574 -0.2163029887257876
		outer loop
			vertex -0.19027815759181976 0.8800268769264221 -0.568134069442749
			vertex -0.1970684975385666 0.8802902698516846 -0.5669452548027039
			vertex -0.17187921702861786 0.8846446871757507 -0.5472905039787292
		endloop
	endfacet
	facet normal 0.000001508968760843518 0.9763264069561863 -0.21630244353161265
		outer loop
			vertex -0.1970684975385666 0.8802902698516846 -0.5669452548027039
			vertex -0.20238107442855835 0.8855493068695068 -0.5432075262069702
			vertex -0.17187921702861786 0.8846446871757507 -0.5472905039787292
		endloop
	endfacet
	facet normal 0.000003956068194818158 0.9763302674073381 -0.21628501780905987
		outer loop
			vertex -0.17187921702861786 0.8846446871757507 -0.5472905039787292
			vertex -0.20238107442855835 0.8855493068695068 -0.5432075262069702
			vertex -0.2023964673280716 0.8857840895652771 -0.542147696018219
		endloop
	endfacet
	facet normal -0.0016350434064386693 0.22616282989866288 0.9740881382119833
		outer loop
			vertex -0.00029021906084381044 0.6854956746101379 -0.5287728309631348
			vertex 0.014503815211355686 0.7001405954360962 -0.5321482419967651
			vertex 0.007399895694106817 0.7071728706359863 -0.5337929129600525
		endloop
	endfacet
	facet normal 0.0017718800574743566 0.22268450247866456 0.9748889540849726
		outer loop
			vertex 0.00029021906084381044 0.7142108678817749 -0.5353876352310181
			vertex -0.014503815211355686 0.6995660066604614 -0.5320155620574951
			vertex 0.0073989685624837875 0.7071738243103027 -0.5337931513786316
		endloop
	endfacet
	facet normal 0.0017121715234647205 0.222847713215006 0.9748517657487814
		outer loop
			vertex -0.014503815211355686 0.6995660066604614 -0.5320155620574951
			vertex -0.0073948693461716175 0.6925287246704102 -0.5304193496704102
			vertex 0.0073989685624837875 0.7071738243103027 -0.5337931513786316
		endloop
	endfacet
	facet normal -0.009627481355367187 0.2337054172589314 0.9722597850094289
		outer loop
			vertex 0.0073989685624837875 0.7071738243103027 -0.5337931513786316
			vertex -0.0073948693461716175 0.6925287246704102 -0.5304193496704102
			vertex 0.007399895694106817 0.7071728706359863 -0.5337929129600525
		endloop
	endfacet
	facet normal -0.009394335964723562 0.23348272459740213 0.9723155679954711
		outer loop
			vertex -0.0073948693461716175 0.6925287246704102 -0.5304193496704102
			vertex -0.007394138723611832 0.6925280094146729 -0.5304191708564758
			vertex 0.007399895694106817 0.7071728706359863 -0.5337929129600525
		endloop
	endfacet
	facet normal -0.001802979593823837 0.22621930085293765 0.9740747287483607
		outer loop
			vertex 0.007399895694106817 0.7071728706359863 -0.5337929129600525
			vertex -0.007394138723611832 0.6925280094146729 -0.5304191708564758
			vertex -0.00029021906084381044 0.6854956746101379 -0.5287728309631348
		endloop
	endfacet
	facet normal 0.7035146911091413 -0.7106807155070478 0
		outer loop
			vertex -0.014503815211355686 0.6995660066604614 -0.5194467902183533
			vertex -0.014503815211355686 0.6995660066604614 -0.5320155620574951
			vertex 0.00029021906084381044 0.7142108678817749 -0.5226483941078186
		endloop
	endfacet
	facet normal 0.7035146911091413 -0.7106807155070478 0
		outer loop
			vertex -0.014503815211355686 0.6995660066604614 -0.5320155620574951
			vertex 0.00029021906084381044 0.7142108678817749 -0.5353876352310181
			vertex 0.00029021906084381044 0.7142108678817749 -0.5226483941078186
		endloop
	endfacet
	facet normal -0.9991640216395667 -0.0017776995546988235 -0.04084235112405553
		outer loop
			vertex -0.20534659922122955 0.264769971370697 -0.41504472494125366
			vertex -0.20522578060626984 0.24366143345832825 -0.41708165407180786
			vertex -0.2199999988079071 0.2803412973880768 -0.05724288150668144
		endloop
	endfacet
	facet normal -0.99916402100647 -0.001777433956155276 -0.040842378171627024
		outer loop
			vertex -0.20522578060626984 0.24366143345832825 -0.41708165407180786
			vertex -0.2199999988079071 0.2593611478805542 -0.056329838931560516
			vertex -0.2199999988079071 0.2803412973880768 -0.05724288150668144
		endloop
	endfacet
	facet normal 7.672885834345115e-8 0.043478202083472306 0.9990543758692931
		outer loop
			vertex -0.21799832582473755 0.25736305117607117 -0.05624288320541382
			vertex -0.2199999988079071 0.2803412973880768 -0.05724288150668144
			vertex -0.2199999988079071 0.2593611478805542 -0.056329838931560516
		endloop
	endfacet
	facet normal 0.0000017548909581301751 0.043480044825865684 0.9990542956710917
		outer loop
			vertex -0.1957327276468277 0.281903475522995 -0.05731086805462837
			vertex -0.196112260222435 0.2821415364742279 -0.057321228086948395
			vertex -0.19497908651828766 0.2803412973880768 -0.05724288150668144
		endloop
	endfacet
	facet normal 0 0.043478195412129925 0.9990543761596287
		outer loop
			vertex -0.2199999988079071 0.2803412973880768 -0.05724288150668144
			vertex -0.21799832582473755 0.25736305117607117 -0.05624288320541382
			vertex -0.19497908651828766 0.2803412973880768 -0.05724288150668144
		endloop
	endfacet
	facet normal 0 0.043478195412129925 0.9990543761596287
		outer loop
			vertex -0.21799832582473755 0.25736305117607117 -0.05624288320541382
			vertex -0.19698075950145721 0.25736305117607117 -0.05624288320541382
			vertex -0.19497908651828766 0.2803412973880768 -0.05724288150668144
		endloop
	endfacet
	facet normal -7.672885834345115e-8 0.043478202083472306 0.9990543758692931
		outer loop
			vertex -0.19497908651828766 0.2803412973880768 -0.05724288150668144
			vertex -0.19698075950145721 0.25736305117607117 -0.05624288320541382
			vertex -0.19497908651828766 0.2593611478805542 -0.056329838931560516
		endloop
	endfacet
	facet normal 0.00000175500481752385 0.04348004489739982 0.9990542956679783
		outer loop
			vertex -0.21924634277820587 0.257798969745636 -0.056261852383613586
			vertex -0.21886682510375977 0.2575609087944031 -0.056251492351293564
			vertex -0.2199999988079071 0.2593611478805542 -0.056329838931560516
		endloop
	endfacet
	facet normal 0.0000020424267497845144 0.043480225475197046 0.9990542878084526
		outer loop
			vertex -0.21886682510375977 0.2575609087944031 -0.056251492351293564
			vertex -0.21844373643398285 0.2574131488800049 -0.05624506250023842
			vertex -0.2199999988079071 0.2593611478805542 -0.056329838931560516
		endloop
	endfacet
	facet normal 0.0000023283393353309284 0.043480453459797966 0.9990542778855958
		outer loop
			vertex -0.2199999988079071 0.2593611478805542 -0.056329838931560516
			vertex -0.21844373643398285 0.2574131488800049 -0.05624506250023842
			vertex -0.21799832582473755 0.25736305117607117 -0.05624288320541382
		endloop
	endfacet
	facet normal -0.000006242160750368247 0.04348872189506941 0.9990539179788891
		outer loop
			vertex -0.2195863574743271 0.2815576493740082 -0.057295817881822586
			vertex -0.21799832582473755 0.2823393940925598 -0.05732983723282814
			vertex -0.21941372752189636 0.28175416588783264 -0.057304371148347855
		endloop
	endfacet
	facet normal -0.000001077298726107153 0.04347625404943193 0.9990544606439975
		outer loop
			vertex -0.21799832582473755 0.2823393940925598 -0.05732983723282814
			vertex -0.21851639449596405 0.2822713255882263 -0.05732687562704086
			vertex -0.21941372752189636 0.28175416588783264 -0.057304371148347855
		endloop
	endfacet
	facet normal 0.000007197847060506692 0.043461922829490976 0.9990550841731173
		outer loop
			vertex -0.21941372752189636 0.28175416588783264 -0.057304371148347855
			vertex -0.21851639449596405 0.2822713255882263 -0.05732687562704086
			vertex -0.21899916231632233 0.28207170963287354 -0.05731818825006485
		endloop
	endfacet
	facet normal -0.000015339886924027873 0.04347545403382417 0.9990544953410904
		outer loop
			vertex -0.19502927362918854 0.2807859182357788 -0.05726223066449165
			vertex -0.19517731666564941 0.28120824694633484 -0.057280611246824265
			vertex -0.19497908651828766 0.2803412973880768 -0.05724288150668144
		endloop
	endfacet
	facet normal -0.000004384899130935442 0.04347795418836863 0.9990543866478776
		outer loop
			vertex -0.19517731666564941 0.28120824694633484 -0.057280611246824265
			vertex -0.19541577994823456 0.2815870940685272 -0.05729709938168526
			vertex -0.19497908651828766 0.2803412973880768 -0.05724288150668144
		endloop
	endfacet
	facet normal 0.0000021916361119284346 0.04348025512633923 0.9990542865176774
		outer loop
			vertex -0.19497908651828766 0.2803412973880768 -0.05724288150668144
			vertex -0.19541577994823456 0.2815870940685272 -0.05729709938168526
			vertex -0.1957327276468277 0.281903475522995 -0.05731086805462837
		endloop
	endfacet
	facet normal -0.000004776700042867887 0.04348575059545051 0.9990540473229331
		outer loop
			vertex -0.2195863574743271 0.2815576493740082 -0.057295817881822586
			vertex -0.21973182260990143 0.2813403308391571 -0.05728635936975479
			vertex -0.21799832582473755 0.2823393940925598 -0.05732983723282814
		endloop
	endfacet
	facet normal 0.0000024582559577466786 0.04347322079429491 0.9990545926363222
		outer loop
			vertex -0.21973182260990143 0.2813403308391571 -0.05728635936975479
			vertex -0.2198476344347 0.2811059355735779 -0.0572761595249176
			vertex -0.21799832582473755 0.2823393940925598 -0.05732983723282814
		endloop
	endfacet
	facet normal 0.000004399283914751248 0.04347031613582167 0.9990547190197834
		outer loop
			vertex -0.21799832582473755 0.2823393940925598 -0.05732983723282814
			vertex -0.2198476344347 0.2811059355735779 -0.0572761595249176
			vertex -0.21993179619312286 0.28085842728614807 -0.05726538971066475
		endloop
	endfacet
	facet normal -0.0000023283393353309284 0.043480453459797966 0.9990542778855958
		outer loop
			vertex -0.19698075950145721 0.25736305117607117 -0.05624288320541382
			vertex -0.19653534889221191 0.2574131488800049 -0.05624506250023842
			vertex -0.19497908651828766 0.2593611478805542 -0.056329838931560516
		endloop
	endfacet
	facet normal -0.0000020424267497845144 0.043480225475197046 0.9990542878084526
		outer loop
			vertex -0.19653534889221191 0.2574131488800049 -0.05624506250023842
			vertex -0.196112260222435 0.2575609087944031 -0.056251492351293564
			vertex -0.19497908651828766 0.2593611478805542 -0.056329838931560516
		endloop
	endfacet
	facet normal -0.0000017548909581301751 0.043480044825865684 0.9990542956710917
		outer loop
			vertex -0.19497908651828766 0.2593611478805542 -0.056329838931560516
			vertex -0.196112260222435 0.2575609087944031 -0.056251492351293564
			vertex -0.1957327276468277 0.257798969745636 -0.056261852383613586
		endloop
	endfacet
	facet normal 0.0000020424267497845144 0.043480225475197046 0.9990542878084526
		outer loop
			vertex -0.196112260222435 0.2821415364742279 -0.057321228086948395
			vertex -0.19653534889221191 0.2822892963886261 -0.05732765793800354
			vertex -0.19497908651828766 0.2803412973880768 -0.05724288150668144
		endloop
	endfacet
	facet normal 0.0000023283393353309284 0.043480453459797966 0.9990542778855958
		outer loop
			vertex -0.19653534889221191 0.2822892963886261 -0.05732765793800354
			vertex -0.19698075950145721 0.2823393940925598 -0.05732983723282814
			vertex -0.19497908651828766 0.2803412973880768 -0.05724288150668144
		endloop
	endfacet
	facet normal 0 0.04347812536258544 0.9990543792081367
		outer loop
			vertex -0.19497908651828766 0.2803412973880768 -0.05724288150668144
			vertex -0.19698075950145721 0.2823393940925598 -0.05732983723282814
			vertex -0.2199999988079071 0.2803412973880768 -0.05724288150668144
		endloop
	endfacet
	facet normal 0 0.04347812536258544 0.9990543792081367
		outer loop
			vertex -0.19698075950145721 0.2823393940925598 -0.05732983723282814
			vertex -0.21799832582473755 0.2823393940925598 -0.05732983723282814
			vertex -0.2199999988079071 0.2803412973880768 -0.05724288150668144
		endloop
	endfacet
	facet normal -0.000004609481736731287 0.043482734364526994 0.9990541786064141
		outer loop
			vertex -0.2199999988079071 0.2803412973880768 -0.05724288150668144
			vertex -0.21799832582473755 0.2823393940925598 -0.05732983723282814
			vertex -0.21998287737369537 0.2806020975112915 -0.057254232466220856
		endloop
	endfacet
	facet normal -0.000008777898706655772 0.04348748703386037 0.9990539717124538
		outer loop
			vertex -0.21799832582473755 0.2823393940925598 -0.05732983723282814
			vertex -0.21993179619312286 0.28085842728614807 -0.05726538971066475
			vertex -0.21998287737369537 0.2806020975112915 -0.057254232466220856
		endloop
	endfacet
	facet normal -0.000015339886924027873 0.04347545403382417 0.9990544953410904
		outer loop
			vertex -0.21994981169700623 0.2589165270328522 -0.056310489773750305
			vertex -0.21980176866054535 0.25849419832229614 -0.056292109191417694
			vertex -0.2199999988079071 0.2593611478805542 -0.056329838931560516
		endloop
	endfacet
	facet normal -0.000004384468848212065 0.043477954286567935 0.9990543866436059
		outer loop
			vertex -0.21980176866054535 0.25849419832229614 -0.056292109191417694
			vertex -0.219563290476799 0.25811535120010376 -0.0562756210565567
			vertex -0.2199999988079071 0.2593611478805542 -0.056329838931560516
		endloop
	endfacet
	facet normal 0.0000021916763648492826 0.04348025516658796 0.9990542865159256
		outer loop
			vertex -0.2199999988079071 0.2593611478805542 -0.056329838931560516
			vertex -0.219563290476799 0.25811535120010376 -0.0562756210565567
			vertex -0.21924634277820587 0.257798969745636 -0.056261852383613586
		endloop
	endfacet
	facet normal -0.0000021916361119284346 0.04348025512633923 0.9990542865176774
		outer loop
			vertex -0.1957327276468277 0.257798969745636 -0.056261852383613586
			vertex -0.19541577994823456 0.25811535120010376 -0.0562756210565567
			vertex -0.19497908651828766 0.2593611478805542 -0.056329838931560516
		endloop
	endfacet
	facet normal 0.000004384899130935442 0.04347795418836863 0.9990543866478776
		outer loop
			vertex -0.19541577994823456 0.25811535120010376 -0.0562756210565567
			vertex -0.19517731666564941 0.25849419832229614 -0.056292109191417694
			vertex -0.19497908651828766 0.2593611478805542 -0.056329838931560516
		endloop
	endfacet
	facet normal 0.000015339886924027873 0.04347545403382417 0.9990544953410904
		outer loop
			vertex -0.19497908651828766 0.2593611478805542 -0.056329838931560516
			vertex -0.19517731666564941 0.25849419832229614 -0.056292109191417694
			vertex -0.19502927362918854 0.2589165270328522 -0.056310489773750305
		endloop
	endfacet
	facet normal -0.29626580468640146 0.09005928481089683 -0.9508500923872641
		outer loop
			vertex -0.20522578060626984 0.24366143345832825 -0.41708165407180786
			vertex -0.20534659922122955 0.264769971370697 -0.41504472494125366
			vertex -0.20318661630153656 0.24162349104881287 -0.41791003942489624
		endloop
	endfacet
	facet normal -0.2962721642274893 0.09005845577708842 -0.9508481893798852
		outer loop
			vertex -0.20318661630153656 0.24162349104881287 -0.41791003942489624
			vertex -0.20534659922122955 0.264769971370697 -0.41504472494125366
			vertex -0.18189623951911926 0.24133360385894775 -0.42457130551338196
		endloop
	endfacet
	facet normal -0.296307983045036 0.09001504330242431 -0.9508411387624356
		outer loop
			vertex -0.18158859014511108 0.26640623807907104 -0.42229241132736206
			vertex -0.18115916848182678 0.26625174283981323 -0.42244085669517517
			vertex -0.18005430698394775 0.26487287878990173 -0.4229156970977783
		endloop
	endfacet
	facet normal -0.2962708756518429 0.09005985447746105 -0.9508484584054333
		outer loop
			vertex -0.20534659922122955 0.264769971370697 -0.41504472494125366
			vertex -0.18005430698394775 0.26487287878990173 -0.4229156970977783
			vertex -0.18189623951911926 0.24133360385894775 -0.42457130551338196
		endloop
	endfacet
	facet normal -0.2962078465797087 0.09005632711515525 -0.9508684291589137
		outer loop
			vertex -0.18005430698394775 0.26487287878990173 -0.4229156970977783
			vertex -0.180000901222229 0.2644248604774475 -0.42297476530075073
			vertex -0.18189623951911926 0.24133360385894775 -0.42457130551338196
		endloop
	endfacet
	facet normal -0.2962624472247979 0.09005961113364919 -0.9508511075908941
		outer loop
			vertex -0.18189623951911926 0.24133360385894775 -0.42457130551338196
			vertex -0.180000901222229 0.2644248604774475 -0.42297476530075073
			vertex -0.17988009750843048 0.24331632256507874 -0.42501169443130493
		endloop
	endfacet
	facet normal -0.2962657445759488 0.09005935005845213 -0.9508501049365814
		outer loop
			vertex -0.20318661630153656 0.24162349104881287 -0.41791003942489624
			vertex -0.20363810658454895 0.24168004095554352 -0.41776400804519653
			vertex -0.20522578060626984 0.24366143345832825 -0.41708165407180786
		endloop
	endfacet
	facet normal -0.29620953875843675 0.09010880420444388 -0.9508629304759753
		outer loop
			vertex -0.20363810658454895 0.24168004095554352 -0.41776400804519653
			vertex -0.20406752824783325 0.24183456599712372 -0.4176155924797058
			vertex -0.20522578060626984 0.24366143345832825 -0.41708165407180786
		endloop
	endfacet
	facet normal -0.29631161004913664 0.0900367888215431 -0.95083794960487
		outer loop
			vertex -0.20522578060626984 0.24366143345832825 -0.41708165407180786
			vertex -0.20406752824783325 0.24183456599712372 -0.4176155924797058
			vertex -0.20445334911346436 0.24207930266857147 -0.4174721837043762
		endloop
	endfacet
	facet normal -0.29626603733975243 0.09006097777915965 -0.9508498595469541
		outer loop
			vertex -0.2047608345746994 0.26618340611457825 -0.4150933623313904
			vertex -0.20456242561340332 0.2663540542125702 -0.41513901948928833
			vertex -0.20534659922122955 0.264769971370697 -0.41504472494125366
		endloop
	endfacet
	facet normal -0.29624174376020956 0.09004843035450882 -0.9508586169586936
		outer loop
			vertex -0.20456242561340332 0.2663540542125702 -0.41513901948928833
			vertex -0.20434272289276123 0.2664971649646759 -0.41519391536712646
			vertex -0.20534659922122955 0.264769971370697 -0.41504472494125366
		endloop
	endfacet
	facet normal -0.29616891958586494 0.09013740084617272 -0.9508728727017287
		outer loop
			vertex -0.18115916848182678 0.26625174283981323 -0.42244085669517517
			vertex -0.18077333271503448 0.2660069763660431 -0.4225842356681824
			vertex -0.18005430698394775 0.26487287878990173 -0.4229156970977783
		endloop
	endfacet
	facet normal -0.29643355414748307 0.08995068641978446 -0.9508080889370373
		outer loop
			vertex -0.18077333271503448 0.2660069763660431 -0.4225842356681824
			vertex -0.1804504543542862 0.2656843066215515 -0.422715425491333
			vertex -0.18005430698394775 0.26487287878990173 -0.4229156970977783
		endloop
	endfacet
	facet normal -0.2962183817163911 0.09006951039483012 -0.9508638985841024
		outer loop
			vertex -0.18005430698394775 0.26487287878990173 -0.4229156970977783
			vertex -0.1804504543542862 0.2656843066215515 -0.422715425491333
			vertex -0.18020670115947723 0.26529982686042786 -0.4228277802467346
		endloop
	endfacet
	facet normal -0.2962909190702181 0.09007858210838948 -0.9508404389390829
		outer loop
			vertex -0.20434272289276123 0.2664971649646759 -0.41519391536712646
			vertex -0.20385484397411346 0.26669132709503174 -0.4153275489807129
			vertex -0.20534659922122955 0.264769971370697 -0.41504472494125366
		endloop
	endfacet
	facet normal -0.29628986190747053 0.09007770053467357 -0.9508408518765051
		outer loop
			vertex -0.20385484397411346 0.26669132709503174 -0.4153275489807129
			vertex -0.20333044230937958 0.266752690076828 -0.415485143661499
			vertex -0.20534659922122955 0.264769971370697 -0.41504472494125366
		endloop
	endfacet
	facet normal -0.296270948308769 0.09005671736126139 -0.9508487328941111
		outer loop
			vertex -0.20534659922122955 0.264769971370697 -0.41504472494125366
			vertex -0.20333044230937958 0.266752690076828 -0.415485143661499
			vertex -0.18005430698394775 0.26487287878990173 -0.4229156970977783
		endloop
	endfacet
	facet normal -0.2962710658436264 0.09005555312654731 -0.9508488065381129
		outer loop
			vertex -0.20333044230937958 0.266752690076828 -0.415485143661499
			vertex -0.18204006552696228 0.2664628028869629 -0.42214637994766235
			vertex -0.18005430698394775 0.26487287878990173 -0.4229156970977783
		endloop
	endfacet
	facet normal -0.2962727925775964 0.0900532420707713 -0.9508484873894555
		outer loop
			vertex -0.18005430698394775 0.26487287878990173 -0.4229156970977783
			vertex -0.18204006552696228 0.2664628028869629 -0.42214637994766235
			vertex -0.18158859014511108 0.26640623807907104 -0.42229241132736206
		endloop
	endfacet
	facet normal -0.2963039594473541 0.09008574476903754 -0.9508356967453571
		outer loop
			vertex -0.1806345283985138 0.24175497889518738 -0.4249245226383209
			vertex -0.18101762235164642 0.2415207028388977 -0.42482733726501465
			vertex -0.17988009750843048 0.24331632256507874 -0.42501169443130493
		endloop
	endfacet
	facet normal -0.2962907085244249 0.09007683974479457 -0.9508406696096275
		outer loop
			vertex -0.18101762235164642 0.2415207028388977 -0.42482733726501465
			vertex -0.18144533038139343 0.24137786030769348 -0.4247075915336609
			vertex -0.17988009750843048 0.24331632256507874 -0.42501169443130493
		endloop
	endfacet
	facet normal -0.2962318911166751 0.09002571240690899 -0.9508638376713392
		outer loop
			vertex -0.17988009750843048 0.24331632256507874 -0.42501169443130493
			vertex -0.18144533038139343 0.24137786030769348 -0.4247075915336609
			vertex -0.18189623951911926 0.24133360385894775 -0.42457130551338196
		endloop
	endfacet
	facet normal -0.29623230631889214 0.0900805821880702 -0.9508585117700995
		outer loop
			vertex -0.20445334911346436 0.24207930266857147 -0.4174721837043762
			vertex -0.20477622747421265 0.24240198731422424 -0.417341023683548
			vertex -0.20522578060626984 0.24366143345832825 -0.41708165407180786
		endloop
	endfacet
	facet normal -0.29641768064491764 0.09000400963151094 -0.9508079915794453
		outer loop
			vertex -0.20477622747421265 0.24240198731422424 -0.417341023683548
			vertex -0.2050199806690216 0.2427864521741867 -0.417228639125824
			vertex -0.20522578060626984 0.24366143345832825 -0.41708165407180786
		endloop
	endfacet
	facet normal -0.29628829293656855 0.09004063423443184 -0.9508448515164792
		outer loop
			vertex -0.20522578060626984 0.24366143345832825 -0.41708165407180786
			vertex -0.2050199806690216 0.2427864521741867 -0.417228639125824
			vertex -0.2051723748445511 0.24321340024471283 -0.4171407222747803
		endloop
	endfacet
	facet normal -0.2963369630615577 0.0900912304352553 -0.9508248916189116
		outer loop
			vertex -0.2047608345746994 0.26618340611457825 -0.4150933623313904
			vertex -0.20534659922122955 0.264769971370697 -0.41504472494125366
			vertex -0.20493458211421967 0.2659880816936493 -0.4150577187538147
		endloop
	endfacet
	facet normal -0.2964366558700114 0.09012531677113819 -0.950790584899486
		outer loop
			vertex -0.20534659922122955 0.264769971370697 -0.41504472494125366
			vertex -0.2053307443857193 0.2650321424007416 -0.4150248169898987
			vertex -0.20493458211421967 0.2659880816936493 -0.4150577187538147
		endloop
	endfacet
	facet normal -0.29626671838014434 0.090052831555347 -0.950850418893069
		outer loop
			vertex -0.20493458211421967 0.2659880816936493 -0.4150577187538147
			vertex -0.2053307443857193 0.2650321424007416 -0.4150248169898987
			vertex -0.20508068799972534 0.26577141880989075 -0.4150327146053314
		endloop
	endfacet
	facet normal -0.29637385077990014 0.09008946227056137 -0.9508135618309693
		outer loop
			vertex -0.2053307443857193 0.2650321424007416 -0.4150248169898987
			vertex -0.20528048276901245 0.2652893364429474 -0.4150161147117615
			vertex -0.20508068799972534 0.26577141880989075 -0.4150327146053314
		endloop
	endfacet
	facet normal -0.2962220178916572 0.09002469606327926 -0.9508670097415879
		outer loop
			vertex -0.20508068799972534 0.26577141880989075 -0.4150327146053314
			vertex -0.20528048276901245 0.2652893364429474 -0.4150161147117615
			vertex -0.20519664883613586 0.26553717255592346 -0.415018767118454
		endloop
	endfacet
	facet normal -0.2962968880557777 0.09008218606635 -0.9508382374946696
		outer loop
			vertex -0.1806345283985138 0.24175497889518738 -0.4249245226383209
			vertex -0.17988009750843048 0.24331632256507874 -0.42501169443130493
			vertex -0.1803152859210968 0.24206893146038055 -0.42499426007270813
		endloop
	endfacet
	facet normal -0.2962859349282359 0.09007831191784926 -0.9508420176273932
		outer loop
			vertex -0.17988009750843048 0.24331632256507874 -0.42501169443130493
			vertex -0.17992837727069855 0.24286967515945435 -0.4250389635562897
			vertex -0.1803152859210968 0.24206893146038055 -0.42499426007270813
		endloop
	endfacet
	facet normal -0.2963932700639751 0.09013232817771617 -0.9508034459750595
		outer loop
			vertex -0.1803152859210968 0.24206893146038055 -0.42499426007270813
			vertex -0.17992837727069855 0.24286967515945435 -0.4250389635562897
			vertex -0.18007589876651764 0.24244681000709534 -0.4250330626964569
		endloop
	endfacet
	facet normal -0.059240631026525256 0.002379439977136064 -0.9982408957265648
		outer loop
			vertex -0.21039237082004547 0.0005000000237487257 -0.02298165112733841
			vertex -0.21064338088035583 0.004999999888241291 -0.02295602858066559
			vertex -0.20975632965564728 0.004999999888241291 -0.023008670657873154
		endloop
	endfacet
	facet normal -0.21068157598584228 -0.000987954286431278 -0.9775542427335937
		outer loop
			vertex -0.21151703596115112 0.0005000000237487257 -0.02279449626803398
			vertex -0.21151797473430634 0.004999999888241291 -0.022798841819167137
			vertex -0.21102383732795715 0.0005000000237487257 -0.022900789976119995
		endloop
	endfacet
	facet normal -0.17689050795701824 0.0028737433426649457 -0.9842263407336285
		outer loop
			vertex -0.21151797473430634 0.004999999888241291 -0.022798841819167137
			vertex -0.21064338088035583 0.004999999888241291 -0.02295602858066559
			vertex -0.21102383732795715 0.0005000000237487257 -0.022900789976119995
		endloop
	endfacet
	facet normal -0.12701114442931066 -0.0014375504323752405 -0.9919002483312075
		outer loop
			vertex -0.21102383732795715 0.0005000000237487257 -0.022900789976119995
			vertex -0.21064338088035583 0.004999999888241291 -0.02295602858066559
			vertex -0.21064254641532898 0.0005000000237487257 -0.022949613630771637
		endloop
	endfacet
	facet normal -0.12702259698814314 -0.0014375504654703512 -0.9918987817832257
		outer loop
			vertex -0.21064338088035583 0.004999999888241291 -0.02295602858066559
			vertex -0.21039237082004547 0.0005000000237487257 -0.02298165112733841
			vertex -0.21064254641532898 0.0005000000237487257 -0.022949613630771637
		endloop
	endfacet
	facet normal -0.2106979957546983 -0.0009879542944070782 -0.9775507038160556
		outer loop
			vertex -0.21151703596115112 0.0005000000237487257 -0.02279449626803398
			vertex -0.2116461545228958 0.0005000000237487257 -0.02276666648685932
			vertex -0.21151797473430634 0.004999999888241291 -0.022798841819167137
		endloop
	endfacet
	facet normal -0.29282143658592535 0.0015041850054847157 -0.9561659603349327
		outer loop
			vertex -0.2116461545228958 0.0005000000237487257 -0.02276666648685932
			vertex -0.2122548669576645 0.0005000000237487257 -0.022580251097679138
			vertex -0.21151797473430634 0.004999999888241291 -0.022798841819167137
		endloop
	endfacet
	facet normal -0.29205913389502464 0.0013680211441108705 -0.9563992842043731
		outer loop
			vertex -0.21151797473430634 0.004999999888241291 -0.022798841819167137
			vertex -0.2122548669576645 0.0005000000237487257 -0.022580251097679138
			vertex -0.21236783266067505 0.004999999888241291 -0.02253931760787964
		endloop
	endfacet
	facet normal -0.372826134694385 -0.0009187444539316526 -0.9279007647359026
		outer loop
			vertex -0.2122548669576645 0.0005000000237487257 -0.022580251097679138
			vertex -0.21236629784107208 0.0005000000237487257 -0.022535478696227074
			vertex -0.21236783266067505 0.004999999888241291 -0.02253931760787964
		endloop
	endfacet
	facet normal -0.3728641886801987 -0.0009187443885773313 -0.9278854739183096
		outer loop
			vertex -0.21236629784107208 0.0005000000237487257 -0.022535478696227074
			vertex -0.212845578789711 0.0005000000237487257 -0.022342883050441742
			vertex -0.21236783266067505 0.004999999888241291 -0.02253931760787964
		endloop
	endfacet
	facet normal -0.40311718036801053 0.0028492842511516677 -0.9151439342919786
		outer loop
			vertex -0.21236783266067505 0.004999999888241291 -0.02253931760787964
			vertex -0.212845578789711 0.0005000000237487257 -0.022342883050441742
			vertex -0.2131810486316681 0.004999999888241291 -0.02218109928071499
		endloop
	endfacet
	facet normal -0.45020383701530886 -0.0014597998678650154 -0.892924618386703
		outer loop
			vertex -0.212845578789711 0.0005000000237487257 -0.022342883050441742
			vertex -0.21317808330059052 0.0005000000237487257 -0.02217523753643036
			vertex -0.2131810486316681 0.004999999888241291 -0.02218109928071499
		endloop
	endfacet
	facet normal -0.45018240280524324 -0.0014597998203034403 -0.8929354249826705
		outer loop
			vertex -0.21317808330059052 0.0005000000237487257 -0.02217523753643036
			vertex -0.2134140431880951 0.0005000000237487257 -0.022056275978684425
			vertex -0.2131810486316681 0.004999999888241291 -0.02218109928071499
		endloop
	endfacet
	facet normal -0.5085315946523018 0.002446056804415379 -0.861039856247373
		outer loop
			vertex -0.2131810486316681 0.004999999888241291 -0.02218109928071499
			vertex -0.2134140431880951 0.0005000000237487257 -0.022056275978684425
			vertex -0.2139461785554886 0.004999999888241291 -0.021729212254285812
		endloop
	endfacet
	facet normal -0.5243128731972573 -0.00011161338905798498 -0.8515256887153131
		outer loop
			vertex -0.2134140431880951 0.0005000000237487257 -0.022056275978684425
			vertex -0.2139459103345871 0.0005000000237487257 -0.021728787571191788
			vertex -0.2139461785554886 0.004999999888241291 -0.021729212254285812
		endloop
	endfacet
	facet normal -0.6067998466281087 -0.0001111817231396058 -0.7948546620425198
		outer loop
			vertex -0.2139461785554886 0.004999999888241291 -0.021729212254285812
			vertex -0.2139459103345871 0.0005000000237487257 -0.021728787571191788
			vertex -0.21465249359607697 0.004999999888241291 -0.02119000442326069
		endloop
	endfacet
	facet normal -0.5243082848960587 0.01960004698561134 -0.8513029193815297
		outer loop
			vertex -0.2139459103345871 0.0005000000237487257 -0.021728787571191788
			vertex -0.21395613253116608 0.0005000000237487257 -0.021722491830587387
			vertex -0.21465249359607697 0.004999999888241291 -0.02119000442326069
		endloop
	endfacet
	facet normal -0.5946281950983288 0.003120258297963769 -0.8039947596733812
		outer loop
			vertex -0.21465249359607697 0.004999999888241291 -0.02119000442326069
			vertex -0.21395613253116608 0.0005000000237487257 -0.021722491830587387
			vertex -0.21446797251701355 0.0005000000237487257 -0.021343939006328583
		endloop
	endfacet
	facet normal -0.7219556097275404 -0.0010509668001727648 -0.6919385760685123
		outer loop
			vertex -0.21528665721416473 0.0005000000237487257 -0.020567767322063446
			vertex -0.21529006958007812 0.004999999888241291 -0.020571041852235794
			vertex -0.21494586765766144 0.0005000000237487257 -0.020923340693116188
		endloop
	endfacet
	facet normal -0.696552900953083 0.0028932072377323365 -0.7174996066380276
		outer loop
			vertex -0.21529006958007812 0.004999999888241291 -0.020571041852235794
			vertex -0.21465249359607697 0.004999999888241291 -0.02119000442326069
			vertex -0.21494586765766144 0.0005000000237487257 -0.020923340693116188
		endloop
	endfacet
	facet normal -0.6606674860841218 -0.001412381710889161 -0.7506773461409301
		outer loop
			vertex -0.21494586765766144 0.0005000000237487257 -0.020923340693116188
			vertex -0.21465249359607697 0.004999999888241291 -0.02119000442326069
			vertex -0.2146482914686203 0.0005000000237487257 -0.021185236051678658
		endloop
	endfacet
	facet normal -0.660679499931569 -0.0014123817254100735 -0.750666772641519
		outer loop
			vertex -0.21465249359607697 0.004999999888241291 -0.02119000442326069
			vertex -0.21446797251701355 0.0005000000237487257 -0.021343939006328583
			vertex -0.2146482914686203 0.0005000000237487257 -0.021185236051678658
		endloop
	endfacet
	facet normal -0.7219797347758324 -0.0010509667769264008 -0.6919134035714677
		outer loop
			vertex -0.21528665721416473 0.0005000000237487257 -0.020567767322063446
			vertex -0.21538636088371277 0.0005000000237487257 -0.0204637311398983
			vertex -0.21529006958007812 0.004999999888241291 -0.020571041852235794
		endloop
	endfacet
	facet normal -0.7780269465865916 0.001667013456772026 -0.6282286935911797
		outer loop
			vertex -0.21538636088371277 0.0005000000237487257 -0.0204637311398983
			vertex -0.21578630805015564 0.0005000000237487257 -0.019968418404459953
			vertex -0.21529006958007812 0.004999999888241291 -0.020571041852235794
		endloop
	endfacet
	facet normal -0.7765181293381387 0.001250877820073349 -0.6300936677303438
		outer loop
			vertex -0.21529006958007812 0.004999999888241291 -0.020571041852235794
			vertex -0.21578630805015564 0.0005000000237487257 -0.019968418404459953
			vertex -0.21584998071193695 0.004999999888241291 -0.01988101564347744
		endloop
	endfacet
	facet normal -0.8285171361759092 -0.0008470162904673852 -0.5599630680913465
		outer loop
			vertex -0.21578630805015564 0.0005000000237487257 -0.019968418404459953
			vertex -0.21584682166576385 0.0005000000237487257 -0.01987888291478157
			vertex -0.21584998071193695 0.004999999888241291 -0.01988101564347744
		endloop
	endfacet
	facet normal -0.8285156728002487 -0.0008470162893338379 -0.5599652332848504
		outer loop
			vertex -0.21584682166576385 0.0005000000237487257 -0.01987888291478157
			vertex -0.21614278852939606 0.0005000000237487257 -0.019440975040197372
			vertex -0.21584998071193695 0.004999999888241291 -0.01988101564347744
		endloop
	endfacet
	facet normal -0.8455909195615213 0.002820312310586995 -0.5338239809090367
		outer loop
			vertex -0.21584998071193695 0.004999999888241291 -0.01988101564347744
			vertex -0.21614278852939606 0.0005000000237487257 -0.019440975040197372
			vertex -0.2163243442773819 0.004999999888241291 -0.019129611551761627
		endloop
	endfacet
	facet normal -0.9112269640258439 -0.00021804217235905888 -0.41190456721169566
		outer loop
			vertex -0.21670560538768768 0.0005000000237487257 -0.018326973542571068
			vertex -0.21670649945735931 0.004999999888241291 -0.01832737773656845
			vertex -0.21645326912403107 0.0005000000237487257 -0.01888519898056984
		endloop
	endfacet
	facet normal -0.9027969197885681 0.0025068737100389857 -0.43005980654378245
		outer loop
			vertex -0.21670649945735931 0.004999999888241291 -0.01832737773656845
			vertex -0.2163243442773819 0.004999999888241291 -0.019129611551761627
			vertex -0.21645326912403107 0.0005000000237487257 -0.01888519898056984
		endloop
	endfacet
	facet normal -0.8730242658677584 -0.0014753929313292265 -0.4876745373932903
		outer loop
			vertex -0.21645326912403107 0.0005000000237487257 -0.01888519898056984
			vertex -0.2163243442773819 0.004999999888241291 -0.019129611551761627
			vertex -0.2163185477256775 0.0005000000237487257 -0.019126374274492264
		endloop
	endfacet
	facet normal -0.8729982000577865 -0.001475392921988168 -0.4877211969061737
		outer loop
			vertex -0.2163243442773819 0.004999999888241291 -0.019129611551761627
			vertex -0.21614278852939606 0.0005000000237487257 -0.019440975040197372
			vertex -0.2163185477256775 0.0005000000237487257 -0.019126374274492264
		endloop
	endfacet
	facet normal -0.9111696153716725 -0.0002180421715174447 -0.4120314120076891
		outer loop
			vertex -0.21670560538768768 0.0005000000237487257 -0.018326973542571068
			vertex -0.2167154997587204 0.0005000000237487257 -0.018305093050003052
			vertex -0.21670649945735931 0.004999999888241291 -0.01832737773656845
		endloop
	endfacet
	facet normal -0.9428820095740849 0.00023613246576536327 -0.33312679307283916
		outer loop
			vertex -0.2167154997587204 0.0005000000237487257 -0.018305093050003052
			vertex -0.21692757308483124 0.0005000000237487257 -0.017704840749502182
			vertex -0.21670649945735931 0.004999999888241291 -0.01832737773656845
		endloop
	endfacet
	facet normal -0.9473232335827249 0.0022327674534353887 -0.32027130040618595
		outer loop
			vertex -0.21670649945735931 0.004999999888241291 -0.01832737773656845
			vertex -0.21692757308483124 0.0005000000237487257 -0.017704840749502182
			vertex -0.2169910967350006 0.004999999888241291 -0.017485573887825012
		endloop
	endfacet
	facet normal -0.9856131965011286 -0.0011120553322663972 -0.1690129883049403
		outer loop
			vertex -0.21716919541358948 0.0005000000237487257 -0.01661517471075058
			vertex -0.21717412769794464 0.004999999888241291 -0.01661602035164833
			vertex -0.217087984085083 0.0005000000237487257 -0.017088765278458595
		endloop
	endfacet
	facet normal -0.9785531250895732 0.0029060260294051653 -0.2059741158256222
		outer loop
			vertex -0.21717412769794464 0.004999999888241291 -0.01661602035164833
			vertex -0.2169910967350006 0.004999999888241291 -0.017485573887825012
			vertex -0.217087984085083 0.0005000000237487257 -0.017088765278458595
		endloop
	endfacet
	facet normal -0.9677353811735567 -0.0013823407187448509 -0.2519649204929294
		outer loop
			vertex -0.217087984085083 0.0005000000237487257 -0.017088765278458595
			vertex -0.2169910967350006 0.004999999888241291 -0.017485573887825012
			vertex -0.2169850766658783 0.0005000000237487257 -0.01748400740325451
		endloop
	endfacet
	facet normal -0.9677287632059878 -0.001382340712993704 -0.2519903371122838
		outer loop
			vertex -0.2169910967350006 0.004999999888241291 -0.017485573887825012
			vertex -0.21692757308483124 0.0005000000237487257 -0.017704840749502182
			vertex -0.2169850766658783 0.0005000000237487257 -0.01748400740325451
		endloop
	endfacet
	facet normal -0.9856088126713546 -0.001112055331054995 -0.16903855098025336
		outer loop
			vertex -0.21716919541358948 0.0005000000237487257 -0.01661517471075058
			vertex -0.21719558537006378 0.0005000000237487257 -0.01646130345761776
			vertex -0.21717412769794464 0.004999999888241291 -0.01661602035164833
		endloop
	endfacet
	facet normal -0.9963960761842668 0.0018355416213429476 -0.08480265415394155
		outer loop
			vertex -0.21719558537006378 0.0005000000237487257 -0.01646130345761776
			vertex -0.2172495722770691 0.0005000000237487257 -0.015826979652047157
			vertex -0.21717412769794464 0.004999999888241291 -0.01661602035164833
		endloop
	endfacet
	facet normal -0.9960495426151119 0.001130218571886477 -0.0887920675635303
		outer loop
			vertex -0.21717412769794464 0.004999999888241291 -0.01661602035164833
			vertex -0.2172495722770691 0.0005000000237487257 -0.015826979652047157
			vertex -0.21725302934646606 0.004999999888241291 -0.01573091931641102
		endloop
	endfacet
	facet normal -0.9999997049055742 -0.0007682374402028072 0
		outer loop
			vertex -0.2172495722770691 0.0005000000237487257 -0.015826979652047157
			vertex -0.2172495722770691 0.0005000000237487257 -0.01573091931641102
			vertex -0.21725302934646606 0.004999999888241291 -0.01573091931641102
		endloop
	endfacet
	facet normal -0.9999997049055742 -0.0007682374402028072 0
		outer loop
			vertex -0.2172495722770691 0.0005000000237487257 -0.01573091931641102
			vertex -0.2172495722770691 0.0005000000237487257 -0.015190361067652702
			vertex -0.21725302934646606 0.004999999888241291 -0.01573091931641102
		endloop
	endfacet
	facet normal -0.9995570111058146 0.0027914844595155223 0.02963088192617264
		outer loop
			vertex -0.21725302934646606 0.004999999888241291 -0.01573091931641102
			vertex -0.2172495722770691 0.0005000000237487257 -0.015190361067652702
			vertex -0.21722669899463654 0.004999999888241291 -0.014842701144516468
		endloop
	endfacet
	facet normal -0.9856145597822835 -0.0003192189619058953 0.16900839518920388
		outer loop
			vertex -0.2170940786600113 0.0005000000237487257 -0.013964074663817883
			vertex -0.2170954942703247 0.004999999888241291 -0.013963830657303333
			vertex -0.21719558537006378 0.0005000000237487257 -0.014556036330759525
		endloop
	endfacet
	facet normal -0.9890361734058513 0.0025675295908816555 0.14765112761679416
		outer loop
			vertex -0.2170954942703247 0.004999999888241291 -0.013963830657303333
			vertex -0.21722669899463654 0.004999999888241291 -0.014842701144516468
			vertex -0.21719558537006378 0.0005000000237487257 -0.014556036330759525
		endloop
	endfacet
	facet normal -0.9963990863453679 -0.0014888538780744266 0.08477407648713241
		outer loop
			vertex -0.21719558537006378 0.0005000000237487257 -0.014556036330759525
			vertex -0.21722669899463654 0.004999999888241291 -0.014842701144516468
			vertex -0.2172200232744217 0.0005000000237487257 -0.014843269251286983
		endloop
	endfacet
	facet normal -0.9963946531233879 -0.0014888538775855908 0.08482616660709617
		outer loop
			vertex -0.21722669899463654 0.004999999888241291 -0.014842701144516468
			vertex -0.2172495722770691 0.0005000000237487257 -0.015190361067652702
			vertex -0.2172200232744217 0.0005000000237487257 -0.014843269251286983
		endloop
	endfacet
	facet normal -0.9855805907422672 -0.0003192190111005225 0.16920637473613864
		outer loop
			vertex -0.2170940786600113 0.0005000000237487257 -0.013964074663817883
			vertex -0.217087984085083 0.0005000000237487257 -0.013928575441241264
			vertex -0.2170954942703247 0.004999999888241291 -0.013963830657303333
		endloop
	endfacet
	facet normal -0.9677339641416273 0.0003590073251851081 0.2519738989666835
		outer loop
			vertex -0.217087984085083 0.0005000000237487257 -0.013928575441241264
			vertex -0.21692757308483124 0.0005000000237487257 -0.013312499038875103
			vertex -0.2170954942703247 0.004999999888241291 -0.013963830657303333
		endloop
	endfacet
	facet normal -0.9646361167758489 0.0021539573731230287 0.26357640766814755
		outer loop
			vertex -0.2170954942703247 0.004999999888241291 -0.013963830657303333
			vertex -0.21692757308483124 0.0005000000237487257 -0.013312499038875103
			vertex -0.2168612778186798 0.004999999888241291 -0.01310664601624012
		endloop
	endfacet
	facet normal -0.9112172180486244 -0.0011697212587678978 0.41192452377092414
		outer loop
			vertex -0.21652251482009888 0.0005000000237487257 -0.012285345233976841
			vertex -0.2165273129940033 0.004999999888241291 -0.012283180840313435
			vertex -0.2167154997587204 0.0005000000237487257 -0.012712246738374233
		endloop
	endfacet
	facet normal -0.9266853185079985 0.0029189865752020554 0.375826821793101
		outer loop
			vertex -0.2165273129940033 0.004999999888241291 -0.012283180840313435
			vertex -0.2168612778186798 0.004999999888241291 -0.01310664601624012
			vertex -0.2167154997587204 0.0005000000237487257 -0.012712246738374233
		endloop
	endfacet
	facet normal -0.9428824460510472 -0.0013484751062701674 0.3331229120665254
		outer loop
			vertex -0.2167154997587204 0.0005000000237487257 -0.012712246738374233
			vertex -0.2168612778186798 0.004999999888241291 -0.01310664601624012
			vertex -0.21685555577278137 0.0005000000237487257 -0.013108666054904461
		endloop
	endfacet
	facet normal -0.9428787135989644 -0.0013484751024866474 0.333133476337729
		outer loop
			vertex -0.2168612778186798 0.004999999888241291 -0.01310664601624012
			vertex -0.21692757308483124 0.0005000000237487257 -0.013312499038875103
			vertex -0.21685555577278137 0.0005000000237487257 -0.013108666054904461
		endloop
	endfacet
	facet normal -0.9112427123327067 -0.0011697213150210532 0.4118681232780434
		outer loop
			vertex -0.21652251482009888 0.0005000000237487257 -0.012285345233976841
			vertex -0.21645326912403107 0.0005000000237487257 -0.01213214173913002
			vertex -0.2165273129940033 0.004999999888241291 -0.012283180840313435
		endloop
	endfacet
	facet normal -0.8730087072922716 0.0020046449639664317 0.4877005007076016
		outer loop
			vertex -0.21645326912403107 0.0005000000237487257 -0.01213214173913002
			vertex -0.21614278852939606 0.0005000000237487257 -0.011576365679502487
			vertex -0.2165273129940033 0.004999999888241291 -0.012283180840313435
		endloop
	endfacet
	facet normal -0.8757317744908747 0.0010017518897219666 0.48279690931096025
		outer loop
			vertex -0.2165273129940033 0.004999999888241291 -0.012283180840313435
			vertex -0.21614278852939606 0.0005000000237487257 -0.011576365679502487
			vertex -0.21609829366207123 0.004999999888241291 -0.011504994705319405
		endloop
	endfacet
	facet normal -0.8285525097660749 -0.0006877901438439392 0.5599109442626182
		outer loop
			vertex -0.21614278852939606 0.0005000000237487257 -0.011576365679502487
			vertex -0.2160957306623459 0.0005000000237487257 -0.011506729759275913
			vertex -0.21609829366207123 0.004999999888241291 -0.011504994705319405
		endloop
	endfacet
	facet normal -0.8285110009366554 -0.0006877901836602205 0.5599723638462927
		outer loop
			vertex -0.2160957306623459 0.0005000000237487257 -0.011506729759275913
			vertex -0.21578630805015564 0.0005000000237487257 -0.011048921383917332
			vertex -0.21609829366207123 0.004999999888241291 -0.011504994705319405
		endloop
	endfacet
	facet normal -0.8124850067850965 0.002754661538360787 0.5829755788960895
		outer loop
			vertex -0.21609829366207123 0.004999999888241291 -0.011504994705319405
			vertex -0.21578630805015564 0.0005000000237487257 -0.011048921383917332
			vertex -0.21558025479316711 0.004999999888241291 -0.010783011093735695
		endloop
	endfacet
	facet normal -0.721962485370937 -0.0004181792080050695 0.691932073865036
		outer loop
			vertex -0.21497909724712372 0.0005000000237487257 -0.010128670372068882
			vertex -0.21498045325279236 0.004999999888241291 -0.010127365589141846
			vertex -0.21538636088371277 0.0005000000237487257 -0.01055360957980156
		endloop
	endfacet
	facet normal -0.7378277370039314 0.0026182318168058486 0.6749839815653486
		outer loop
			vertex -0.21498045325279236 0.004999999888241291 -0.010127365589141846
			vertex -0.21558025479316711 0.004999999888241291 -0.010783011093735695
			vertex -0.21538636088371277 0.0005000000237487257 -0.01055360957980156
		endloop
	endfacet
	facet normal -0.7780302106107171 -0.0014976745507555974 0.6282250777770522
		outer loop
			vertex -0.21538636088371277 0.0005000000237487257 -0.01055360957980156
			vertex -0.21558025479316711 0.004999999888241291 -0.010783011093735695
			vertex -0.21557500958442688 0.0005000000237487257 -0.010787243023514748
		endloop
	endfacet
	facet normal -0.7780233341337336 -0.001497674544335686 0.6282335939078618
		outer loop
			vertex -0.21558025479316711 0.004999999888241291 -0.010783011093735695
			vertex -0.21578630805015564 0.0005000000237487257 -0.011048921383917332
			vertex -0.21557500958442688 0.0005000000237487257 -0.010787243023514748
		endloop
	endfacet
	facet normal -0.7219574637002811 -0.00041817921402661335 0.6919373134421949
		outer loop
			vertex -0.21497909724712372 0.0005000000237487257 -0.010128670372068882
			vertex -0.21494586765766144 0.0005000000237487257 -0.010093999095261097
			vertex -0.21498045325279236 0.004999999888241291 -0.010127365589141846
		endloop
	endfacet
	facet normal -0.6606717750032552 0.0004883683784809374 0.7506747412897113
		outer loop
			vertex -0.21494586765766144 0.0005000000237487257 -0.010093999095261097
			vertex -0.21446797251701355 0.0005000000237487257 -0.009673401713371277
			vertex -0.21498045325279236 0.004999999888241291 -0.010127365589141846
		endloop
	endfacet
	facet normal -0.6528216545912249 0.0020718028961872973 0.7575088084831323
		outer loop
			vertex -0.21498045325279236 0.004999999888241291 -0.010127365589141846
			vertex -0.21446797251701355 0.0005000000237487257 -0.009673401713371277
			vertex -0.21430732309818268 0.004999999888241291 -0.009547261521220207
		endloop
	endfacet
	facet normal -0.5243131911317479 -0.0012188891819087482 0.851524627896578
		outer loop
			vertex -0.21356743574142456 0.0005000000237487257 -0.009055513888597488
			vertex -0.21357031166553497 0.004999999888241291 -0.009050843305885792
			vertex -0.21395613253116608 0.0005000000237487257 -0.009294847957789898
		endloop
	endfacet
	facet normal -0.5586472114495429 0.002924497077078832 0.8294002293564284
		outer loop
			vertex -0.21357031166553497 0.004999999888241291 -0.009050843305885792
			vertex -0.21430732309818268 0.004999999888241291 -0.009547261521220207
			vertex -0.21395613253116608 0.0005000000237487257 -0.009294847957789898
		endloop
	endfacet
	facet normal -0.5946313463621845 -0.0013086814287235006 0.803997418700094
		outer loop
			vertex -0.21395613253116608 0.0005000000237487257 -0.009294847957789898
			vertex -0.21430732309818268 0.004999999888241291 -0.009547261521220207
			vertex -0.21430382132530212 0.0005000000237487257 -0.009551996365189552
		endloop
	endfacet
	facet normal -0.5946319071998565 -0.0013086814287122867 0.8039970039078377
		outer loop
			vertex -0.21430732309818268 0.004999999888241291 -0.009547261521220207
			vertex -0.21446797251701355 0.0005000000237487257 -0.009673401713371277
			vertex -0.21430382132530212 0.0005000000237487257 -0.009551996365189552
		endloop
	endfacet
	facet normal -0.5243133618632485 -0.0012188891819119355 0.8515245227712592
		outer loop
			vertex -0.21356743574142456 0.0005000000237487257 -0.009055513888597488
			vertex -0.2134140431880951 0.0005000000237487257 -0.008961064741015434
			vertex -0.21357031166553497 0.004999999888241291 -0.009050843305885792
		endloop
	endfacet
	facet normal -0.45019551551340464 0.002180970664326354 0.8929273437288061
		outer loop
			vertex -0.2134140431880951 0.0005000000237487257 -0.008961064741015434
			vertex -0.212845578789711 0.0005000000237487257 -0.008674456737935543
			vertex -0.21357031166553497 0.004999999888241291 -0.009050843305885792
		endloop
	endfacet
	facet normal -0.4566252483598599 0.0008720576854507067 0.8896587110098398
		outer loop
			vertex -0.21357031166553497 0.004999999888241291 -0.009050843305885792
			vertex -0.212845578789711 0.0005000000237487257 -0.008674456737935543
			vertex -0.21277974545955658 0.004999999888241291 -0.008645078167319298
		endloop
	endfacet
	facet normal -0.3728567551656878 -0.0006030316665761176 0.9278887198797728
		outer loop
			vertex -0.212845578789711 0.0005000000237487257 -0.008674456737935543
			vertex -0.2127787321805954 0.0005000000237487257 -0.008647595532238483
			vertex -0.21277974545955658 0.004999999888241291 -0.008645078167319298
		endloop
	endfacet
	facet normal -0.37285572368641223 -0.0006030316661820754 0.9278891343620161
		outer loop
			vertex -0.2127787321805954 0.0005000000237487257 -0.008647595532238483
			vertex -0.2122548669576645 0.0005000000237487257 -0.008437089622020721
			vertex -0.21277974545955658 0.004999999888241291 -0.008645078167319298
		endloop
	endfacet
	facet normal -0.3482039845330839 0.0027126152169136644 0.9374148638004249
		outer loop
			vertex -0.21277974545955658 0.004999999888241291 -0.008645078167319298
			vertex -0.2122548669576645 0.0005000000237487257 -0.008437089622020721
			vertex -0.2119467556476593 0.004999999888241291 -0.008335663005709648
		endloop
	endfacet
	facet normal -0.2106829818249145 -0.0005127368278460182 0.9775543045121883
		outer loop
			vertex -0.21108251810073853 0.0005000000237487257 -0.008129198104143143
			vertex -0.21108299493789673 0.004999999888241291 -0.008126940578222275
			vertex -0.2116461545228958 0.0005000000237487257 -0.008250673301517963
		endloop
	endfacet
	facet normal -0.23488263335669146 0.0026679367610248734 0.9720200772930904
		outer loop
			vertex -0.21108299493789673 0.004999999888241291 -0.008126940578222275
			vertex -0.2119467556476593 0.004999999888241291 -0.008335663005709648
			vertex -0.2116461545228958 0.0005000000237487257 -0.008250673301517963
		endloop
	endfacet
	facet normal -0.29281454483953223 -0.0015013199656777657 0.9561680753762793
		outer loop
			vertex -0.2116461545228958 0.0005000000237487257 -0.008250673301517963
			vertex -0.2119467556476593 0.004999999888241291 -0.008335663005709648
			vertex -0.21194477379322052 0.0005000000237487257 -0.008342121727764606
		endloop
	endfacet
	facet normal -0.2928307012196249 -0.0015013199796501246 0.9561631275371067
		outer loop
			vertex -0.2119467556476593 0.004999999888241291 -0.008335663005709648
			vertex -0.2122548669576645 0.0005000000237487257 -0.008437089622020721
			vertex -0.21194477379322052 0.0005000000237487257 -0.008342121727764606
		endloop
	endfacet
	facet normal -0.21069017281213112 -0.0005127368123220845 0.9775527546794371
		outer loop
			vertex -0.21108251810073853 0.0005000000237487257 -0.008129198104143143
			vertex -0.21102383732795715 0.0005000000237487257 -0.008116550743579865
			vertex -0.21108299493789673 0.004999999888241291 -0.008126940578222275
		endloop
	endfacet
	facet normal -0.12701722784245867 0.0006203654977179649 0.991900317057045
		outer loop
			vertex -0.21102383732795715 0.0005000000237487257 -0.008116550743579865
			vertex -0.21039237082004547 0.0005000000237487257 -0.008035688661038876
			vertex -0.21108299493789673 0.004999999888241291 -0.008126940578222275
		endloop
	endfacet
	facet normal -0.11827210305878369 0.001984376186316275 0.9929792404120057
		outer loop
			vertex -0.21108299493789673 0.004999999888241291 -0.008126940578222275
			vertex -0.21039237082004547 0.0005000000237487257 -0.008035688661038876
			vertex -0.21020062267780304 0.004999999888241291 -0.008021842688322067
		endloop
	endfacet
	facet normal -0.042436865201305865 -0.0012658441293919506 0.9990983485676105
		outer loop
			vertex -0.21039237082004547 0.0005000000237487257 -0.008035688661038876
			vertex -0.21020038425922394 0.0005000000237487257 -0.008027534000575542
			vertex -0.21020062267780304 0.004999999888241291 -0.008021842688322067
		endloop
	endfacet
	facet normal -0.029635464684085656 -0.001265749718258446 0.999559971742871
		outer loop
			vertex -0.21020062267780304 0.004999999888241291 -0.008021842688322067
			vertex -0.21020038425922394 0.0005000000237487257 -0.008027534000575542
			vertex -0.20975632965564728 0.004999999888241291 -0.008008670061826706
		endloop
	endfacet
	facet normal -0.042442844271039844 0 0.9990988964913255
		outer loop
			vertex -0.21020038425922394 0.0005000000237487257 -0.008027534000575542
			vertex -0.20975632965564728 0.0005000000237487257 -0.008008670061826706
			vertex -0.20975632965564728 0.004999999888241291 -0.008008670061826706
		endloop
	endfacet
	facet normal 0.029634495384325932 0 0.9995608018941701
		outer loop
			vertex -0.20975632965564728 0.004999999888241291 -0.008008670061826706
			vertex -0.20975632965564728 0.0005000000237487257 -0.008008670061826706
			vertex -0.20931202173233032 0.004999999888241291 -0.008021842688322067
		endloop
	endfacet
	facet normal 0.042441388624485266 -0.0012658441260408597 0.9990981564242195
		outer loop
			vertex -0.20975632965564728 0.0005000000237487257 -0.008008670061826706
			vertex -0.20931226015090942 0.0005000000237487257 -0.008027534000575542
			vertex -0.20931202173233032 0.004999999888241291 -0.008021842688322067
		endloop
	endfacet
	facet normal 0.042436865201305865 -0.0012658441293919506 0.9990983485676105
		outer loop
			vertex -0.20931226015090942 0.0005000000237487257 -0.008027534000575542
			vertex -0.2091202735900879 0.0005000000237487257 -0.008035688661038876
			vertex -0.20931202173233032 0.004999999888241291 -0.008021842688322067
		endloop
	endfacet
	facet normal 0.12701984744884234 0.0023604524922307885 0.9918973669781088
		outer loop
			vertex -0.2091202735900879 0.0005000000237487257 -0.008035688661038876
			vertex -0.2084888219833374 0.0005000000237487257 -0.008116550743579865
			vertex -0.20931202173233032 0.004999999888241291 -0.008021842688322067
		endloop
	endfacet
	facet normal 0.11827230376389196 0.0007374307802895853 0.9929809254755229
		outer loop
			vertex -0.20931202173233032 0.004999999888241291 -0.008021842688322067
			vertex -0.2084888219833374 0.0005000000237487257 -0.008116550743579865
			vertex -0.20842964947223663 0.004999999888241291 -0.008126940578222275
		endloop
	endfacet
	facet normal 0.21069017273671117 -0.0005134344850986419 0.9775527543295065
		outer loop
			vertex -0.2084888219833374 0.0005000000237487257 -0.008116550743579865
			vertex -0.20843014121055603 0.0005000000237487257 -0.008129198104143143
			vertex -0.20842964947223663 0.004999999888241291 -0.008126940578222275
		endloop
	endfacet
	facet normal 0.21067765917558332 -0.000513434470658076 0.9775554512708428
		outer loop
			vertex -0.20843014121055603 0.0005000000237487257 -0.008129198104143143
			vertex -0.20786648988723755 0.0005000000237487257 -0.008250673301517963
			vertex -0.20842964947223663 0.004999999888241291 -0.008126940578222275
		endloop
	endfacet
	facet normal 0.23488646162295956 0.0026684413298137424 0.9720191508232311
		outer loop
			vertex -0.20842964947223663 0.004999999888241291 -0.008126940578222275
			vertex -0.20786648988723755 0.0005000000237487257 -0.008250673301517963
			vertex -0.20756590366363525 0.004999999888241291 -0.008335663005709648
		endloop
	endfacet
	facet normal 0.37285572368641223 -0.0006030316661820754 0.9278891343620161
		outer loop
			vertex -0.20673391222953796 0.0005000000237487257 -0.008647595532238483
			vertex -0.20673289895057678 0.004999999888241291 -0.008645078167319298
			vertex -0.20725777745246887 0.0005000000237487257 -0.008437089622020721
		endloop
	endfacet
	facet normal 0.3481985102208715 0.002713347625040109 0.937416895103044
		outer loop
			vertex -0.20673289895057678 0.004999999888241291 -0.008645078167319298
			vertex -0.20756590366363525 0.004999999888241291 -0.008335663005709648
			vertex -0.20725777745246887 0.0005000000237487257 -0.008437089622020721
		endloop
	endfacet
	facet normal 0.29283070164578606 -0.0015003503112529905 0.956163128928626
		outer loop
			vertex -0.20725777745246887 0.0005000000237487257 -0.008437089622020721
			vertex -0.20756590366363525 0.004999999888241291 -0.008335663005709648
			vertex -0.20756787061691284 0.0005000000237487257 -0.008342121727764606
		endloop
	endfacet
	facet normal 0.2928145452656464 -0.0015003503507802518 0.9561680767677292
		outer loop
			vertex -0.20756590366363525 0.004999999888241291 -0.008335663005709648
			vertex -0.20786648988723755 0.0005000000237487257 -0.008250673301517963
			vertex -0.20756787061691284 0.0005000000237487257 -0.008342121727764606
		endloop
	endfacet
	facet normal 0.3728567551656878 -0.0006030316665761176 0.9278887198797728
		outer loop
			vertex -0.20673391222953796 0.0005000000237487257 -0.008647595532238483
			vertex -0.20666706562042236 0.0005000000237487257 -0.008674456737935543
			vertex -0.20673289895057678 0.004999999888241291 -0.008645078167319298
		endloop
	endfacet
	facet normal 0.45020586667537976 0.0007568237854789207 0.8929244675944479
		outer loop
			vertex -0.20666706562042236 0.0005000000237487257 -0.008674456737935543
			vertex -0.20609861612319946 0.0005000000237487257 -0.008961064741015434
			vertex -0.20673289895057678 0.004999999888241291 -0.008645078167319298
		endloop
	endfacet
	facet normal 0.4566314168625304 0.0018921688370262875 0.8896539601615958
		outer loop
			vertex -0.20673289895057678 0.004999999888241291 -0.008645078167319298
			vertex -0.20609861612319946 0.0005000000237487257 -0.008961064741015434
			vertex -0.20594234764575958 0.004999999888241291 -0.009050843305885792
		endloop
	endfacet
	facet normal 0.5946313463621845 -0.0013086814287235006 0.803997418700094
		outer loop
			vertex -0.20520882308483124 0.0005000000237487257 -0.009551996365189552
			vertex -0.20520532131195068 0.004999999888241291 -0.009547261521220207
			vertex -0.20555651187896729 0.0005000000237487257 -0.009294847957789898
		endloop
	endfacet
	facet normal 0.5586394401606517 0.0029253969929647758 0.8294054605254461
		outer loop
			vertex -0.20520532131195068 0.004999999888241291 -0.009547261521220207
			vertex -0.20594234764575958 0.004999999888241291 -0.009050843305885792
			vertex -0.20555651187896729 0.0005000000237487257 -0.009294847957789898
		endloop
	endfacet
	facet normal 0.5242986169147669 -0.0012188891814560638 0.8515336015744921
		outer loop
			vertex -0.20555651187896729 0.0005000000237487257 -0.009294847957789898
			vertex -0.20594234764575958 0.004999999888241291 -0.009050843305885792
			vertex -0.20594522356987 0.0005000000237487257 -0.009055513888597488
		endloop
	endfacet
	facet normal 0.5243133618632485 -0.0012188891819119355 0.8515245227712592
		outer loop
			vertex -0.20594234764575958 0.004999999888241291 -0.009050843305885792
			vertex -0.20609861612319946 0.0005000000237487257 -0.008961064741015434
			vertex -0.20594522356987 0.0005000000237487257 -0.009055513888597488
		endloop
	endfacet
	facet normal 0.5946319071998565 -0.0013086814287122867 0.8039970039078377
		outer loop
			vertex -0.20520882308483124 0.0005000000237487257 -0.009551996365189552
			vertex -0.2050446718931198 0.0005000000237487257 -0.009673401713371277
			vertex -0.20520532131195068 0.004999999888241291 -0.009547261521220207
		endloop
	endfacet
	facet normal 0.6606697165285009 0.002543610058701089 0.7506724023900305
		outer loop
			vertex -0.2050446718931198 0.0005000000237487257 -0.009673401713371277
			vertex -0.20456677675247192 0.0005000000237487257 -0.010093999095261097
			vertex -0.20520532131195068 0.004999999888241291 -0.009547261521220207
		endloop
	endfacet
	facet normal 0.6528229384069224 0.0005993762155307835 0.7575102981728393
		outer loop
			vertex -0.20520532131195068 0.004999999888241291 -0.009547261521220207
			vertex -0.20456677675247192 0.0005000000237487257 -0.010093999095261097
			vertex -0.204532191157341 0.004999999888241291 -0.010127365589141846
		endloop
	endfacet
	facet normal 0.7219574637002811 -0.00041817921402661335 0.6919373134421949
		outer loop
			vertex -0.20456677675247192 0.0005000000237487257 -0.010093999095261097
			vertex -0.20453354716300964 0.0005000000237487257 -0.010128670372068882
			vertex -0.204532191157341 0.004999999888241291 -0.010127365589141846
		endloop
	endfacet
	facet normal 0.721962485370937 -0.0004181792080050695 0.691932073865036
		outer loop
			vertex -0.20453354716300964 0.0005000000237487257 -0.010128670372068882
			vertex -0.2041262835264206 0.0005000000237487257 -0.01055360957980156
			vertex -0.204532191157341 0.004999999888241291 -0.010127365589141846
		endloop
	endfacet
	facet normal 0.7378277370039314 0.0026182318168058486 0.6749839815653486
		outer loop
			vertex -0.204532191157341 0.004999999888241291 -0.010127365589141846
			vertex -0.2041262835264206 0.0005000000237487257 -0.01055360957980156
			vertex -0.20393238961696625 0.004999999888241291 -0.010783011093735695
		endloop
	endfacet
	facet normal 0.8285109993701733 -0.0006905336882096366 0.5599723627875418
		outer loop
			vertex -0.20341692864894867 0.0005000000237487257 -0.011506729759275913
			vertex -0.20341435074806213 0.004999999888241291 -0.011504994705319405
			vertex -0.20372635126113892 0.0005000000237487257 -0.011048921383917332
		endloop
	endfacet
	facet normal 0.8124850128036821 0.0027519711208756365 0.5829755832145549
		outer loop
			vertex -0.20341435074806213 0.004999999888241291 -0.011504994705319405
			vertex -0.20393238961696625 0.004999999888241291 -0.010783011093735695
			vertex -0.20372635126113892 0.0005000000237487257 -0.011048921383917332
		endloop
	endfacet
	facet normal 0.7780449893484852 -0.0014976745639461448 0.6282067744943669
		outer loop
			vertex -0.20372635126113892 0.0005000000237487257 -0.011048921383917332
			vertex -0.20393238961696625 0.004999999888241291 -0.010783011093735695
			vertex -0.20393763482570648 0.0005000000237487257 -0.010787243023514748
		endloop
	endfacet
	facet normal 0.7780302106107171 -0.0014976745507555974 0.6282250777770522
		outer loop
			vertex -0.20393238961696625 0.004999999888241291 -0.010783011093735695
			vertex -0.2041262835264206 0.0005000000237487257 -0.01055360957980156
			vertex -0.20393763482570648 0.0005000000237487257 -0.010787243023514748
		endloop
	endfacet
	facet normal 0.8284702555094665 -0.0006905335886947829 0.5600326409232252
		outer loop
			vertex -0.20341692864894867 0.0005000000237487257 -0.011506729759275913
			vertex -0.2033698558807373 0.0005000000237487257 -0.011576365679502487
			vertex -0.20341435074806213 0.004999999888241291 -0.011504994705319405
		endloop
	endfacet
	facet normal 0.8730101101743786 0.0008970563039384547 0.4877012844183485
		outer loop
			vertex -0.2033698558807373 0.0005000000237487257 -0.011576365679502487
			vertex -0.2030593752861023 0.0005000000237487257 -0.01213214173913002
			vertex -0.20341435074806213 0.004999999888241291 -0.011504994705319405
		endloop
	endfacet
	facet normal 0.875737888895307 0.0017976033245233028 0.48278351108491585
		outer loop
			vertex -0.20341435074806213 0.004999999888241291 -0.011504994705319405
			vertex -0.2030593752861023 0.0005000000237487257 -0.01213214173913002
			vertex -0.20298534631729126 0.004999999888241291 -0.012283180840313435
		endloop
	endfacet
	facet normal 0.9428713173006604 -0.0013453529050652718 0.3331544222087981
		outer loop
			vertex -0.202657088637352 0.0005000000237487257 -0.013108666054904461
			vertex -0.20265138149261475 0.004999999888241291 -0.01310664601624012
			vertex -0.20279715955257416 0.0005000000237487257 -0.012712246738374233
		endloop
	endfacet
	facet normal 0.9266853185079985 0.0029189865752020554 0.375826821793101
		outer loop
			vertex -0.20265138149261475 0.004999999888241291 -0.01310664601624012
			vertex -0.20298534631729126 0.004999999888241291 -0.012283180840313435
			vertex -0.20279715955257416 0.0005000000237487257 -0.012712246738374233
		endloop
	endfacet
	facet normal 0.9112291596646926 -0.0011667038735675996 0.41189811528926595
		outer loop
			vertex -0.20279715955257416 0.0005000000237487257 -0.012712246738374233
			vertex -0.20298534631729126 0.004999999888241291 -0.012283180840313435
			vertex -0.20299012959003448 0.0005000000237487257 -0.012285345233976841
		endloop
	endfacet
	facet normal 0.91124271554487 -0.0011667038580332645 0.4118681247298933
		outer loop
			vertex -0.20298534631729126 0.004999999888241291 -0.012283180840313435
			vertex -0.2030593752861023 0.0005000000237487257 -0.01213214173913002
			vertex -0.20299012959003448 0.0005000000237487257 -0.012285345233976841
		endloop
	endfacet
	facet normal 0.94287871756411 -0.0013453528885619714 0.33313347773867563
		outer loop
			vertex -0.202657088637352 0.0005000000237487257 -0.013108666054904461
			vertex -0.20258507132530212 0.0005000000237487257 -0.013312499038875103
			vertex -0.20265138149261475 0.004999999888241291 -0.01310664601624012
		endloop
	endfacet
	facet normal 0.9677304109057064 0.0027335483452496008 0.2519729737922635
		outer loop
			vertex -0.20258507132530212 0.0005000000237487257 -0.013312499038875103
			vertex -0.20242466032505035 0.0005000000237487257 -0.013928575441241264
			vertex -0.20265138149261475 0.004999999888241291 -0.01310664601624012
		endloop
	endfacet
	facet normal 0.9646339908060592 0.00045520755956765323 0.26359259581341393
		outer loop
			vertex -0.20265138149261475 0.004999999888241291 -0.01310664601624012
			vertex -0.20242466032505035 0.0005000000237487257 -0.013928575441241264
			vertex -0.20241715013980865 0.004999999888241291 -0.013963830657303333
		endloop
	endfacet
	facet normal 0.9856495051642352 -0.00032248274690207477 0.16880446965165483
		outer loop
			vertex -0.20242466032505035 0.0005000000237487257 -0.013928575441241264
			vertex -0.20241858065128326 0.0005000000237487257 -0.013964074663817883
			vertex -0.20241715013980865 0.004999999888241291 -0.013963830657303333
		endloop
	endfacet
	facet normal 0.9856145587501758 -0.00032248269531766257 0.1690083950122231
		outer loop
			vertex -0.20241858065128326 0.0005000000237487257 -0.013964074663817883
			vertex -0.20231707394123077 0.0005000000237487257 -0.014556036330759525
			vertex -0.20241715013980865 0.004999999888241291 -0.013963830657303333
		endloop
	endfacet
	facet normal 0.989036181717178 0.002564254548454654 0.14765112885757464
		outer loop
			vertex -0.20241715013980865 0.004999999888241291 -0.013963830657303333
			vertex -0.20231707394123077 0.0005000000237487257 -0.014556036330759525
			vertex -0.20228594541549683 0.004999999888241291 -0.014842701144516468
		endloop
	endfacet
	facet normal 0.9999997023561753 -0.0007715488065125572 0
		outer loop
			vertex -0.20226308703422546 0.0005000000237487257 -0.01573091931641102
			vertex -0.2022596150636673 0.004999999888241291 -0.01573091931641102
			vertex -0.20226308703422546 0.0005000000237487257 -0.015190361067652702
		endloop
	endfacet
	facet normal 0.9995570203357874 0.0027881745829076037 0.02963088219978608
		outer loop
			vertex -0.2022596150636673 0.004999999888241291 -0.01573091931641102
			vertex -0.20228594541549683 0.004999999888241291 -0.014842701144516468
			vertex -0.20226308703422546 0.0005000000237487257 -0.015190361067652702
		endloop
	endfacet
	facet normal 0.9963982677393665 -0.0014888538782905111 0.08478369749025533
		outer loop
			vertex -0.20226308703422546 0.0005000000237487257 -0.015190361067652702
			vertex -0.20228594541549683 0.004999999888241291 -0.014842701144516468
			vertex -0.20229262113571167 0.0005000000237487257 -0.014843269251286983
		endloop
	endfacet
	facet normal 0.9963947187127462 -0.0014888538776224678 0.0848253961704782
		outer loop
			vertex -0.20228594541549683 0.004999999888241291 -0.014842701144516468
			vertex -0.20231707394123077 0.0005000000237487257 -0.014556036330759525
			vertex -0.20229262113571167 0.0005000000237487257 -0.014843269251286983
		endloop
	endfacet
	facet normal 0.9999997023561753 -0.0007715488065125572 0
		outer loop
			vertex -0.20226308703422546 0.0005000000237487257 -0.01573091931641102
			vertex -0.20226308703422546 0.0005000000237487257 -0.015826979652047157
			vertex -0.2022596150636673 0.004999999888241291 -0.01573091931641102
		endloop
	endfacet
	facet normal 0.9963972143234147 0.0010414931276964956 -0.08480275102026091
		outer loop
			vertex -0.20226308703422546 0.0005000000237487257 -0.015826979652047157
			vertex -0.20231707394123077 0.0005000000237487257 -0.01646130345761776
			vertex -0.2022596150636673 0.004999999888241291 -0.01573091931641102
		endloop
	endfacet
	facet normal 0.9960487506037639 0.0016934274371443528 -0.08879199696029007
		outer loop
			vertex -0.2022596150636673 0.004999999888241291 -0.01573091931641102
			vertex -0.20231707394123077 0.0005000000237487257 -0.01646130345761776
			vertex -0.20233851671218872 0.004999999888241291 -0.01661602035164833
		endloop
	endfacet
	facet normal 0.9677353854554148 -0.0013791361956598679 -0.25196492160777756
		outer loop
			vertex -0.20252756774425507 0.0005000000237487257 -0.01748400740325451
			vertex -0.20252156257629395 0.004999999888241291 -0.017485573887825012
			vertex -0.20242466032505035 0.0005000000237487257 -0.017088765278458595
		endloop
	endfacet
	facet normal 0.978549740047501 0.002907777632633607 -0.20599017229520306
		outer loop
			vertex -0.20252156257629395 0.004999999888241291 -0.017485573887825012
			vertex -0.20233851671218872 0.004999999888241291 -0.01661602035164833
			vertex -0.20242466032505035 0.0005000000237487257 -0.017088765278458595
		endloop
	endfacet
	facet normal 0.9856131965011286 -0.0011120553322663972 -0.1690129883049403
		outer loop
			vertex -0.20242466032505035 0.0005000000237487257 -0.017088765278458595
			vertex -0.20233851671218872 0.004999999888241291 -0.01661602035164833
			vertex -0.20234344899654388 0.0005000000237487257 -0.01661517471075058
		endloop
	endfacet
	facet normal 0.9856247107980657 -0.001112055331884727 -0.16894582799574634
		outer loop
			vertex -0.20233851671218872 0.004999999888241291 -0.01661602035164833
			vertex -0.20231707394123077 0.0005000000237487257 -0.01646130345761776
			vertex -0.20234344899654388 0.0005000000237487257 -0.01661517471075058
		endloop
	endfacet
	facet normal 0.9677287674877875 -0.0013791362118232135 -0.2519903382272369
		outer loop
			vertex -0.20252756774425507 0.0005000000237487257 -0.01748400740325451
			vertex -0.20258507132530212 0.0005000000237487257 -0.017704840749502182
			vertex -0.20252156257629395 0.004999999888241291 -0.017485573887825012
		endloop
	endfacet
	facet normal 0.9428706471593176 0.0029260852532524916 -0.33314618525575324
		outer loop
			vertex -0.20258507132530212 0.0005000000237487257 -0.017704840749502182
			vertex -0.20279715955257416 0.0005000000237487257 -0.018305093050003052
			vertex -0.20252156257629395 0.004999999888241291 -0.017485573887825012
		endloop
	endfacet
	facet normal 0.9473255497816792 0.0003086783291556068 -0.3202720834673681
		outer loop
			vertex -0.20252156257629395 0.004999999888241291 -0.017485573887825012
			vertex -0.20279715955257416 0.0005000000237487257 -0.018305093050003052
			vertex -0.20280615985393524 0.004999999888241291 -0.01832737773656845
		endloop
	endfacet
	facet normal 0.9111696153716725 -0.0002180421715174447 -0.4120314120076891
		outer loop
			vertex -0.20279715955257416 0.0005000000237487257 -0.018305093050003052
			vertex -0.20280705392360687 0.0005000000237487257 -0.018326973542571068
			vertex -0.20280615985393524 0.004999999888241291 -0.01832737773656845
		endloop
	endfacet
	facet normal 0.9112360936720084 -0.000218042172103117 -0.4118843697531989
		outer loop
			vertex -0.20280705392360687 0.0005000000237487257 -0.018326973542571068
			vertex -0.2030593752861023 0.0005000000237487257 -0.01888519898056984
			vertex -0.20280615985393524 0.004999999888241291 -0.01832737773656845
		endloop
	endfacet
	facet normal 0.9027969130187177 0.0025098631851808496 -0.43005980331887056
		outer loop
			vertex -0.20280615985393524 0.004999999888241291 -0.01832737773656845
			vertex -0.2030593752861023 0.0005000000237487257 -0.01888519898056984
			vertex -0.20318831503391266 0.004999999888241291 -0.019129611551761627
		endloop
	endfacet
	facet normal 0.8285025930082509 -0.0008470162789453678 -0.5599845854503748
		outer loop
			vertex -0.2036658376455307 0.0005000000237487257 -0.01987888291478157
			vertex -0.2036626785993576 0.004999999888241291 -0.01988101564347744
			vertex -0.2033698558807373 0.0005000000237487257 -0.019440975040197372
		endloop
	endfacet
	facet normal 0.8455909128805292 0.002823112352054072 -0.5338239766913071
		outer loop
			vertex -0.2036626785993576 0.004999999888241291 -0.01988101564347744
			vertex -0.20318831503391266 0.004999999888241291 -0.019129611551761627
			vertex -0.2033698558807373 0.0005000000237487257 -0.019440975040197372
		endloop
	endfacet
	facet normal 0.8730158057999381 -0.001475392928759308 -0.48768968211270436
		outer loop
			vertex -0.2033698558807373 0.0005000000237487257 -0.019440975040197372
			vertex -0.20318831503391266 0.004999999888241291 -0.019129611551761627
			vertex -0.20319411158561707 0.0005000000237487257 -0.019126374274492264
		endloop
	endfacet
	facet normal 0.8730013002658241 -0.0014753929233199399 -0.48771564763692193
		outer loop
			vertex -0.20318831503391266 0.004999999888241291 -0.019129611551761627
			vertex -0.2030593752861023 0.0005000000237487257 -0.01888519898056984
			vertex -0.20319411158561707 0.0005000000237487257 -0.019126374274492264
		endloop
	endfacet
	facet normal 0.8285171361759092 -0.0008470162904673852 -0.5599630680913465
		outer loop
			vertex -0.2036658376455307 0.0005000000237487257 -0.01987888291478157
			vertex -0.20372635126113892 0.0005000000237487257 -0.019968418404459953
			vertex -0.2036626785993576 0.004999999888241291 -0.01988101564347744
		endloop
	endfacet
	facet normal 0.7780389147374973 0.0011928694817579613 -0.6282149506470673
		outer loop
			vertex -0.20372635126113892 0.0005000000237487257 -0.019968418404459953
			vertex -0.2041262835264206 0.0005000000237487257 -0.0204637311398983
			vertex -0.2036626785993576 0.004999999888241291 -0.01988101564347744
		endloop
	endfacet
	facet normal 0.776525959191871 0.0015906698947925875 -0.6300832520155022
		outer loop
			vertex -0.2036626785993576 0.004999999888241291 -0.01988101564347744
			vertex -0.2041262835264206 0.0005000000237487257 -0.0204637311398983
			vertex -0.20422257483005524 0.004999999888241291 -0.020571041852235794
		endloop
	endfacet
	facet normal 0.6606674881239288 -0.0014101940012426544 -0.7506773484586419
		outer loop
			vertex -0.20486435294151306 0.0005000000237487257 -0.021185236051678658
			vertex -0.2048601657152176 0.004999999888241291 -0.02119000442326069
			vertex -0.20456677675247192 0.0005000000237487257 -0.020923340693116188
		endloop
	endfacet
	facet normal 0.6965445175577547 0.002894485230754772 -0.7175077400387287
		outer loop
			vertex -0.2048601657152176 0.004999999888241291 -0.02119000442326069
			vertex -0.20422257483005524 0.004999999888241291 -0.020571041852235794
			vertex -0.20456677675247192 0.0005000000237487257 -0.020923340693116188
		endloop
	endfacet
	facet normal 0.7219556097275404 -0.0010509668001727648 -0.6919385760685123
		outer loop
			vertex -0.20456677675247192 0.0005000000237487257 -0.020923340693116188
			vertex -0.20422257483005524 0.004999999888241291 -0.020571041852235794
			vertex -0.20422598719596863 0.0005000000237487257 -0.020567767322063446
		endloop
	endfacet
	facet normal 0.7219797347758324 -0.0010509667769264008 -0.6919134035714677
		outer loop
			vertex -0.20422257483005524 0.004999999888241291 -0.020571041852235794
			vertex -0.2041262835264206 0.0005000000237487257 -0.0204637311398983
			vertex -0.20422598719596863 0.0005000000237487257 -0.020567767322063446
		endloop
	endfacet
	facet normal 0.6606795019714502 -0.0014101939759813607 -0.7506667749592403
		outer loop
			vertex -0.20486435294151306 0.0005000000237487257 -0.021185236051678658
			vertex -0.2050446718931198 0.0005000000237487257 -0.021343939006328583
			vertex -0.2048601657152176 0.004999999888241291 -0.02119000442326069
		endloop
	endfacet
	facet normal 0.5946281914438439 0.0031222273122978378 -0.8039947547321648
		outer loop
			vertex -0.2050446718931198 0.0005000000237487257 -0.021343939006328583
			vertex -0.20555651187896729 0.0005000000237487257 -0.021722491830587387
			vertex -0.2048601657152176 0.004999999888241291 -0.02119000442326069
		endloop
	endfacet
	facet normal 0.6067998428819783 0.00015718952135712787 -0.7948546571354169
		outer loop
			vertex -0.2048601657152176 0.004999999888241291 -0.02119000442326069
			vertex -0.20555651187896729 0.0005000000237487257 -0.021722491830587387
			vertex -0.20556648075580597 0.004999999888241291 -0.021729212254285812
		endloop
	endfacet
	facet normal 0.5244090203745693 -0.00010987702024479178 -0.8514664804188272
		outer loop
			vertex -0.20555651187896729 0.0005000000237487257 -0.021722491830587387
			vertex -0.20556673407554626 0.0005000000237487257 -0.021728787571191788
			vertex -0.20556648075580597 0.004999999888241291 -0.021729212254285812
		endloop
	endfacet
	facet normal 0.5243022221644559 -0.00010987721488483342 -0.8515322470467054
		outer loop
			vertex -0.20556673407554626 0.0005000000237487257 -0.021728787571191788
			vertex -0.20609861612319946 0.0005000000237487257 -0.022056275978684425
			vertex -0.20556648075580597 0.004999999888241291 -0.021729212254285812
		endloop
	endfacet
	facet normal 0.5085315946523018 0.002446056804415379 -0.861039856247373
		outer loop
			vertex -0.20556648075580597 0.004999999888241291 -0.021729212254285812
			vertex -0.20609861612319946 0.0005000000237487257 -0.022056275978684425
			vertex -0.20633161067962646 0.004999999888241291 -0.02218109928071499
		endloop
	endfacet
	facet normal 0.3728542076017663 -0.0009199790627841894 -0.9278894834581234
		outer loop
			vertex -0.20714636147022247 0.0005000000237487257 -0.022535478696227074
			vertex -0.2071448117494583 0.004999999888241291 -0.02253931760787964
			vertex -0.20666706562042236 0.0005000000237487257 -0.022342883050441742
		endloop
	endfacet
	facet normal 0.40312336581816716 0.002850059978454274 -0.9151412071858374
		outer loop
			vertex -0.2071448117494583 0.004999999888241291 -0.02253931760787964
			vertex -0.20633161067962646 0.004999999888241291 -0.02218109928071499
			vertex -0.20666706562042236 0.0005000000237487257 -0.022342883050441742
		endloop
	endfacet
	facet normal 0.4502038379945677 -0.0014583090798931683 -0.8929246203289439
		outer loop
			vertex -0.20666706562042236 0.0005000000237487257 -0.022342883050441742
			vertex -0.20633161067962646 0.004999999888241291 -0.02218109928071499
			vertex -0.20633456110954285 0.0005000000237487257 -0.02217523753643036
		endloop
	endfacet
	facet normal 0.4502050726907739 -0.0014583090785187738 -0.8929239978061552
		outer loop
			vertex -0.20633161067962646 0.004999999888241291 -0.02218109928071499
			vertex -0.20609861612319946 0.0005000000237487257 -0.022056275978684425
			vertex -0.20633456110954285 0.0005000000237487257 -0.02217523753643036
		endloop
	endfacet
	facet normal 0.3728690652003756 -0.000919979086205159 -0.9278835130850633
		outer loop
			vertex -0.20714636147022247 0.0005000000237487257 -0.022535478696227074
			vertex -0.20725777745246887 0.0005000000237487257 -0.022580251097679138
			vertex -0.2071448117494583 0.004999999888241291 -0.02253931760787964
		endloop
	endfacet
	facet normal 0.2928215022956419 0.0013467625968837161 -0.9561661749004883
		outer loop
			vertex -0.20725777745246887 0.0005000000237487257 -0.022580251097679138
			vertex -0.20786648988723755 0.0005000000237487257 -0.02276666648685932
			vertex -0.2071448117494583 0.004999999888241291 -0.02253931760787964
		endloop
	endfacet
	facet normal 0.29205440261715965 0.001481626201147604 -0.9564005597529385
		outer loop
			vertex -0.2071448117494583 0.004999999888241291 -0.02253931760787964
			vertex -0.20786648988723755 0.0005000000237487257 -0.02276666648685932
			vertex -0.20799468457698822 0.004999999888241291 -0.022798841819167137
		endloop
	endfacet
	facet normal 0.2106747617503597 -0.0009879542830394743 -0.9775557113064011
		outer loop
			vertex -0.20786648988723755 0.0005000000237487257 -0.02276666648685932
			vertex -0.20799562335014343 0.0005000000237487257 -0.02279449626803398
			vertex -0.20799468457698822 0.004999999888241291 -0.022798841819167137
		endloop
	endfacet
	facet normal 0.21068157598584228 -0.000987954286431278 -0.9775542427335937
		outer loop
			vertex -0.20799562335014343 0.0005000000237487257 -0.02279449626803398
			vertex -0.2084888219833374 0.0005000000237487257 -0.022900789976119995
			vertex -0.20799468457698822 0.004999999888241291 -0.022798841819167137
		endloop
	endfacet
	facet normal 0.17689050795701824 0.0028737433426649457 -0.9842263407336285
		outer loop
			vertex -0.20799468457698822 0.004999999888241291 -0.022798841819167137
			vertex -0.2084888219833374 0.0005000000237487257 -0.022900789976119995
			vertex -0.20886927843093872 0.004999999888241291 -0.02295602858066559
		endloop
	endfacet
	facet normal 0.12701602831817574 -0.0014371298504098331 -0.9918996235547575
		outer loop
			vertex -0.2084888219833374 0.0005000000237487257 -0.022900789976119995
			vertex -0.20887009799480438 0.0005000000237487257 -0.022949613630771637
			vertex -0.20886927843093872 0.004999999888241291 -0.02295602858066559
		endloop
	endfacet
	facet normal 0.12702259706493746 -0.0014371298476169823 -0.9918987823829
		outer loop
			vertex -0.20887009799480438 0.0005000000237487257 -0.022949613630771637
			vertex -0.2091202735900879 0.0005000000237487257 -0.02298165112733841
			vertex -0.20886927843093872 0.004999999888241291 -0.02295602858066559
		endloop
	endfacet
	facet normal 0.05924063099887242 0.002379636143629441 -0.9982408952605977
		outer loop
			vertex -0.20886927843093872 0.004999999888241291 -0.02295602858066559
			vertex -0.2091202735900879 0.0005000000237487257 -0.02298165112733841
			vertex -0.20975632965564728 0.004999999888241291 -0.023008670657873154
		endloop
	endfacet
	facet normal 0.042441517541473885 0 -0.9990989528514064
		outer loop
			vertex -0.2091202735900879 0.0005000000237487257 -0.02298165112733841
			vertex -0.20975632965564728 0.0005000000237487257 -0.023008670657873154
			vertex -0.20975632965564728 0.004999999888241291 -0.023008670657873154
		endloop
	endfacet
	facet normal -0.04244251006948673 0 -0.9990989106885272
		outer loop
			vertex -0.20975632965564728 0.004999999888241291 -0.023008670657873154
			vertex -0.20975632965564728 0.0005000000237487257 -0.023008670657873154
			vertex -0.21039237082004547 0.0005000000237487257 -0.02298165112733841
		endloop
	endfacet
	facet normal 0 1 0
		outer loop
			vertex -0.2221531867980957 0.004999999888241291 -0.4860228896141052
			vertex -0.21835218369960785 0.004999999888241291 -0.49068525433540344
			vertex -0.21866284310817719 0.004999999888241291 -0.49092361330986023
		endloop
	endfacet
	facet normal 0 1 0
		outer loop
			vertex -0.22494135797023773 0.004999999888241291 -0.49043944478034973
			vertex -0.2190510630607605 0.004999999888241291 -0.4915960729122162
			vertex -0.22507254779338837 0.004999999888241291 -0.49131831526756287
		endloop
	endfacet
	facet normal 0 1 0
		outer loop
			vertex -0.2190510630607605 0.004999999888241291 -0.4915960729122162
			vertex -0.2191021740436554 0.004999999888241291 -0.4919842779636383
			vertex -0.22507254779338837 0.004999999888241291 -0.49131831526756287
		endloop
	endfacet
	facet normal 0 1 0
		outer loop
			vertex -0.22507254779338837 0.004999999888241291 -0.49131831526756287
			vertex -0.2191021740436554 0.004999999888241291 -0.4919842779636383
			vertex -0.2250988930463791 0.004999999888241291 -0.49220654368400574
		endloop
	endfacet
	facet normal 0 1 0
		outer loop
			vertex -0.2250988930463791 0.004999999888241291 -0.49220654368400574
			vertex -0.2191021740436554 0.004999999888241291 -0.4919842779636383
			vertex -0.22501997649669647 0.004999999888241291 -0.4930916428565979
		endloop
	endfacet
	facet normal 0 1 0
		outer loop
			vertex -0.2191021740436554 0.004999999888241291 -0.4919842779636383
			vertex -0.2190510630607605 0.004999999888241291 -0.4923725128173828
			vertex -0.22501997649669647 0.004999999888241291 -0.4930916428565979
		endloop
	endfacet
	facet normal 0 1 0
		outer loop
			vertex -0.22501997649669647 0.004999999888241291 -0.4930916428565979
			vertex -0.2190510630607605 0.004999999888241291 -0.4923725128173828
			vertex -0.22483694553375244 0.004999999888241291 -0.4939611852169037
		endloop
	endfacet
	facet normal 0 1 0
		outer loop
			vertex -0.21010547876358032 0.004999999888241291 -0.49220654368400574
			vertex -0.21018438041210175 0.004999999888241291 -0.4930916428565979
			vertex -0.21610218286514282 0.004999999888241291 -0.4919842779636383
		endloop
	endfacet
	facet normal 0 1 0
		outer loop
			vertex -0.21018438041210175 0.004999999888241291 -0.4930916428565979
			vertex -0.21615329384803772 0.004999999888241291 -0.4923725128173828
			vertex -0.21610218286514282 0.004999999888241291 -0.4919842779636383
		endloop
	endfacet
	facet normal 0 1 0
		outer loop
			vertex -0.21010547876358032 0.004999999888241291 -0.49220654368400574
			vertex -0.21610218286514282 0.004999999888241291 -0.4919842779636383
			vertex -0.21013180911540985 0.004999999888241291 -0.49131831526756287
		endloop
	endfacet
	facet normal 0 1 0
		outer loop
			vertex -0.21610218286514282 0.004999999888241291 -0.4919842779636383
			vertex -0.21615329384803772 0.004999999888241291 -0.4915960729122162
			vertex -0.21013180911540985 0.004999999888241291 -0.49131831526756287
		endloop
	endfacet
	facet normal 0 1 0
		outer loop
			vertex -0.21013180911540985 0.004999999888241291 -0.49131831526756287
			vertex -0.21615329384803772 0.004999999888241291 -0.4915960729122162
			vertex -0.21026299893856049 0.004999999888241291 -0.49043944478034973
		endloop
	endfacet
	facet normal 0 1 0
		outer loop
			vertex -0.2221531867980957 0.004999999888241291 -0.4860228896141052
			vertex -0.2214161604642868 0.004999999888241291 -0.4855264723300934
			vertex -0.21835218369960785 0.004999999888241291 -0.49068525433540344
		endloop
	endfacet
	facet normal 0 1 0
		outer loop
			vertex -0.2214161604642868 0.004999999888241291 -0.4855264723300934
			vertex -0.2206256091594696 0.004999999888241291 -0.4851206839084625
			vertex -0.21835218369960785 0.004999999888241291 -0.49068525433540344
		endloop
	endfacet
	facet normal 0 1 0
		outer loop
			vertex -0.21835218369960785 0.004999999888241291 -0.49068525433540344
			vertex -0.2206256091594696 0.004999999888241291 -0.4851206839084625
			vertex -0.21799041330814362 0.004999999888241291 -0.4905354082584381
		endloop
	endfacet
	facet normal 0 1 0
		outer loop
			vertex -0.21890121698379517 0.004999999888241291 -0.49123430252075195
			vertex -0.22342610359191895 0.004999999888241291 -0.487258642911911
			vertex -0.21866284310817719 0.004999999888241291 -0.49092361330986023
		endloop
	endfacet
	facet normal 0 1 0
		outer loop
			vertex -0.22342610359191895 0.004999999888241291 -0.487258642911911
			vertex -0.22282631695270538 0.004999999888241291 -0.4866029918193817
			vertex -0.21866284310817719 0.004999999888241291 -0.49092361330986023
		endloop
	endfacet
	facet normal 0 1 0
		outer loop
			vertex -0.21866284310817719 0.004999999888241291 -0.49092361330986023
			vertex -0.22282631695270538 0.004999999888241291 -0.4866029918193817
			vertex -0.2221531867980957 0.004999999888241291 -0.4860228896141052
		endloop
	endfacet
	facet normal 0 1 0
		outer loop
			vertex -0.22483694553375244 0.004999999888241291 -0.4939611852169037
			vertex -0.2190510630607605 0.004999999888241291 -0.4923725128173828
			vertex -0.22455234825611115 0.004999999888241291 -0.49480298161506653
		endloop
	endfacet
	facet normal 0 1 0
		outer loop
			vertex -0.2190510630607605 0.004999999888241291 -0.4923725128173828
			vertex -0.21890121698379517 0.004999999888241291 -0.49273428320884705
			vertex -0.22455234825611115 0.004999999888241291 -0.49480298161506653
		endloop
	endfacet
	facet normal 0 1 0
		outer loop
			vertex -0.22455234825611115 0.004999999888241291 -0.49480298161506653
			vertex -0.21890121698379517 0.004999999888241291 -0.49273428320884705
			vertex -0.22417019307613373 0.004999999888241291 -0.4956052303314209
		endloop
	endfacet
	facet normal 0 1 0
		outer loop
			vertex -0.22417019307613373 0.004999999888241291 -0.4956052303314209
			vertex -0.21890121698379517 0.004999999888241291 -0.49273428320884705
			vertex -0.22369582951068878 0.004999999888241291 -0.49635663628578186
		endloop
	endfacet
	facet normal 0 1 0
		outer loop
			vertex -0.21890121698379517 0.004999999888241291 -0.49273428320884705
			vertex -0.21866284310817719 0.004999999888241291 -0.4930449426174164
			vertex -0.22369582951068878 0.004999999888241291 -0.49635663628578186
		endloop
	endfacet
	facet normal 0 1 0
		outer loop
			vertex -0.22369582951068878 0.004999999888241291 -0.49635663628578186
			vertex -0.21866284310817719 0.004999999888241291 -0.4930449426174164
			vertex -0.22313593327999115 0.004999999888241291 -0.49704664945602417
		endloop
	endfacet
	facet normal 0 1 0
		outer loop
			vertex -0.22313593327999115 0.004999999888241291 -0.49704664945602417
			vertex -0.21866284310817719 0.004999999888241291 -0.4930449426174164
			vertex -0.2224983423948288 0.004999999888241291 -0.4976656138896942
		endloop
	endfacet
	facet normal 0 1 0
		outer loop
			vertex -0.21866284310817719 0.004999999888241291 -0.4930449426174164
			vertex -0.21835218369960785 0.004999999888241291 -0.49328333139419556
			vertex -0.2224983423948288 0.004999999888241291 -0.4976656138896942
		endloop
	endfacet
	facet normal 0 1 0
		outer loop
			vertex -0.2224983423948288 0.004999999888241291 -0.4976656138896942
			vertex -0.21835218369960785 0.004999999888241291 -0.49328333139419556
			vertex -0.22179202735424042 0.004999999888241291 -0.4982048273086548
		endloop
	endfacet
	facet normal 0 1 0
		outer loop
			vertex -0.2145787477493286 0.004999999888241291 -0.4851206839084625
			vertex -0.21685217320919037 0.004999999888241291 -0.49068525433540344
			vertex -0.2172139585018158 0.004999999888241291 -0.4905354082584381
		endloop
	endfacet
	facet normal 0 1 0
		outer loop
			vertex -0.2206256091594696 0.004999999888241291 -0.4851206839084625
			vertex -0.21979260444641113 0.004999999888241291 -0.48481127619743347
			vertex -0.21799041330814362 0.004999999888241291 -0.4905354082584381
		endloop
	endfacet
	facet normal 0 1 0
		outer loop
			vertex -0.21979260444641113 0.004999999888241291 -0.48481127619743347
			vertex -0.21892885863780975 0.004999999888241291 -0.48460257053375244
			vertex -0.21799041330814362 0.004999999888241291 -0.4905354082584381
		endloop
	endfacet
	facet normal 0 1 0
		outer loop
			vertex -0.21799041330814362 0.004999999888241291 -0.4905354082584381
			vertex -0.21892885863780975 0.004999999888241291 -0.48460257053375244
			vertex -0.2176021784543991 0.004999999888241291 -0.4904842972755432
		endloop
	endfacet
	facet normal 0 1 0
		outer loop
			vertex -0.21892885863780975 0.004999999888241291 -0.48460257053375244
			vertex -0.21804648637771606 0.004999999888241291 -0.48449745774269104
			vertex -0.2176021784543991 0.004999999888241291 -0.4904842972755432
		endloop
	endfacet
	facet normal 0 1 0
		outer loop
			vertex -0.2176021784543991 0.004999999888241291 -0.4904842972755432
			vertex -0.21804648637771606 0.004999999888241291 -0.48449745774269104
			vertex -0.2176021784543991 0.004999999888241291 -0.4844842851161957
		endloop
	endfacet
	facet normal 0 1 0
		outer loop
			vertex -0.22494135797023773 0.004999999888241291 -0.49043944478034973
			vertex -0.22470712661743164 0.004999999888241291 -0.48958227038383484
			vertex -0.2190510630607605 0.004999999888241291 -0.4915960729122162
		endloop
	endfacet
	facet normal 0 1 0
		outer loop
			vertex -0.22470712661743164 0.004999999888241291 -0.48958227038383484
			vertex -0.22437316179275513 0.004999999888241291 -0.48875880241394043
			vertex -0.2190510630607605 0.004999999888241291 -0.4915960729122162
		endloop
	endfacet
	facet normal 0 1 0
		outer loop
			vertex -0.2190510630607605 0.004999999888241291 -0.4915960729122162
			vertex -0.22437316179275513 0.004999999888241291 -0.48875880241394043
			vertex -0.21890121698379517 0.004999999888241291 -0.49123430252075195
		endloop
	endfacet
	facet normal 0 1 0
		outer loop
			vertex -0.22437316179275513 0.004999999888241291 -0.48875880241394043
			vertex -0.22394414246082306 0.004999999888241291 -0.48798060417175293
			vertex -0.21890121698379517 0.004999999888241291 -0.49123430252075195
		endloop
	endfacet
	facet normal 0 1 0
		outer loop
			vertex -0.21890121698379517 0.004999999888241291 -0.49123430252075195
			vertex -0.22394414246082306 0.004999999888241291 -0.48798060417175293
			vertex -0.22342610359191895 0.004999999888241291 -0.487258642911911
		endloop
	endfacet
	facet normal 0 1 0
		outer loop
			vertex -0.21799041330814362 0.004999999888241291 -0.4934331774711609
			vertex -0.22021369636058807 0.004999999888241291 -0.4990149438381195
			vertex -0.21835218369960785 0.004999999888241291 -0.49328333139419556
		endloop
	endfacet
	facet normal 0 1 0
		outer loop
			vertex -0.22021369636058807 0.004999999888241291 -0.4990149438381195
			vertex -0.22102689743041992 0.004999999888241291 -0.4986567199230194
			vertex -0.21835218369960785 0.004999999888241291 -0.49328333139419556
		endloop
	endfacet
	facet normal 0 1 0
		outer loop
			vertex -0.21835218369960785 0.004999999888241291 -0.49328333139419556
			vertex -0.22102689743041992 0.004999999888241291 -0.4986567199230194
			vertex -0.22179202735424042 0.004999999888241291 -0.4982048273086548
		endloop
	endfacet
	facet normal 0 1 0
		outer loop
			vertex -0.2141774594783783 0.004999999888241291 -0.4986567199230194
			vertex -0.21499066054821014 0.004999999888241291 -0.4990149438381195
			vertex -0.21685217320919037 0.004999999888241291 -0.49328333139419556
		endloop
	endfacet
	facet normal 0 1 0
		outer loop
			vertex -0.21499066054821014 0.004999999888241291 -0.4990149438381195
			vertex -0.2172139585018158 0.004999999888241291 -0.4934331774711609
			vertex -0.21685217320919037 0.004999999888241291 -0.49328333139419556
		endloop
	endfacet
	facet normal 0 1 0
		outer loop
			vertex -0.2141774594783783 0.004999999888241291 -0.4986567199230194
			vertex -0.21685217320919037 0.004999999888241291 -0.49328333139419556
			vertex -0.2134123295545578 0.004999999888241291 -0.4982048273086548
		endloop
	endfacet
	facet normal 0 1 0
		outer loop
			vertex -0.21685217320919037 0.004999999888241291 -0.49328333139419556
			vertex -0.21654151380062103 0.004999999888241291 -0.4930449426174164
			vertex -0.2134123295545578 0.004999999888241291 -0.4982048273086548
		endloop
	endfacet
	facet normal 0 1 0
		outer loop
			vertex -0.2134123295545578 0.004999999888241291 -0.4982048273086548
			vertex -0.21654151380062103 0.004999999888241291 -0.4930449426174164
			vertex -0.21270601451396942 0.004999999888241291 -0.4976656138896942
		endloop
	endfacet
	facet normal 0 1 0
		outer loop
			vertex -0.2145787477493286 0.004999999888241291 -0.4851206839084625
			vertex -0.2137881964445114 0.004999999888241291 -0.4855264723300934
			vertex -0.21685217320919037 0.004999999888241291 -0.49068525433540344
		endloop
	endfacet
	facet normal 0 1 0
		outer loop
			vertex -0.2137881964445114 0.004999999888241291 -0.4855264723300934
			vertex -0.2130511850118637 0.004999999888241291 -0.4860228896141052
			vertex -0.21685217320919037 0.004999999888241291 -0.49068525433540344
		endloop
	endfacet
	facet normal 0 1 0
		outer loop
			vertex -0.21685217320919037 0.004999999888241291 -0.49068525433540344
			vertex -0.2130511850118637 0.004999999888241291 -0.4860228896141052
			vertex -0.21654151380062103 0.004999999888241291 -0.49092361330986023
		endloop
	endfacet
	facet normal 0 1 0
		outer loop
			vertex -0.2176021784543991 0.004999999888241291 -0.4844842851161957
			vertex -0.21715787053108215 0.004999999888241291 -0.48449745774269104
			vertex -0.2176021784543991 0.004999999888241291 -0.4904842972755432
		endloop
	endfacet
	facet normal 0 1 0
		outer loop
			vertex -0.21715787053108215 0.004999999888241291 -0.48449745774269104
			vertex -0.21627549827098846 0.004999999888241291 -0.48460257053375244
			vertex -0.2176021784543991 0.004999999888241291 -0.4904842972755432
		endloop
	endfacet
	facet normal 0 1 0
		outer loop
			vertex -0.2176021784543991 0.004999999888241291 -0.4904842972755432
			vertex -0.21627549827098846 0.004999999888241291 -0.48460257053375244
			vertex -0.2172139585018158 0.004999999888241291 -0.4905354082584381
		endloop
	endfacet
	facet normal 0 1 0
		outer loop
			vertex -0.21627549827098846 0.004999999888241291 -0.48460257053375244
			vertex -0.21541175246238708 0.004999999888241291 -0.48481127619743347
			vertex -0.2172139585018158 0.004999999888241291 -0.4905354082584381
		endloop
	endfacet
	facet normal 0 1 0
		outer loop
			vertex -0.2172139585018158 0.004999999888241291 -0.4905354082584381
			vertex -0.21541175246238708 0.004999999888241291 -0.48481127619743347
			vertex -0.2145787477493286 0.004999999888241291 -0.4851206839084625
		endloop
	endfacet
	facet normal 0 1 0
		outer loop
			vertex -0.21499066054821014 0.004999999888241291 -0.4990149438381195
			vertex -0.21584053337574005 0.004999999888241291 -0.49927446246147156
			vertex -0.2172139585018158 0.004999999888241291 -0.4934331774711609
		endloop
	endfacet
	facet normal 0 1 0
		outer loop
			vertex -0.21584053337574005 0.004999999888241291 -0.49927446246147156
			vertex -0.21671512722969055 0.004999999888241291 -0.49943163990974426
			vertex -0.2172139585018158 0.004999999888241291 -0.4934331774711609
		endloop
	endfacet
	facet normal 0 1 0
		outer loop
			vertex -0.2172139585018158 0.004999999888241291 -0.4934331774711609
			vertex -0.21671512722969055 0.004999999888241291 -0.49943163990974426
			vertex -0.2176021784543991 0.004999999888241291 -0.4934842884540558
		endloop
	endfacet
	facet normal 0 1 0
		outer loop
			vertex -0.21630313992500305 0.004999999888241291 -0.49273428320884705
			vertex -0.21150852739810944 0.004999999888241291 -0.49635663628578186
			vertex -0.21654151380062103 0.004999999888241291 -0.4930449426174164
		endloop
	endfacet
	facet normal 0 1 0
		outer loop
			vertex -0.21150852739810944 0.004999999888241291 -0.49635663628578186
			vertex -0.21206842362880707 0.004999999888241291 -0.49704664945602417
			vertex -0.21654151380062103 0.004999999888241291 -0.4930449426174164
		endloop
	endfacet
	facet normal 0 1 0
		outer loop
			vertex -0.21654151380062103 0.004999999888241291 -0.4930449426174164
			vertex -0.21206842362880707 0.004999999888241291 -0.49704664945602417
			vertex -0.21270601451396942 0.004999999888241291 -0.4976656138896942
		endloop
	endfacet
	facet normal 0 1 0
		outer loop
			vertex -0.21018438041210175 0.004999999888241291 -0.4930916428565979
			vertex -0.21036741137504578 0.004999999888241291 -0.4939611852169037
			vertex -0.21615329384803772 0.004999999888241291 -0.4923725128173828
		endloop
	endfacet
	facet normal 0 1 0
		outer loop
			vertex -0.21036741137504578 0.004999999888241291 -0.4939611852169037
			vertex -0.21065200865268707 0.004999999888241291 -0.49480298161506653
			vertex -0.21615329384803772 0.004999999888241291 -0.4923725128173828
		endloop
	endfacet
	facet normal 0 1 0
		outer loop
			vertex -0.21615329384803772 0.004999999888241291 -0.4923725128173828
			vertex -0.21065200865268707 0.004999999888241291 -0.49480298161506653
			vertex -0.21630313992500305 0.004999999888241291 -0.49273428320884705
		endloop
	endfacet
	facet normal 0 1 0
		outer loop
			vertex -0.21065200865268707 0.004999999888241291 -0.49480298161506653
			vertex -0.2110341638326645 0.004999999888241291 -0.4956052303314209
			vertex -0.21630313992500305 0.004999999888241291 -0.49273428320884705
		endloop
	endfacet
	facet normal 0 1 0
		outer loop
			vertex -0.21630313992500305 0.004999999888241291 -0.49273428320884705
			vertex -0.2110341638326645 0.004999999888241291 -0.4956052303314209
			vertex -0.21150852739810944 0.004999999888241291 -0.49635663628578186
		endloop
	endfacet
	facet normal 0 1 0
		outer loop
			vertex -0.2130511850118637 0.004999999888241291 -0.4860228896141052
			vertex -0.21237803995609283 0.004999999888241291 -0.4866029918193817
			vertex -0.21654151380062103 0.004999999888241291 -0.49092361330986023
		endloop
	endfacet
	facet normal 0 1 0
		outer loop
			vertex -0.21237803995609283 0.004999999888241291 -0.4866029918193817
			vertex -0.21177825331687927 0.004999999888241291 -0.487258642911911
			vertex -0.21654151380062103 0.004999999888241291 -0.49092361330986023
		endloop
	endfacet
	facet normal 0 1 0
		outer loop
			vertex -0.21654151380062103 0.004999999888241291 -0.49092361330986023
			vertex -0.21177825331687927 0.004999999888241291 -0.487258642911911
			vertex -0.21630313992500305 0.004999999888241291 -0.49123430252075195
		endloop
	endfacet
	facet normal 0 1 0
		outer loop
			vertex -0.21671512722969055 0.004999999888241291 -0.49943163990974426
			vertex -0.2176021784543991 0.004999999888241291 -0.4994843006134033
			vertex -0.2176021784543991 0.004999999888241291 -0.4934842884540558
		endloop
	endfacet
	facet normal 0 1 0
		outer loop
			vertex -0.2176021784543991 0.004999999888241291 -0.4994843006134033
			vertex -0.21848922967910767 0.004999999888241291 -0.49943163990974426
			vertex -0.2176021784543991 0.004999999888241291 -0.4934842884540558
		endloop
	endfacet
	facet normal 0 1 0
		outer loop
			vertex -0.2176021784543991 0.004999999888241291 -0.4934842884540558
			vertex -0.21848922967910767 0.004999999888241291 -0.49943163990974426
			vertex -0.21799041330814362 0.004999999888241291 -0.4934331774711609
		endloop
	endfacet
	facet normal 0 1 0
		outer loop
			vertex -0.21848922967910767 0.004999999888241291 -0.49943163990974426
			vertex -0.21936382353305817 0.004999999888241291 -0.49927446246147156
			vertex -0.21799041330814362 0.004999999888241291 -0.4934331774711609
		endloop
	endfacet
	facet normal 0 1 0
		outer loop
			vertex -0.21799041330814362 0.004999999888241291 -0.4934331774711609
			vertex -0.21936382353305817 0.004999999888241291 -0.49927446246147156
			vertex -0.22021369636058807 0.004999999888241291 -0.4990149438381195
		endloop
	endfacet
	facet normal 0 1 0
		outer loop
			vertex -0.21177825331687927 0.004999999888241291 -0.487258642911911
			vertex -0.21126021444797516 0.004999999888241291 -0.48798060417175293
			vertex -0.21630313992500305 0.004999999888241291 -0.49123430252075195
		endloop
	endfacet
	facet normal 0 1 0
		outer loop
			vertex -0.21126021444797516 0.004999999888241291 -0.48798060417175293
			vertex -0.2108311951160431 0.004999999888241291 -0.48875880241394043
			vertex -0.21630313992500305 0.004999999888241291 -0.49123430252075195
		endloop
	endfacet
	facet normal 0 1 0
		outer loop
			vertex -0.21630313992500305 0.004999999888241291 -0.49123430252075195
			vertex -0.2108311951160431 0.004999999888241291 -0.48875880241394043
			vertex -0.21615329384803772 0.004999999888241291 -0.4915960729122162
		endloop
	endfacet
	facet normal 0 1 0
		outer loop
			vertex -0.2108311951160431 0.004999999888241291 -0.48875880241394043
			vertex -0.21049723029136658 0.004999999888241291 -0.48958227038383484
			vertex -0.21615329384803772 0.004999999888241291 -0.4915960729122162
		endloop
	endfacet
	facet normal 0 1 0
		outer loop
			vertex -0.21615329384803772 0.004999999888241291 -0.4915960729122162
			vertex -0.21049723029136658 0.004999999888241291 -0.48958227038383484
			vertex -0.21026299893856049 0.004999999888241291 -0.49043944478034973
		endloop
	endfacet
	facet normal 0 -1 0
		outer loop
			vertex -0.2176021784543991 -1.734723475976807e-18 -0.48498427867889404
			vertex -0.2181958258152008 -1.734723475976807e-18 -0.48500949144363403
			vertex -0.2176021784543991 -1.734723475976807e-18 -0.4919842779636383
		endloop
	endfacet
	facet normal 0 -1 0
		outer loop
			vertex -0.2176021784543991 -1.734723475976807e-18 -0.48498427867889404
			vertex -0.2176021784543991 -1.734723475976807e-18 -0.4919842779636383
			vertex -0.2170085310935974 -1.734723475976807e-18 -0.48500949144363403
		endloop
	endfacet
	facet normal 0 -1 0
		outer loop
			vertex -0.21527020633220673 -1.734723475976807e-18 -0.48538413643836975
			vertex -0.21583832800388336 -1.734723475976807e-18 -0.4852101504802704
			vertex -0.2176021784543991 -1.734723475976807e-18 -0.4919842779636383
		endloop
	endfacet
	facet normal 0 -1 0
		outer loop
			vertex -0.21583832800388336 -1.734723475976807e-18 -0.4852101504802704
			vertex -0.21641917526721954 -1.734723475976807e-18 -0.48508498072624207
			vertex -0.2176021784543991 -1.734723475976807e-18 -0.4919842779636383
		endloop
	endfacet
	facet normal 0 -1 0
		outer loop
			vertex -0.2176021784543991 -1.734723475976807e-18 -0.4919842779636383
			vertex -0.21641917526721954 -1.734723475976807e-18 -0.48508498072624207
			vertex -0.2170085310935974 -1.734723475976807e-18 -0.48500949144363403
		endloop
	endfacet
	facet normal 0 -1 0
		outer loop
			vertex -0.2136823534965515 -1.734723475976807e-18 -0.4861847162246704
			vertex -0.2141883224248886 -1.734723475976807e-18 -0.48587319254875183
			vertex -0.2176021784543991 -1.734723475976807e-18 -0.4919842779636383
		endloop
	endfacet
	facet normal 0 -1 0
		outer loop
			vertex -0.2141883224248886 -1.734723475976807e-18 -0.48587319254875183
			vertex -0.21471887826919556 -1.734723475976807e-18 -0.4856056869029999
			vertex -0.2176021784543991 -1.734723475976807e-18 -0.4919842779636383
		endloop
	endfacet
	facet normal 0 -1 0
		outer loop
			vertex -0.2176021784543991 -1.734723475976807e-18 -0.4919842779636383
			vertex -0.21471887826919556 -1.734723475976807e-18 -0.4856056869029999
			vertex -0.21527020633220673 -1.734723475976807e-18 -0.48538413643836975
		endloop
	endfacet
	facet normal 0 -1 0
		outer loop
			vertex -0.21234747767448425 -1.734723475976807e-18 -0.48735955357551575
			vertex -0.2127586007118225 -1.734723475976807e-18 -0.48693060874938965
			vertex -0.2176021784543991 -1.734723475976807e-18 -0.4919842779636383
		endloop
	endfacet
	facet normal 0 -1 0
		outer loop
			vertex -0.2127586007118225 -1.734723475976807e-18 -0.48693060874938965
			vertex -0.21320463716983795 -1.734723475976807e-18 -0.4865380525588989
			vertex -0.2176021784543991 -1.734723475976807e-18 -0.4919842779636383
		endloop
	endfacet
	facet normal 0 -1 0
		outer loop
			vertex -0.2176021784543991 -1.734723475976807e-18 -0.4919842779636383
			vertex -0.21320463716983795 -1.734723475976807e-18 -0.4865380525588989
			vertex -0.2136823534965515 -1.734723475976807e-18 -0.4861847162246704
		endloop
	endfacet
	facet normal 0 -1 0
		outer loop
			vertex -0.2113516926765442 -1.734723475976807e-18 -0.48883286118507385
			vertex -0.21164147555828094 -1.734723475976807e-18 -0.488314151763916
			vertex -0.2176021784543991 -1.734723475976807e-18 -0.4919842779636383
		endloop
	endfacet
	facet normal 0 -1 0
		outer loop
			vertex -0.21164147555828094 -1.734723475976807e-18 -0.488314151763916
			vertex -0.21197420358657837 -1.734723475976807e-18 -0.4878218472003937
			vertex -0.2176021784543991 -1.734723475976807e-18 -0.4919842779636383
		endloop
	endfacet
	facet normal 0 -1 0
		outer loop
			vertex -0.2176021784543991 -1.734723475976807e-18 -0.4919842779636383
			vertex -0.21197420358657837 -1.734723475976807e-18 -0.4878218472003937
			vertex -0.21234747767448425 -1.734723475976807e-18 -0.48735955357551575
		endloop
	endfacet
	facet normal 0 -1 0
		outer loop
			vertex -0.21075929701328278 -1.734723475976807e-18 -0.4905095398426056
			vertex -0.21090900897979736 -1.734723475976807e-18 -0.4899345338344574
			vertex -0.2176021784543991 -1.734723475976807e-18 -0.4919842779636383
		endloop
	endfacet
	facet normal 0 -1 0
		outer loop
			vertex -0.21090900897979736 -1.734723475976807e-18 -0.4899345338344574
			vertex -0.21110695600509644 -1.734723475976807e-18 -0.4893742799758911
			vertex -0.2176021784543991 -1.734723475976807e-18 -0.4919842779636383
		endloop
	endfacet
	facet normal 0 -1 0
		outer loop
			vertex -0.2176021784543991 -1.734723475976807e-18 -0.4919842779636383
			vertex -0.21110695600509644 -1.734723475976807e-18 -0.4893742799758911
			vertex -0.2113516926765442 -1.734723475976807e-18 -0.48883286118507385
		endloop
	endfacet
	facet normal 0 -1 0
		outer loop
			vertex -0.21060848236083984 -1.734723475976807e-18 -0.49228137731552124
			vertex -0.21060848236083984 -1.734723475976807e-18 -0.49168720841407776
			vertex -0.2176021784543991 -1.734723475976807e-18 -0.4919842779636383
		endloop
	endfacet
	facet normal 0 -1 0
		outer loop
			vertex -0.21060848236083984 -1.734723475976807e-18 -0.49168720841407776
			vertex -0.21065887808799744 -1.734723475976807e-18 -0.4910951554775238
			vertex -0.2176021784543991 -1.734723475976807e-18 -0.4919842779636383
		endloop
	endfacet
	facet normal 0 -1 0
		outer loop
			vertex -0.2176021784543991 -1.734723475976807e-18 -0.4919842779636383
			vertex -0.21065887808799744 -1.734723475976807e-18 -0.4910951554775238
			vertex -0.21075929701328278 -1.734723475976807e-18 -0.4905095398426056
		endloop
	endfacet
	facet normal 0 -1 0
		outer loop
			vertex -0.21090900897979736 -1.734723475976807e-18 -0.4940340518951416
			vertex -0.21075929701328278 -1.734723475976807e-18 -0.4934590458869934
			vertex -0.2176021784543991 -1.734723475976807e-18 -0.4919842779636383
		endloop
	endfacet
	facet normal 0 -1 0
		outer loop
			vertex -0.21075929701328278 -1.734723475976807e-18 -0.4934590458869934
			vertex -0.21065887808799744 -1.734723475976807e-18 -0.4928734004497528
			vertex -0.2176021784543991 -1.734723475976807e-18 -0.4919842779636383
		endloop
	endfacet
	facet normal 0 -1 0
		outer loop
			vertex -0.2176021784543991 -1.734723475976807e-18 -0.4919842779636383
			vertex -0.21065887808799744 -1.734723475976807e-18 -0.4928734004497528
			vertex -0.21060848236083984 -1.734723475976807e-18 -0.49228137731552124
		endloop
	endfacet
	facet normal 0 -1 0
		outer loop
			vertex -0.21164147555828094 -1.734723475976807e-18 -0.495654433965683
			vertex -0.2113516926765442 -1.734723475976807e-18 -0.49513572454452515
			vertex -0.2176021784543991 -1.734723475976807e-18 -0.4919842779636383
		endloop
	endfacet
	facet normal 0 -1 0
		outer loop
			vertex -0.2113516926765442 -1.734723475976807e-18 -0.49513572454452515
			vertex -0.21110695600509644 -1.734723475976807e-18 -0.4945942759513855
			vertex -0.2176021784543991 -1.734723475976807e-18 -0.4919842779636383
		endloop
	endfacet
	facet normal 0 -1 0
		outer loop
			vertex -0.2176021784543991 -1.734723475976807e-18 -0.4919842779636383
			vertex -0.21110695600509644 -1.734723475976807e-18 -0.4945942759513855
			vertex -0.21090900897979736 -1.734723475976807e-18 -0.4940340518951416
		endloop
	endfacet
	facet normal 0 -1 0
		outer loop
			vertex -0.2127586007118225 -1.734723475976807e-18 -0.49703797698020935
			vertex -0.21234747767448425 -1.734723475976807e-18 -0.49660900235176086
			vertex -0.2176021784543991 -1.734723475976807e-18 -0.4919842779636383
		endloop
	endfacet
	facet normal 0 -1 0
		outer loop
			vertex -0.21234747767448425 -1.734723475976807e-18 -0.49660900235176086
			vertex -0.21197420358657837 -1.734723475976807e-18 -0.49614670872688293
			vertex -0.2176021784543991 -1.734723475976807e-18 -0.4919842779636383
		endloop
	endfacet
	facet normal 0 -1 0
		outer loop
			vertex -0.2176021784543991 -1.734723475976807e-18 -0.4919842779636383
			vertex -0.21197420358657837 -1.734723475976807e-18 -0.49614670872688293
			vertex -0.21164147555828094 -1.734723475976807e-18 -0.495654433965683
		endloop
	endfacet
	facet normal 0 -1 0
		outer loop
			vertex -0.2141883224248886 -1.734723475976807e-18 -0.49809539318084717
			vertex -0.2136823534965515 -1.734723475976807e-18 -0.4977838695049286
			vertex -0.2176021784543991 -1.734723475976807e-18 -0.4919842779636383
		endloop
	endfacet
	facet normal 0 -1 0
		outer loop
			vertex -0.2136823534965515 -1.734723475976807e-18 -0.4977838695049286
			vertex -0.21320463716983795 -1.734723475976807e-18 -0.4974305331707001
			vertex -0.2176021784543991 -1.734723475976807e-18 -0.4919842779636383
		endloop
	endfacet
	facet normal 0 -1 0
		outer loop
			vertex -0.2176021784543991 -1.734723475976807e-18 -0.4919842779636383
			vertex -0.21320463716983795 -1.734723475976807e-18 -0.4974305331707001
			vertex -0.2127586007118225 -1.734723475976807e-18 -0.49703797698020935
		endloop
	endfacet
	facet normal 0 -1 0
		outer loop
			vertex -0.21583832800388336 -1.734723475976807e-18 -0.4987584054470062
			vertex -0.21527020633220673 -1.734723475976807e-18 -0.49858441948890686
			vertex -0.2176021784543991 -1.734723475976807e-18 -0.4919842779636383
		endloop
	endfacet
	facet normal 0 -1 0
		outer loop
			vertex -0.21527020633220673 -1.734723475976807e-18 -0.49858441948890686
			vertex -0.21471887826919556 -1.734723475976807e-18 -0.4983628988265991
			vertex -0.2176021784543991 -1.734723475976807e-18 -0.4919842779636383
		endloop
	endfacet
	facet normal 0 -1 0
		outer loop
			vertex -0.2176021784543991 -1.734723475976807e-18 -0.4919842779636383
			vertex -0.21471887826919556 -1.734723475976807e-18 -0.4983628988265991
			vertex -0.2141883224248886 -1.734723475976807e-18 -0.49809539318084717
		endloop
	endfacet
	facet normal 0 -1 0
		outer loop
			vertex -0.2176021784543991 -1.734723475976807e-18 -0.49898427724838257
			vertex -0.2170085310935974 -1.734723475976807e-18 -0.4989590644836426
			vertex -0.2176021784543991 -1.734723475976807e-18 -0.4919842779636383
		endloop
	endfacet
	facet normal 0 -1 0
		outer loop
			vertex -0.2170085310935974 -1.734723475976807e-18 -0.4989590644836426
			vertex -0.21641917526721954 -1.734723475976807e-18 -0.49888360500335693
			vertex -0.2176021784543991 -1.734723475976807e-18 -0.4919842779636383
		endloop
	endfacet
	facet normal 0 -1 0
		outer loop
			vertex -0.2176021784543991 -1.734723475976807e-18 -0.4919842779636383
			vertex -0.21641917526721954 -1.734723475976807e-18 -0.49888360500335693
			vertex -0.21583832800388336 -1.734723475976807e-18 -0.4987584054470062
		endloop
	endfacet
	facet normal 0 -1 0
		outer loop
			vertex -0.21936602890491486 -1.734723475976807e-18 -0.4987584054470062
			vertex -0.21878518164157867 -1.734723475976807e-18 -0.49888360500335693
			vertex -0.2176021784543991 -1.734723475976807e-18 -0.4919842779636383
		endloop
	endfacet
	facet normal 0 -1 0
		outer loop
			vertex -0.21878518164157867 -1.734723475976807e-18 -0.49888360500335693
			vertex -0.2181958258152008 -1.734723475976807e-18 -0.4989590644836426
			vertex -0.2176021784543991 -1.734723475976807e-18 -0.4919842779636383
		endloop
	endfacet
	facet normal 0 -1 0
		outer loop
			vertex -0.2176021784543991 -1.734723475976807e-18 -0.4919842779636383
			vertex -0.2181958258152008 -1.734723475976807e-18 -0.4989590644836426
			vertex -0.2176021784543991 -1.734723475976807e-18 -0.49898427724838257
		endloop
	endfacet
	facet normal 0 -1 0
		outer loop
			vertex -0.2210160493850708 -1.734723475976807e-18 -0.49809539318084717
			vertex -0.22048549354076385 -1.734723475976807e-18 -0.4983628988265991
			vertex -0.2176021784543991 -1.734723475976807e-18 -0.4919842779636383
		endloop
	endfacet
	facet normal 0 -1 0
		outer loop
			vertex -0.22048549354076385 -1.734723475976807e-18 -0.4983628988265991
			vertex -0.21993416547775269 -1.734723475976807e-18 -0.49858441948890686
			vertex -0.2176021784543991 -1.734723475976807e-18 -0.4919842779636383
		endloop
	endfacet
	facet normal 0 -1 0
		outer loop
			vertex -0.2176021784543991 -1.734723475976807e-18 -0.4919842779636383
			vertex -0.21993416547775269 -1.734723475976807e-18 -0.49858441948890686
			vertex -0.21936602890491486 -1.734723475976807e-18 -0.4987584054470062
		endloop
	endfacet
	facet normal 0 -1 0
		outer loop
			vertex -0.2224457561969757 -1.734723475976807e-18 -0.49703797698020935
			vertex -0.22199971973896027 -1.734723475976807e-18 -0.4974305331707001
			vertex -0.2176021784543991 -1.734723475976807e-18 -0.4919842779636383
		endloop
	endfacet
	facet normal 0 -1 0
		outer loop
			vertex -0.22199971973896027 -1.734723475976807e-18 -0.4974305331707001
			vertex -0.2215220034122467 -1.734723475976807e-18 -0.4977838695049286
			vertex -0.2176021784543991 -1.734723475976807e-18 -0.4919842779636383
		endloop
	endfacet
	facet normal 0 -1 0
		outer loop
			vertex -0.2176021784543991 -1.734723475976807e-18 -0.4919842779636383
			vertex -0.2215220034122467 -1.734723475976807e-18 -0.4977838695049286
			vertex -0.2210160493850708 -1.734723475976807e-18 -0.49809539318084717
		endloop
	endfacet
	facet normal 0 -1 0
		outer loop
			vertex -0.22356288135051727 -1.734723475976807e-18 -0.495654433965683
			vertex -0.22323015332221985 -1.734723475976807e-18 -0.49614670872688293
			vertex -0.2176021784543991 -1.734723475976807e-18 -0.4919842779636383
		endloop
	endfacet
	facet normal 0 -1 0
		outer loop
			vertex -0.22323015332221985 -1.734723475976807e-18 -0.49614670872688293
			vertex -0.22285687923431396 -1.734723475976807e-18 -0.49660900235176086
			vertex -0.2176021784543991 -1.734723475976807e-18 -0.4919842779636383
		endloop
	endfacet
	facet normal 0 -1 0
		outer loop
			vertex -0.2176021784543991 -1.734723475976807e-18 -0.4919842779636383
			vertex -0.22285687923431396 -1.734723475976807e-18 -0.49660900235176086
			vertex -0.2224457561969757 -1.734723475976807e-18 -0.49703797698020935
		endloop
	endfacet
	facet normal 0 -1 0
		outer loop
			vertex -0.22429534792900085 -1.734723475976807e-18 -0.4940340518951416
			vertex -0.22409740090370178 -1.734723475976807e-18 -0.4945942759513855
			vertex -0.2176021784543991 -1.734723475976807e-18 -0.4919842779636383
		endloop
	endfacet
	facet normal 0 -1 0
		outer loop
			vertex -0.22409740090370178 -1.734723475976807e-18 -0.4945942759513855
			vertex -0.22385266423225403 -1.734723475976807e-18 -0.49513572454452515
			vertex -0.2176021784543991 -1.734723475976807e-18 -0.4919842779636383
		endloop
	endfacet
	facet normal 0 -1 0
		outer loop
			vertex -0.2176021784543991 -1.734723475976807e-18 -0.4919842779636383
			vertex -0.22385266423225403 -1.734723475976807e-18 -0.49513572454452515
			vertex -0.22356288135051727 -1.734723475976807e-18 -0.495654433965683
		endloop
	endfacet
	facet normal 0 -1 0
		outer loop
			vertex -0.22459587454795837 -1.734723475976807e-18 -0.49228137731552124
			vertex -0.22454547882080078 -1.734723475976807e-18 -0.4928734004497528
			vertex -0.2176021784543991 -1.734723475976807e-18 -0.4919842779636383
		endloop
	endfacet
	facet normal 0 -1 0
		outer loop
			vertex -0.22454547882080078 -1.734723475976807e-18 -0.4928734004497528
			vertex -0.22444505989551544 -1.734723475976807e-18 -0.4934590458869934
			vertex -0.2176021784543991 -1.734723475976807e-18 -0.4919842779636383
		endloop
	endfacet
	facet normal 0 -1 0
		outer loop
			vertex -0.2176021784543991 -1.734723475976807e-18 -0.4919842779636383
			vertex -0.22444505989551544 -1.734723475976807e-18 -0.4934590458869934
			vertex -0.22429534792900085 -1.734723475976807e-18 -0.4940340518951416
		endloop
	endfacet
	facet normal 0 -1 0
		outer loop
			vertex -0.22444505989551544 -1.734723475976807e-18 -0.4905095398426056
			vertex -0.22454547882080078 -1.734723475976807e-18 -0.4910951554775238
			vertex -0.2176021784543991 -1.734723475976807e-18 -0.4919842779636383
		endloop
	endfacet
	facet normal 0 -1 0
		outer loop
			vertex -0.22454547882080078 -1.734723475976807e-18 -0.4910951554775238
			vertex -0.22459587454795837 -1.734723475976807e-18 -0.49168720841407776
			vertex -0.2176021784543991 -1.734723475976807e-18 -0.4919842779636383
		endloop
	endfacet
	facet normal 0 -1 0
		outer loop
			vertex -0.2176021784543991 -1.734723475976807e-18 -0.4919842779636383
			vertex -0.22459587454795837 -1.734723475976807e-18 -0.49168720841407776
			vertex -0.22459587454795837 -1.734723475976807e-18 -0.49228137731552124
		endloop
	endfacet
	facet normal 0 -1 0
		outer loop
			vertex -0.22385266423225403 -1.734723475976807e-18 -0.48883286118507385
			vertex -0.22409740090370178 -1.734723475976807e-18 -0.4893742799758911
			vertex -0.2176021784543991 -1.734723475976807e-18 -0.4919842779636383
		endloop
	endfacet
	facet normal 0 -1 0
		outer loop
			vertex -0.22409740090370178 -1.734723475976807e-18 -0.4893742799758911
			vertex -0.22429534792900085 -1.734723475976807e-18 -0.4899345338344574
			vertex -0.2176021784543991 -1.734723475976807e-18 -0.4919842779636383
		endloop
	endfacet
	facet normal 0 -1 0
		outer loop
			vertex -0.2176021784543991 -1.734723475976807e-18 -0.4919842779636383
			vertex -0.22429534792900085 -1.734723475976807e-18 -0.4899345338344574
			vertex -0.22444505989551544 -1.734723475976807e-18 -0.4905095398426056
		endloop
	endfacet
	facet normal 0 -1 0
		outer loop
			vertex -0.22285687923431396 -1.734723475976807e-18 -0.48735955357551575
			vertex -0.22323015332221985 -1.734723475976807e-18 -0.4878218472003937
			vertex -0.2176021784543991 -1.734723475976807e-18 -0.4919842779636383
		endloop
	endfacet
	facet normal 0 -1 0
		outer loop
			vertex -0.22323015332221985 -1.734723475976807e-18 -0.4878218472003937
			vertex -0.22356288135051727 -1.734723475976807e-18 -0.488314151763916
			vertex -0.2176021784543991 -1.734723475976807e-18 -0.4919842779636383
		endloop
	endfacet
	facet normal 0 -1 0
		outer loop
			vertex -0.2176021784543991 -1.734723475976807e-18 -0.4919842779636383
			vertex -0.22356288135051727 -1.734723475976807e-18 -0.488314151763916
			vertex -0.22385266423225403 -1.734723475976807e-18 -0.48883286118507385
		endloop
	endfacet
	facet normal 0 -1 0
		outer loop
			vertex -0.2215220034122467 -1.734723475976807e-18 -0.4861847162246704
			vertex -0.22199971973896027 -1.734723475976807e-18 -0.4865380525588989
			vertex -0.2176021784543991 -1.734723475976807e-18 -0.4919842779636383
		endloop
	endfacet
	facet normal 0 -1 0
		outer loop
			vertex -0.22199971973896027 -1.734723475976807e-18 -0.4865380525588989
			vertex -0.2224457561969757 -1.734723475976807e-18 -0.48693060874938965
			vertex -0.2176021784543991 -1.734723475976807e-18 -0.4919842779636383
		endloop
	endfacet
	facet normal 0 -1 0
		outer loop
			vertex -0.2176021784543991 -1.734723475976807e-18 -0.4919842779636383
			vertex -0.2224457561969757 -1.734723475976807e-18 -0.48693060874938965
			vertex -0.22285687923431396 -1.734723475976807e-18 -0.48735955357551575
		endloop
	endfacet
	facet normal 0 -1 0
		outer loop
			vertex -0.21993416547775269 -1.734723475976807e-18 -0.48538413643836975
			vertex -0.22048549354076385 -1.734723475976807e-18 -0.4856056869029999
			vertex -0.2176021784543991 -1.734723475976807e-18 -0.4919842779636383
		endloop
	endfacet
	facet normal 0 -1 0
		outer loop
			vertex -0.22048549354076385 -1.734723475976807e-18 -0.4856056869029999
			vertex -0.2210160493850708 -1.734723475976807e-18 -0.48587319254875183
			vertex -0.2176021784543991 -1.734723475976807e-18 -0.4919842779636383
		endloop
	endfacet
	facet normal 0 -1 0
		outer loop
			vertex -0.2176021784543991 -1.734723475976807e-18 -0.4919842779636383
			vertex -0.2210160493850708 -1.734723475976807e-18 -0.48587319254875183
			vertex -0.2215220034122467 -1.734723475976807e-18 -0.4861847162246704
		endloop
	endfacet
	facet normal 0 -1 0
		outer loop
			vertex -0.2181958258152008 -1.734723475976807e-18 -0.48500949144363403
			vertex -0.21878518164157867 -1.734723475976807e-18 -0.48508498072624207
			vertex -0.2176021784543991 -1.734723475976807e-18 -0.4919842779636383
		endloop
	endfacet
	facet normal 0 -1 0
		outer loop
			vertex -0.21878518164157867 -1.734723475976807e-18 -0.48508498072624207
			vertex -0.21936602890491486 -1.734723475976807e-18 -0.4852101504802704
			vertex -0.2176021784543991 -1.734723475976807e-18 -0.4919842779636383
		endloop
	endfacet
	facet normal 0 -1 0
		outer loop
			vertex -0.2176021784543991 -1.734723475976807e-18 -0.4919842779636383
			vertex -0.21936602890491486 -1.734723475976807e-18 -0.4852101504802704
			vertex -0.21993416547775269 -1.734723475976807e-18 -0.48538413643836975
		endloop
	endfacet
	facet normal -0.13052834236243033 0 -0.9914445782998244
		outer loop
			vertex -0.2176021784543991 0.003000000026077032 -0.4904842972755432
			vertex -0.2176021784543991 0.004999999888241291 -0.4904842972755432
			vertex -0.2172139585018158 0.003000000026077032 -0.4905354082584381
		endloop
	endfacet
	facet normal -0.13052834236243033 0 -0.9914445782998244
		outer loop
			vertex -0.2176021784543991 0.004999999888241291 -0.4904842972755432
			vertex -0.2172139585018158 0.004999999888241291 -0.4905354082584381
			vertex -0.2172139585018158 0.003000000026077032 -0.4905354082584381
		endloop
	endfacet
	facet normal -0.382660985760248 0 -0.9238888298799782
		outer loop
			vertex -0.2172139585018158 0.003000000026077032 -0.4905354082584381
			vertex -0.2172139585018158 0.004999999888241291 -0.4905354082584381
			vertex -0.21685217320919037 0.003000000026077032 -0.49068525433540344
		endloop
	endfacet
	facet normal -0.382660985760248 0 -0.9238888298799782
		outer loop
			vertex -0.2172139585018158 0.004999999888241291 -0.4905354082584381
			vertex -0.21685217320919037 0.004999999888241291 -0.49068525433540344
			vertex -0.21685217320919037 0.003000000026077032 -0.49068525433540344
		endloop
	endfacet
	facet normal -0.7933858254851301 0 -0.6087190911407975
		outer loop
			vertex -0.21654151380062103 0.003000000026077032 -0.49092361330986023
			vertex -0.21654151380062103 0.004999999888241291 -0.49092361330986023
			vertex -0.21630313992500305 0.003000000026077032 -0.49123430252075195
		endloop
	endfacet
	facet normal -0.7933858254851301 0 -0.6087190911407975
		outer loop
			vertex -0.21654151380062103 0.004999999888241291 -0.49092361330986023
			vertex -0.21630313992500305 0.004999999888241291 -0.49123430252075195
			vertex -0.21630313992500305 0.003000000026077032 -0.49123430252075195
		endloop
	endfacet
	facet normal -0.9238832575067615 0 -0.38267443930669715
		outer loop
			vertex -0.21630313992500305 0.003000000026077032 -0.49123430252075195
			vertex -0.21630313992500305 0.004999999888241291 -0.49123430252075195
			vertex -0.21615329384803772 0.003000000026077032 -0.4915960729122162
		endloop
	endfacet
	facet normal -0.9238832575067615 0 -0.38267443930669715
		outer loop
			vertex -0.21630313992500305 0.004999999888241291 -0.49123430252075195
			vertex -0.21615329384803772 0.004999999888241291 -0.4915960729122162
			vertex -0.21615329384803772 0.003000000026077032 -0.4915960729122162
		endloop
	endfacet
	facet normal -0.9914439298969561 0 -0.13053326729412557
		outer loop
			vertex -0.21615329384803772 0.003000000026077032 -0.4915960729122162
			vertex -0.21615329384803772 0.004999999888241291 -0.4915960729122162
			vertex -0.21610218286514282 0.003000000026077032 -0.4919842779636383
		endloop
	endfacet
	facet normal -0.9914439298969561 0 -0.13053326729412557
		outer loop
			vertex -0.21615329384803772 0.004999999888241291 -0.4915960729122162
			vertex -0.21610218286514282 0.004999999888241291 -0.4919842779636383
			vertex -0.21610218286514282 0.003000000026077032 -0.4919842779636383
		endloop
	endfacet
	facet normal -0.9914452266293051 0 0.13052341779912935
		outer loop
			vertex -0.21610218286514282 0.003000000026077032 -0.4919842779636383
			vertex -0.21610218286514282 0.004999999888241291 -0.4919842779636383
			vertex -0.21615329384803772 0.003000000026077032 -0.4923725128173828
		endloop
	endfacet
	facet normal -0.9914452266293051 0 0.13052341779912935
		outer loop
			vertex -0.21610218286514282 0.004999999888241291 -0.4919842779636383
			vertex -0.21615329384803772 0.004999999888241291 -0.4923725128173828
			vertex -0.21615329384803772 0.003000000026077032 -0.4923725128173828
		endloop
	endfacet
	facet normal -0.9238832575067615 0 0.38267443930669715
		outer loop
			vertex -0.21615329384803772 0.003000000026077032 -0.4923725128173828
			vertex -0.21615329384803772 0.004999999888241291 -0.4923725128173828
			vertex -0.21630313992500305 0.003000000026077032 -0.49273428320884705
		endloop
	endfacet
	facet normal -0.9238832575067615 0 0.38267443930669715
		outer loop
			vertex -0.21615329384803772 0.004999999888241291 -0.4923725128173828
			vertex -0.21630313992500305 0.004999999888241291 -0.49273428320884705
			vertex -0.21630313992500305 0.003000000026077032 -0.49273428320884705
		endloop
	endfacet
	facet normal -0.7933576233782733 0 0.6087558471403606
		outer loop
			vertex -0.21630313992500305 0.003000000026077032 -0.49273428320884705
			vertex -0.21630313992500305 0.004999999888241291 -0.49273428320884705
			vertex -0.21654151380062103 0.003000000026077032 -0.4930449426174164
		endloop
	endfacet
	facet normal -0.7933576233782733 0 0.6087558471403606
		outer loop
			vertex -0.21630313992500305 0.004999999888241291 -0.49273428320884705
			vertex -0.21654151380062103 0.004999999888241291 -0.4930449426174164
			vertex -0.21654151380062103 0.003000000026077032 -0.4930449426174164
		endloop
	endfacet
	facet normal -0.608779798353094 0 0.793339244659664
		outer loop
			vertex -0.21654151380062103 0.003000000026077032 -0.4930449426174164
			vertex -0.21654151380062103 0.004999999888241291 -0.4930449426174164
			vertex -0.21685217320919037 0.003000000026077032 -0.49328333139419556
		endloop
	endfacet
	facet normal -0.608779798353094 0 0.793339244659664
		outer loop
			vertex -0.21654151380062103 0.004999999888241291 -0.4930449426174164
			vertex -0.21685217320919037 0.004999999888241291 -0.49328333139419556
			vertex -0.21685217320919037 0.003000000026077032 -0.49328333139419556
		endloop
	endfacet
	facet normal -0.382660985760248 0 0.9238888298799782
		outer loop
			vertex -0.21685217320919037 0.003000000026077032 -0.49328333139419556
			vertex -0.21685217320919037 0.004999999888241291 -0.49328333139419556
			vertex -0.2172139585018158 0.003000000026077032 -0.4934331774711609
		endloop
	endfacet
	facet normal -0.382660985760248 0 0.9238888298799782
		outer loop
			vertex -0.21685217320919037 0.004999999888241291 -0.49328333139419556
			vertex -0.2172139585018158 0.004999999888241291 -0.4934331774711609
			vertex -0.2172139585018158 0.003000000026077032 -0.4934331774711609
		endloop
	endfacet
	facet normal 0.13052341779912935 0 0.9914452266293051
		outer loop
			vertex -0.2176021784543991 0.003000000026077032 -0.4934842884540558
			vertex -0.2176021784543991 0.004999999888241291 -0.4934842884540558
			vertex -0.21799041330814362 0.003000000026077032 -0.4934331774711609
		endloop
	endfacet
	facet normal 0.13052341779912935 0 0.9914452266293051
		outer loop
			vertex -0.2176021784543991 0.004999999888241291 -0.4934842884540558
			vertex -0.21799041330814362 0.004999999888241291 -0.4934331774711609
			vertex -0.21799041330814362 0.003000000026077032 -0.4934331774711609
		endloop
	endfacet
	facet normal 0.38267443930669715 0 0.9238832575067615
		outer loop
			vertex -0.21799041330814362 0.003000000026077032 -0.4934331774711609
			vertex -0.21799041330814362 0.004999999888241291 -0.4934331774711609
			vertex -0.21835218369960785 0.003000000026077032 -0.49328333139419556
		endloop
	endfacet
	facet normal 0.38267443930669715 0 0.9238832575067615
		outer loop
			vertex -0.21799041330814362 0.004999999888241291 -0.4934331774711609
			vertex -0.21835218369960785 0.004999999888241291 -0.49328333139419556
			vertex -0.21835218369960785 0.003000000026077032 -0.49328333139419556
		endloop
	endfacet
	facet normal 0.608779798353094 0 0.793339244659664
		outer loop
			vertex -0.21835218369960785 0.003000000026077032 -0.49328333139419556
			vertex -0.21835218369960785 0.004999999888241291 -0.49328333139419556
			vertex -0.21866284310817719 0.003000000026077032 -0.4930449426174164
		endloop
	endfacet
	facet normal 0.608779798353094 0 0.793339244659664
		outer loop
			vertex -0.21835218369960785 0.004999999888241291 -0.49328333139419556
			vertex -0.21866284310817719 0.004999999888241291 -0.4930449426174164
			vertex -0.21866284310817719 0.003000000026077032 -0.4930449426174164
		endloop
	endfacet
	facet normal 0.9238832575067615 0 0.38267443930669715
		outer loop
			vertex -0.21890121698379517 0.003000000026077032 -0.49273428320884705
			vertex -0.21890121698379517 0.004999999888241291 -0.49273428320884705
			vertex -0.2190510630607605 0.003000000026077032 -0.4923725128173828
		endloop
	endfacet
	facet normal 0.9238832575067615 0 0.38267443930669715
		outer loop
			vertex -0.21890121698379517 0.004999999888241291 -0.49273428320884705
			vertex -0.2190510630607605 0.004999999888241291 -0.4923725128173828
			vertex -0.2190510630607605 0.003000000026077032 -0.4923725128173828
		endloop
	endfacet
	facet normal 0.9914452266293051 0 0.13052341779912935
		outer loop
			vertex -0.2190510630607605 0.003000000026077032 -0.4923725128173828
			vertex -0.2190510630607605 0.004999999888241291 -0.4923725128173828
			vertex -0.2191021740436554 0.003000000026077032 -0.4919842779636383
		endloop
	endfacet
	facet normal 0.9914452266293051 0 0.13052341779912935
		outer loop
			vertex -0.2190510630607605 0.004999999888241291 -0.4923725128173828
			vertex -0.2191021740436554 0.004999999888241291 -0.4919842779636383
			vertex -0.2191021740436554 0.003000000026077032 -0.4919842779636383
		endloop
	endfacet
	facet normal 0.9914439298969561 0 -0.13053326729412557
		outer loop
			vertex -0.2191021740436554 0.003000000026077032 -0.4919842779636383
			vertex -0.2191021740436554 0.004999999888241291 -0.4919842779636383
			vertex -0.2190510630607605 0.003000000026077032 -0.4915960729122162
		endloop
	endfacet
	facet normal 0.9914439298969561 0 -0.13053326729412557
		outer loop
			vertex -0.2191021740436554 0.004999999888241291 -0.4919842779636383
			vertex -0.2190510630607605 0.004999999888241291 -0.4915960729122162
			vertex -0.2190510630607605 0.003000000026077032 -0.4915960729122162
		endloop
	endfacet
	facet normal 0.9238832575067615 0 -0.38267443930669715
		outer loop
			vertex -0.2190510630607605 0.003000000026077032 -0.4915960729122162
			vertex -0.2190510630607605 0.004999999888241291 -0.4915960729122162
			vertex -0.21890121698379517 0.003000000026077032 -0.49123430252075195
		endloop
	endfacet
	facet normal 0.9238832575067615 0 -0.38267443930669715
		outer loop
			vertex -0.2190510630607605 0.004999999888241291 -0.4915960729122162
			vertex -0.21890121698379517 0.004999999888241291 -0.49123430252075195
			vertex -0.21890121698379517 0.003000000026077032 -0.49123430252075195
		endloop
	endfacet
	facet normal 0.7933858254851301 0 -0.6087190911407975
		outer loop
			vertex -0.21890121698379517 0.003000000026077032 -0.49123430252075195
			vertex -0.21890121698379517 0.004999999888241291 -0.49123430252075195
			vertex -0.21866284310817719 0.003000000026077032 -0.49092361330986023
		endloop
	endfacet
	facet normal 0.7933858254851301 0 -0.6087190911407975
		outer loop
			vertex -0.21890121698379517 0.004999999888241291 -0.49123430252075195
			vertex -0.21866284310817719 0.004999999888241291 -0.49092361330986023
			vertex -0.21866284310817719 0.003000000026077032 -0.49092361330986023
		endloop
	endfacet
	facet normal 0.6087318942630205 0 -0.7933760022252722
		outer loop
			vertex -0.21866284310817719 0.003000000026077032 -0.49092361330986023
			vertex -0.21866284310817719 0.004999999888241291 -0.49092361330986023
			vertex -0.21835218369960785 0.003000000026077032 -0.49068525433540344
		endloop
	endfacet
	facet normal 0.6087318942630205 0 -0.7933760022252722
		outer loop
			vertex -0.21866284310817719 0.004999999888241291 -0.49092361330986023
			vertex -0.21835218369960785 0.004999999888241291 -0.49068525433540344
			vertex -0.21835218369960785 0.003000000026077032 -0.49068525433540344
		endloop
	endfacet
	facet normal 0.38267443930669715 0 -0.9238832575067615
		outer loop
			vertex -0.21835218369960785 0.003000000026077032 -0.49068525433540344
			vertex -0.21835218369960785 0.004999999888241291 -0.49068525433540344
			vertex -0.21799041330814362 0.003000000026077032 -0.4905354082584381
		endloop
	endfacet
	facet normal 0.38267443930669715 0 -0.9238832575067615
		outer loop
			vertex -0.21835218369960785 0.004999999888241291 -0.49068525433540344
			vertex -0.21799041330814362 0.004999999888241291 -0.4905354082584381
			vertex -0.21799041330814362 0.003000000026077032 -0.4905354082584381
		endloop
	endfacet
	facet normal 0.13052341779912935 0 -0.9914452266293051
		outer loop
			vertex -0.21799041330814362 0.003000000026077032 -0.4905354082584381
			vertex -0.21799041330814362 0.004999999888241291 -0.4905354082584381
			vertex -0.2176021784543991 0.003000000026077032 -0.4904842972755432
		endloop
	endfacet
	facet normal 0.13052341779912935 0 -0.9914452266293051
		outer loop
			vertex -0.21799041330814362 0.004999999888241291 -0.4905354082584381
			vertex -0.2176021784543991 0.004999999888241291 -0.4904842972755432
			vertex -0.2176021784543991 0.003000000026077032 -0.4904842972755432
		endloop
	endfacet
	facet normal -0.05924063099887242 0.002379636143629441 -0.9982408952605977
		outer loop
			vertex 0.2091202735900879 0.0005000000237487257 -0.02298165112733841
			vertex 0.20886927843093872 0.004999999888241291 -0.02295602858066559
			vertex 0.20975632965564728 0.004999999888241291 -0.023008670657873154
		endloop
	endfacet
	facet normal -0.21068157598584228 -0.000987954286431278 -0.9775542427335937
		outer loop
			vertex 0.20799562335014343 0.0005000000237487257 -0.02279449626803398
			vertex 0.20799468457698822 0.004999999888241291 -0.022798841819167137
			vertex 0.2084888219833374 0.0005000000237487257 -0.022900789976119995
		endloop
	endfacet
	facet normal -0.17689050795701824 0.0028737433426649457 -0.9842263407336285
		outer loop
			vertex 0.20799468457698822 0.004999999888241291 -0.022798841819167137
			vertex 0.20886927843093872 0.004999999888241291 -0.02295602858066559
			vertex 0.2084888219833374 0.0005000000237487257 -0.022900789976119995
		endloop
	endfacet
	facet normal -0.12701602831817574 -0.0014371298504098331 -0.9918996235547575
		outer loop
			vertex 0.2084888219833374 0.0005000000237487257 -0.022900789976119995
			vertex 0.20886927843093872 0.004999999888241291 -0.02295602858066559
			vertex 0.20887009799480438 0.0005000000237487257 -0.022949613630771637
		endloop
	endfacet
	facet normal -0.12702259706493746 -0.0014371298476169823 -0.9918987823829
		outer loop
			vertex 0.20886927843093872 0.004999999888241291 -0.02295602858066559
			vertex 0.2091202735900879 0.0005000000237487257 -0.02298165112733841
			vertex 0.20887009799480438 0.0005000000237487257 -0.022949613630771637
		endloop
	endfacet
	facet normal -0.2106747617503597 -0.0009879542830394743 -0.9775557113064011
		outer loop
			vertex 0.20799562335014343 0.0005000000237487257 -0.02279449626803398
			vertex 0.20786648988723755 0.0005000000237487257 -0.02276666648685932
			vertex 0.20799468457698822 0.004999999888241291 -0.022798841819167137
		endloop
	endfacet
	facet normal -0.29282143615870243 0.001505154643190708 -0.9561659589398983
		outer loop
			vertex 0.20786648988723755 0.0005000000237487257 -0.02276666648685932
			vertex 0.20725777745246887 0.0005000000237487257 -0.022580251097679138
			vertex 0.20799468457698822 0.004999999888241291 -0.022798841819167137
		endloop
	endfacet
	facet normal -0.2920544498391003 0.001368151739726163 -0.9564007143922455
		outer loop
			vertex 0.20799468457698822 0.004999999888241291 -0.022798841819167137
			vertex 0.20725777745246887 0.0005000000237487257 -0.022580251097679138
			vertex 0.2071448117494583 0.004999999888241291 -0.02253931760787964
		endloop
	endfacet
	facet normal -0.3728690652003756 -0.000919979086205159 -0.9278835130850633
		outer loop
			vertex 0.20725777745246887 0.0005000000237487257 -0.022580251097679138
			vertex 0.20714636147022247 0.0005000000237487257 -0.022535478696227074
			vertex 0.2071448117494583 0.004999999888241291 -0.02253931760787964
		endloop
	endfacet
	facet normal -0.3728542076017663 -0.0009199790627841894 -0.9278894834581234
		outer loop
			vertex 0.20714636147022247 0.0005000000237487257 -0.022535478696227074
			vertex 0.20666706562042236 0.0005000000237487257 -0.022342883050441742
			vertex 0.2071448117494583 0.004999999888241291 -0.02253931760787964
		endloop
	endfacet
	facet normal -0.40312336581816716 0.002850059978454274 -0.9151412071858374
		outer loop
			vertex 0.2071448117494583 0.004999999888241291 -0.02253931760787964
			vertex 0.20666706562042236 0.0005000000237487257 -0.022342883050441742
			vertex 0.20633161067962646 0.004999999888241291 -0.02218109928071499
		endloop
	endfacet
	facet normal -0.4502038379945677 -0.0014583090798931683 -0.8929246203289439
		outer loop
			vertex 0.20666706562042236 0.0005000000237487257 -0.022342883050441742
			vertex 0.20633456110954285 0.0005000000237487257 -0.02217523753643036
			vertex 0.20633161067962646 0.004999999888241291 -0.02218109928071499
		endloop
	endfacet
	facet normal -0.4502050726907739 -0.0014583090785187738 -0.8929239978061552
		outer loop
			vertex 0.20633456110954285 0.0005000000237487257 -0.02217523753643036
			vertex 0.20609861612319946 0.0005000000237487257 -0.022056275978684425
			vertex 0.20633161067962646 0.004999999888241291 -0.02218109928071499
		endloop
	endfacet
	facet normal -0.5085315946523018 0.002446056804415379 -0.861039856247373
		outer loop
			vertex 0.20633161067962646 0.004999999888241291 -0.02218109928071499
			vertex 0.20609861612319946 0.0005000000237487257 -0.022056275978684425
			vertex 0.20556648075580597 0.004999999888241291 -0.021729212254285812
		endloop
	endfacet
	facet normal -0.5243022221644559 -0.00010987721488483342 -0.8515322470467054
		outer loop
			vertex 0.20609861612319946 0.0005000000237487257 -0.022056275978684425
			vertex 0.20556673407554626 0.0005000000237487257 -0.021728787571191788
			vertex 0.20556648075580597 0.004999999888241291 -0.021729212254285812
		endloop
	endfacet
	facet normal -0.6067998467624439 -0.00010917238480837744 -0.7948546622184871
		outer loop
			vertex 0.20556648075580597 0.004999999888241291 -0.021729212254285812
			vertex 0.20556673407554626 0.0005000000237487257 -0.021728787571191788
			vertex 0.2048601657152176 0.004999999888241291 -0.02119000442326069
		endloop
	endfacet
	facet normal -0.5243082670534901 0.019601782496883456 -0.8513028904111105
		outer loop
			vertex 0.20556673407554626 0.0005000000237487257 -0.021728787571191788
			vertex 0.20555651187896729 0.0005000000237487257 -0.021722491830587387
			vertex 0.2048601657152176 0.004999999888241291 -0.02119000442326069
		endloop
	endfacet
	facet normal -0.5946281914438439 0.0031222273122978378 -0.8039947547321648
		outer loop
			vertex 0.2048601657152176 0.004999999888241291 -0.02119000442326069
			vertex 0.20555651187896729 0.0005000000237487257 -0.021722491830587387
			vertex 0.2050446718931198 0.0005000000237487257 -0.021343939006328583
		endloop
	endfacet
	facet normal -0.7219556097275404 -0.0010509668001727648 -0.6919385760685123
		outer loop
			vertex 0.20422598719596863 0.0005000000237487257 -0.020567767322063446
			vertex 0.20422257483005524 0.004999999888241291 -0.020571041852235794
			vertex 0.20456677675247192 0.0005000000237487257 -0.020923340693116188
		endloop
	endfacet
	facet normal -0.6965445175577547 0.002894485230754772 -0.7175077400387287
		outer loop
			vertex 0.20422257483005524 0.004999999888241291 -0.020571041852235794
			vertex 0.2048601657152176 0.004999999888241291 -0.02119000442326069
			vertex 0.20456677675247192 0.0005000000237487257 -0.020923340693116188
		endloop
	endfacet
	facet normal -0.6606674881239288 -0.0014101940012426544 -0.7506773484586419
		outer loop
			vertex 0.20456677675247192 0.0005000000237487257 -0.020923340693116188
			vertex 0.2048601657152176 0.004999999888241291 -0.02119000442326069
			vertex 0.20486435294151306 0.0005000000237487257 -0.021185236051678658
		endloop
	endfacet
	facet normal -0.6606795019714502 -0.0014101939759813607 -0.7506667749592403
		outer loop
			vertex 0.2048601657152176 0.004999999888241291 -0.02119000442326069
			vertex 0.2050446718931198 0.0005000000237487257 -0.021343939006328583
			vertex 0.20486435294151306 0.0005000000237487257 -0.021185236051678658
		endloop
	endfacet
	facet normal -0.7219797347758324 -0.0010509667769264008 -0.6919134035714677
		outer loop
			vertex 0.20422598719596863 0.0005000000237487257 -0.020567767322063446
			vertex 0.2041262835264206 0.0005000000237487257 -0.0204637311398983
			vertex 0.20422257483005524 0.004999999888241291 -0.020571041852235794
		endloop
	endfacet
	facet normal -0.778038386471755 0.0016675961454230284 -0.6282145241074292
		outer loop
			vertex 0.2041262835264206 0.0005000000237487257 -0.0204637311398983
			vertex 0.20372635126113892 0.0005000000237487257 -0.019968418404459953
			vertex 0.20422257483005524 0.004999999888241291 -0.020571041852235794
		endloop
	endfacet
	facet normal -0.7765263343778712 0.001250565333205599 -0.6300835564462972
		outer loop
			vertex 0.20422257483005524 0.004999999888241291 -0.020571041852235794
			vertex 0.20372635126113892 0.0005000000237487257 -0.019968418404459953
			vertex 0.2036626785993576 0.004999999888241291 -0.01988101564347744
		endloop
	endfacet
	facet normal -0.8285171361759092 -0.0008470162904673852 -0.5599630680913465
		outer loop
			vertex 0.20372635126113892 0.0005000000237487257 -0.019968418404459953
			vertex 0.2036658376455307 0.0005000000237487257 -0.01987888291478157
			vertex 0.2036626785993576 0.004999999888241291 -0.01988101564347744
		endloop
	endfacet
	facet normal -0.8285025930082509 -0.0008470162789453678 -0.5599845854503748
		outer loop
			vertex 0.2036658376455307 0.0005000000237487257 -0.01987888291478157
			vertex 0.2033698558807373 0.0005000000237487257 -0.019440975040197372
			vertex 0.2036626785993576 0.004999999888241291 -0.01988101564347744
		endloop
	endfacet
	facet normal -0.8455909128805292 0.002823112352054072 -0.5338239766913071
		outer loop
			vertex 0.2036626785993576 0.004999999888241291 -0.01988101564347744
			vertex 0.2033698558807373 0.0005000000237487257 -0.019440975040197372
			vertex 0.20318831503391266 0.004999999888241291 -0.019129611551761627
		endloop
	endfacet
	facet normal -0.9112360936720084 -0.000218042172103117 -0.4118843697531989
		outer loop
			vertex 0.20280705392360687 0.0005000000237487257 -0.018326973542571068
			vertex 0.20280615985393524 0.004999999888241291 -0.01832737773656845
			vertex 0.2030593752861023 0.0005000000237487257 -0.01888519898056984
		endloop
	endfacet
	facet normal -0.9027969130187177 0.0025098631851808496 -0.43005980331887056
		outer loop
			vertex 0.20280615985393524 0.004999999888241291 -0.01832737773656845
			vertex 0.20318831503391266 0.004999999888241291 -0.019129611551761627
			vertex 0.2030593752861023 0.0005000000237487257 -0.01888519898056984
		endloop
	endfacet
	facet normal -0.8730013002658241 -0.0014753929233199399 -0.48771564763692193
		outer loop
			vertex 0.2030593752861023 0.0005000000237487257 -0.01888519898056984
			vertex 0.20318831503391266 0.004999999888241291 -0.019129611551761627
			vertex 0.20319411158561707 0.0005000000237487257 -0.019126374274492264
		endloop
	endfacet
	facet normal -0.8730158057999381 -0.001475392928759308 -0.48768968211270436
		outer loop
			vertex 0.20318831503391266 0.004999999888241291 -0.019129611551761627
			vertex 0.2033698558807373 0.0005000000237487257 -0.019440975040197372
			vertex 0.20319411158561707 0.0005000000237487257 -0.019126374274492264
		endloop
	endfacet
	facet normal -0.9111696153716725 -0.0002180421715174447 -0.4120314120076891
		outer loop
			vertex 0.20280705392360687 0.0005000000237487257 -0.018326973542571068
			vertex 0.20279715955257416 0.0005000000237487257 -0.018305093050003052
			vertex 0.20280615985393524 0.004999999888241291 -0.01832737773656845
		endloop
	endfacet
	facet normal -0.9428746573422011 0.00023601471092771388 -0.3331476021808997
		outer loop
			vertex 0.20279715955257416 0.0005000000237487257 -0.018305093050003052
			vertex 0.20258507132530212 0.0005000000237487257 -0.017704840749502182
			vertex 0.20280615985393524 0.004999999888241291 -0.01832737773656845
		endloop
	endfacet
	facet normal -0.9473232269429636 0.002235904374793193 -0.32027129816141364
		outer loop
			vertex 0.20280615985393524 0.004999999888241291 -0.01832737773656845
			vertex 0.20258507132530212 0.0005000000237487257 -0.017704840749502182
			vertex 0.20252156257629395 0.004999999888241291 -0.017485573887825012
		endloop
	endfacet
	facet normal -0.9856131965011286 -0.0011120553322663972 -0.1690129883049403
		outer loop
			vertex 0.20234344899654388 0.0005000000237487257 -0.01661517471075058
			vertex 0.20233851671218872 0.004999999888241291 -0.01661602035164833
			vertex 0.20242466032505035 0.0005000000237487257 -0.017088765278458595
		endloop
	endfacet
	facet normal -0.978549740047501 0.002907777632633607 -0.20599017229520306
		outer loop
			vertex 0.20233851671218872 0.004999999888241291 -0.01661602035164833
			vertex 0.20252156257629395 0.004999999888241291 -0.017485573887825012
			vertex 0.20242466032505035 0.0005000000237487257 -0.017088765278458595
		endloop
	endfacet
	facet normal -0.9677353854554148 -0.0013791361956598679 -0.25196492160777756
		outer loop
			vertex 0.20242466032505035 0.0005000000237487257 -0.017088765278458595
			vertex 0.20252156257629395 0.004999999888241291 -0.017485573887825012
			vertex 0.20252756774425507 0.0005000000237487257 -0.01748400740325451
		endloop
	endfacet
	facet normal -0.9677287674877875 -0.0013791362118232135 -0.2519903382272369
		outer loop
			vertex 0.20252156257629395 0.004999999888241291 -0.017485573887825012
			vertex 0.20258507132530212 0.0005000000237487257 -0.017704840749502182
			vertex 0.20252756774425507 0.0005000000237487257 -0.01748400740325451
		endloop
	endfacet
	facet normal -0.9856247107980657 -0.001112055331884727 -0.16894582799574634
		outer loop
			vertex 0.20234344899654388 0.0005000000237487257 -0.01661517471075058
			vertex 0.20231707394123077 0.0005000000237487257 -0.01646130345761776
			vertex 0.20233851671218872 0.004999999888241291 -0.01661602035164833
		endloop
	endfacet
	facet normal -0.996396082213268 0.001832242197098107 -0.0848026546670661
		outer loop
			vertex 0.20231707394123077 0.0005000000237487257 -0.01646130345761776
			vertex 0.20226308703422546 0.0005000000237487257 -0.015826979652047157
			vertex 0.20233851671218872 0.004999999888241291 -0.01661602035164833
		endloop
	endfacet
	facet normal -0.9960495463227537 0.0011269202882504856 -0.08879206789404515
		outer loop
			vertex 0.20233851671218872 0.004999999888241291 -0.01661602035164833
			vertex 0.20226308703422546 0.0005000000237487257 -0.015826979652047157
			vertex 0.2022596150636673 0.004999999888241291 -0.01573091931641102
		endloop
	endfacet
	facet normal -0.9999997023561753 -0.0007715488065125572 0
		outer loop
			vertex 0.20226308703422546 0.0005000000237487257 -0.015826979652047157
			vertex 0.20226308703422546 0.0005000000237487257 -0.01573091931641102
			vertex 0.2022596150636673 0.004999999888241291 -0.01573091931641102
		endloop
	endfacet
	facet normal -0.9999997023561753 -0.0007715488065125572 0
		outer loop
			vertex 0.20226308703422546 0.0005000000237487257 -0.01573091931641102
			vertex 0.20226308703422546 0.0005000000237487257 -0.015190361067652702
			vertex 0.2022596150636673 0.004999999888241291 -0.01573091931641102
		endloop
	endfacet
	facet normal -0.9995570203357874 0.0027881745829076037 0.02963088219978608
		outer loop
			vertex 0.2022596150636673 0.004999999888241291 -0.01573091931641102
			vertex 0.20226308703422546 0.0005000000237487257 -0.015190361067652702
			vertex 0.20228594541549683 0.004999999888241291 -0.014842701144516468
		endloop
	endfacet
	facet normal -0.9856145587501758 -0.00032248269531766257 0.1690083950122231
		outer loop
			vertex 0.20241858065128326 0.0005000000237487257 -0.013964074663817883
			vertex 0.20241715013980865 0.004999999888241291 -0.013963830657303333
			vertex 0.20231707394123077 0.0005000000237487257 -0.014556036330759525
		endloop
	endfacet
	facet normal -0.989036181717178 0.002564254548454654 0.14765112885757464
		outer loop
			vertex 0.20241715013980865 0.004999999888241291 -0.013963830657303333
			vertex 0.20228594541549683 0.004999999888241291 -0.014842701144516468
			vertex 0.20231707394123077 0.0005000000237487257 -0.014556036330759525
		endloop
	endfacet
	facet normal -0.9963947187127462 -0.0014888538776224678 0.0848253961704782
		outer loop
			vertex 0.20231707394123077 0.0005000000237487257 -0.014556036330759525
			vertex 0.20228594541549683 0.004999999888241291 -0.014842701144516468
			vertex 0.20229262113571167 0.0005000000237487257 -0.014843269251286983
		endloop
	endfacet
	facet normal -0.9963982677393665 -0.0014888538782905111 0.08478369749025533
		outer loop
			vertex 0.20228594541549683 0.004999999888241291 -0.014842701144516468
			vertex 0.20226308703422546 0.0005000000237487257 -0.015190361067652702
			vertex 0.20229262113571167 0.0005000000237487257 -0.014843269251286983
		endloop
	endfacet
	facet normal -0.9856495051642352 -0.00032248274690207477 0.16880446965165483
		outer loop
			vertex 0.20241858065128326 0.0005000000237487257 -0.013964074663817883
			vertex 0.20242466032505035 0.0005000000237487257 -0.013928575441241264
			vertex 0.20241715013980865 0.004999999888241291 -0.013963830657303333
		endloop
	endfacet
	facet normal -0.9677339641416273 0.0003590073251851081 0.2519738989666835
		outer loop
			vertex 0.20242466032505035 0.0005000000237487257 -0.013928575441241264
			vertex 0.20258507132530212 0.0005000000237487257 -0.013312499038875103
			vertex 0.20241715013980865 0.004999999888241291 -0.013963830657303333
		endloop
	endfacet
	facet normal -0.9646318479946179 0.0021563749933449744 0.2635920102760645
		outer loop
			vertex 0.20241715013980865 0.004999999888241291 -0.013963830657303333
			vertex 0.20258507132530212 0.0005000000237487257 -0.013312499038875103
			vertex 0.20265138149261475 0.004999999888241291 -0.01310664601624012
		endloop
	endfacet
	facet normal -0.9112291596646926 -0.0011667038735675996 0.41189811528926595
		outer loop
			vertex 0.20299012959003448 0.0005000000237487257 -0.012285345233976841
			vertex 0.20298534631729126 0.004999999888241291 -0.012283180840313435
			vertex 0.20279715955257416 0.0005000000237487257 -0.012712246738374233
		endloop
	endfacet
	facet normal -0.9266853185079985 0.0029189865752020554 0.375826821793101
		outer loop
			vertex 0.20298534631729126 0.004999999888241291 -0.012283180840313435
			vertex 0.20265138149261475 0.004999999888241291 -0.01310664601624012
			vertex 0.20279715955257416 0.0005000000237487257 -0.012712246738374233
		endloop
	endfacet
	facet normal -0.9428713173006604 -0.0013453529050652718 0.3331544222087981
		outer loop
			vertex 0.20279715955257416 0.0005000000237487257 -0.012712246738374233
			vertex 0.20265138149261475 0.004999999888241291 -0.01310664601624012
			vertex 0.202657088637352 0.0005000000237487257 -0.013108666054904461
		endloop
	endfacet
	facet normal -0.94287871756411 -0.0013453528885619714 0.33313347773867563
		outer loop
			vertex 0.20265138149261475 0.004999999888241291 -0.01310664601624012
			vertex 0.20258507132530212 0.0005000000237487257 -0.013312499038875103
			vertex 0.202657088637352 0.0005000000237487257 -0.013108666054904461
		endloop
	endfacet
	facet normal -0.91124271554487 -0.0011667038580332645 0.4118681247298933
		outer loop
			vertex 0.20299012959003448 0.0005000000237487257 -0.012285345233976841
			vertex 0.2030593752861023 0.0005000000237487257 -0.01213214173913002
			vertex 0.20298534631729126 0.004999999888241291 -0.012283180840313435
		endloop
	endfacet
	facet normal -0.8730087022294195 0.0020075358065158168 0.48770049787927294
		outer loop
			vertex 0.2030593752861023 0.0005000000237487257 -0.01213214173913002
			vertex 0.2033698558807373 0.0005000000237487257 -0.011576365679502487
			vertex 0.20298534631729126 0.004999999888241291 -0.012283180840313435
		endloop
	endfacet
	facet normal -0.8757388641729097 0.001002025962106582 0.48278404874344505
		outer loop
			vertex 0.20298534631729126 0.004999999888241291 -0.012283180840313435
			vertex 0.2033698558807373 0.0005000000237487257 -0.011576365679502487
			vertex 0.20341435074806213 0.004999999888241291 -0.011504994705319405
		endloop
	endfacet
	facet normal -0.8284702555094665 -0.0006905335886947829 0.5600326409232252
		outer loop
			vertex 0.2033698558807373 0.0005000000237487257 -0.011576365679502487
			vertex 0.20341692864894867 0.0005000000237487257 -0.011506729759275913
			vertex 0.20341435074806213 0.004999999888241291 -0.011504994705319405
		endloop
	endfacet
	facet normal -0.8285109993701733 -0.0006905336882096366 0.5599723627875418
		outer loop
			vertex 0.20341692864894867 0.0005000000237487257 -0.011506729759275913
			vertex 0.20372635126113892 0.0005000000237487257 -0.011048921383917332
			vertex 0.20341435074806213 0.004999999888241291 -0.011504994705319405
		endloop
	endfacet
	facet normal -0.8124850128036821 0.0027519711208756365 0.5829755832145549
		outer loop
			vertex 0.20341435074806213 0.004999999888241291 -0.011504994705319405
			vertex 0.20372635126113892 0.0005000000237487257 -0.011048921383917332
			vertex 0.20393238961696625 0.004999999888241291 -0.010783011093735695
		endloop
	endfacet
	facet normal -0.721962485370937 -0.0004181792080050695 0.691932073865036
		outer loop
			vertex 0.20453354716300964 0.0005000000237487257 -0.010128670372068882
			vertex 0.204532191157341 0.004999999888241291 -0.010127365589141846
			vertex 0.2041262835264206 0.0005000000237487257 -0.01055360957980156
		endloop
	endfacet
	facet normal -0.7378277370039314 0.0026182318168058486 0.6749839815653486
		outer loop
			vertex 0.204532191157341 0.004999999888241291 -0.010127365589141846
			vertex 0.20393238961696625 0.004999999888241291 -0.010783011093735695
			vertex 0.2041262835264206 0.0005000000237487257 -0.01055360957980156
		endloop
	endfacet
	facet normal -0.7780302106107171 -0.0014976745507555974 0.6282250777770522
		outer loop
			vertex 0.2041262835264206 0.0005000000237487257 -0.01055360957980156
			vertex 0.20393238961696625 0.004999999888241291 -0.010783011093735695
			vertex 0.20393763482570648 0.0005000000237487257 -0.010787243023514748
		endloop
	endfacet
	facet normal -0.7780449893484852 -0.0014976745639461448 0.6282067744943669
		outer loop
			vertex 0.20393238961696625 0.004999999888241291 -0.010783011093735695
			vertex 0.20372635126113892 0.0005000000237487257 -0.011048921383917332
			vertex 0.20393763482570648 0.0005000000237487257 -0.010787243023514748
		endloop
	endfacet
	facet normal -0.7219574637002811 -0.00041817921402661335 0.6919373134421949
		outer loop
			vertex 0.20453354716300964 0.0005000000237487257 -0.010128670372068882
			vertex 0.20456677675247192 0.0005000000237487257 -0.010093999095261097
			vertex 0.204532191157341 0.004999999888241291 -0.010127365589141846
		endloop
	endfacet
	facet normal -0.6606717750032552 0.0004883683784809374 0.7506747412897113
		outer loop
			vertex 0.20456677675247192 0.0005000000237487257 -0.010093999095261097
			vertex 0.2050446718931198 0.0005000000237487257 -0.009673401713371277
			vertex 0.204532191157341 0.004999999888241291 -0.010127365589141846
		endloop
	endfacet
	facet normal -0.6528216545912249 0.0020718028961872973 0.7575088084831323
		outer loop
			vertex 0.204532191157341 0.004999999888241291 -0.010127365589141846
			vertex 0.2050446718931198 0.0005000000237487257 -0.009673401713371277
			vertex 0.20520532131195068 0.004999999888241291 -0.009547261521220207
		endloop
	endfacet
	facet normal -0.5242986169147669 -0.0012188891814560638 0.8515336015744921
		outer loop
			vertex 0.20594522356987 0.0005000000237487257 -0.009055513888597488
			vertex 0.20594234764575958 0.004999999888241291 -0.009050843305885792
			vertex 0.20555651187896729 0.0005000000237487257 -0.009294847957789898
		endloop
	endfacet
	facet normal -0.5586394401606517 0.0029253969929647758 0.8294054605254461
		outer loop
			vertex 0.20594234764575958 0.004999999888241291 -0.009050843305885792
			vertex 0.20520532131195068 0.004999999888241291 -0.009547261521220207
			vertex 0.20555651187896729 0.0005000000237487257 -0.009294847957789898
		endloop
	endfacet
	facet normal -0.5946313463621845 -0.0013086814287235006 0.803997418700094
		outer loop
			vertex 0.20555651187896729 0.0005000000237487257 -0.009294847957789898
			vertex 0.20520532131195068 0.004999999888241291 -0.009547261521220207
			vertex 0.20520882308483124 0.0005000000237487257 -0.009551996365189552
		endloop
	endfacet
	facet normal -0.5946319071998565 -0.0013086814287122867 0.8039970039078377
		outer loop
			vertex 0.20520532131195068 0.004999999888241291 -0.009547261521220207
			vertex 0.2050446718931198 0.0005000000237487257 -0.009673401713371277
			vertex 0.20520882308483124 0.0005000000237487257 -0.009551996365189552
		endloop
	endfacet
	facet normal -0.5243133618632485 -0.0012188891819119355 0.8515245227712592
		outer loop
			vertex 0.20594522356987 0.0005000000237487257 -0.009055513888597488
			vertex 0.20609861612319946 0.0005000000237487257 -0.008961064741015434
			vertex 0.20594234764575958 0.004999999888241291 -0.009050843305885792
		endloop
	endfacet
	facet normal -0.45020492529049466 0.002180549265746214 0.8929226004806239
		outer loop
			vertex 0.20609861612319946 0.0005000000237487257 -0.008961064741015434
			vertex 0.20666706562042236 0.0005000000237487257 -0.008674456737935543
			vertex 0.20594234764575958 0.004999999888241291 -0.009050843305885792
		endloop
	endfacet
	facet normal -0.4566320606244149 0.0008721801742141295 0.8896552144014244
		outer loop
			vertex 0.20594234764575958 0.004999999888241291 -0.009050843305885792
			vertex 0.20666706562042236 0.0005000000237487257 -0.008674456737935543
			vertex 0.20673289895057678 0.004999999888241291 -0.008645078167319298
		endloop
	endfacet
	facet normal -0.3728567551656878 -0.0006030316665761176 0.9278887198797728
		outer loop
			vertex 0.20666706562042236 0.0005000000237487257 -0.008674456737935543
			vertex 0.20673391222953796 0.0005000000237487257 -0.008647595532238483
			vertex 0.20673289895057678 0.004999999888241291 -0.008645078167319298
		endloop
	endfacet
	facet normal -0.37285572368641223 -0.0006030316661820754 0.9278891343620161
		outer loop
			vertex 0.20673391222953796 0.0005000000237487257 -0.008647595532238483
			vertex 0.20725777745246887 0.0005000000237487257 -0.008437089622020721
			vertex 0.20673289895057678 0.004999999888241291 -0.008645078167319298
		endloop
	endfacet
	facet normal -0.3481985102208715 0.002713347625040109 0.937416895103044
		outer loop
			vertex 0.20673289895057678 0.004999999888241291 -0.008645078167319298
			vertex 0.20725777745246887 0.0005000000237487257 -0.008437089622020721
			vertex 0.20756590366363525 0.004999999888241291 -0.008335663005709648
		endloop
	endfacet
	facet normal -0.21067765917558332 -0.000513434470658076 0.9775554512708428
		outer loop
			vertex 0.20843014121055603 0.0005000000237487257 -0.008129198104143143
			vertex 0.20842964947223663 0.004999999888241291 -0.008126940578222275
			vertex 0.20786648988723755 0.0005000000237487257 -0.008250673301517963
		endloop
	endfacet
	facet normal -0.23488646162295956 0.0026684413298137424 0.9720191508232311
		outer loop
			vertex 0.20842964947223663 0.004999999888241291 -0.008126940578222275
			vertex 0.20756590366363525 0.004999999888241291 -0.008335663005709648
			vertex 0.20786648988723755 0.0005000000237487257 -0.008250673301517963
		endloop
	endfacet
	facet normal -0.2928145452656464 -0.0015003503507802518 0.9561680767677292
		outer loop
			vertex 0.20786648988723755 0.0005000000237487257 -0.008250673301517963
			vertex 0.20756590366363525 0.004999999888241291 -0.008335663005709648
			vertex 0.20756787061691284 0.0005000000237487257 -0.008342121727764606
		endloop
	endfacet
	facet normal -0.29283070164578606 -0.0015003503112529905 0.956163128928626
		outer loop
			vertex 0.20756590366363525 0.004999999888241291 -0.008335663005709648
			vertex 0.20725777745246887 0.0005000000237487257 -0.008437089622020721
			vertex 0.20756787061691284 0.0005000000237487257 -0.008342121727764606
		endloop
	endfacet
	facet normal -0.21069017273671117 -0.0005134344850986419 0.9775527543295065
		outer loop
			vertex 0.20843014121055603 0.0005000000237487257 -0.008129198104143143
			vertex 0.2084888219833374 0.0005000000237487257 -0.008116550743579865
			vertex 0.20842964947223663 0.004999999888241291 -0.008126940578222275
		endloop
	endfacet
	facet normal -0.12702017690502385 0.0006199052469700951 0.9918999396998175
		outer loop
			vertex 0.2084888219833374 0.0005000000237487257 -0.008116550743579865
			vertex 0.2091202735900879 0.0005000000237487257 -0.008035688661038876
			vertex 0.20842964947223663 0.004999999888241291 -0.008126940578222275
		endloop
	endfacet
	facet normal -0.11827210305878369 0.001984376186316275 0.9929792404120057
		outer loop
			vertex 0.20842964947223663 0.004999999888241291 -0.008126940578222275
			vertex 0.2091202735900879 0.0005000000237487257 -0.008035688661038876
			vertex 0.20931202173233032 0.004999999888241291 -0.008021842688322067
		endloop
	endfacet
	facet normal -0.042436865201305865 -0.0012658441293919506 0.9990983485676105
		outer loop
			vertex 0.2091202735900879 0.0005000000237487257 -0.008035688661038876
			vertex 0.20931226015090942 0.0005000000237487257 -0.008027534000575542
			vertex 0.20931202173233032 0.004999999888241291 -0.008021842688322067
		endloop
	endfacet
	facet normal -0.029634471645273327 -0.0012657497028812697 0.9995600011845189
		outer loop
			vertex 0.20931202173233032 0.004999999888241291 -0.008021842688322067
			vertex 0.20931226015090942 0.0005000000237487257 -0.008027534000575542
			vertex 0.20975632965564728 0.004999999888241291 -0.008008670061826706
		endloop
	endfacet
	facet normal -0.04244142262774654 0 0.9990989568833175
		outer loop
			vertex 0.20931226015090942 0.0005000000237487257 -0.008027534000575542
			vertex 0.20975632965564728 0.0005000000237487257 -0.008008670061826706
			vertex 0.20975632965564728 0.004999999888241291 -0.008008670061826706
		endloop
	endfacet
	facet normal 0.029635488423934337 0 0.9995607724525183
		outer loop
			vertex 0.20975632965564728 0.004999999888241291 -0.008008670061826706
			vertex 0.20975632965564728 0.0005000000237487257 -0.008008670061826706
			vertex 0.21020062267780304 0.004999999888241291 -0.008021842688322067
		endloop
	endfacet
	facet normal 0.042442810266639625 -0.0012658441249823044 0.9990980960322772
		outer loop
			vertex 0.20975632965564728 0.0005000000237487257 -0.008008670061826706
			vertex 0.21020038425922394 0.0005000000237487257 -0.008027534000575542
			vertex 0.21020062267780304 0.004999999888241291 -0.008021842688322067
		endloop
	endfacet
	facet normal 0.042436865201305865 -0.0012658441293919506 0.9990983485676105
		outer loop
			vertex 0.21020038425922394 0.0005000000237487257 -0.008027534000575542
			vertex 0.21039237082004547 0.0005000000237487257 -0.008035688661038876
			vertex 0.21020062267780304 0.004999999888241291 -0.008021842688322067
		endloop
	endfacet
	facet normal 0.12701689846820147 0.0023603256712370177 0.9918977449143861
		outer loop
			vertex 0.21039237082004547 0.0005000000237487257 -0.008035688661038876
			vertex 0.21102383732795715 0.0005000000237487257 -0.008116550743579865
			vertex 0.21020062267780304 0.004999999888241291 -0.008021842688322067
		endloop
	endfacet
	facet normal 0.11827230372972469 0.0007378224233467104 0.9929809251886641
		outer loop
			vertex 0.21020062267780304 0.004999999888241291 -0.008021842688322067
			vertex 0.21102383732795715 0.0005000000237487257 -0.008116550743579865
			vertex 0.21108299493789673 0.004999999888241291 -0.008126940578222275
		endloop
	endfacet
	facet normal 0.21069017281213112 -0.0005127368123220845 0.9775527546794371
		outer loop
			vertex 0.21102383732795715 0.0005000000237487257 -0.008116550743579865
			vertex 0.21108251810073853 0.0005000000237487257 -0.008129198104143143
			vertex 0.21108299493789673 0.004999999888241291 -0.008126940578222275
		endloop
	endfacet
	facet normal 0.2106829818249145 -0.0005127368278460182 0.9775543045121883
		outer loop
			vertex 0.21108251810073853 0.0005000000237487257 -0.008129198104143143
			vertex 0.2116461545228958 0.0005000000237487257 -0.008250673301517963
			vertex 0.21108299493789673 0.004999999888241291 -0.008126940578222275
		endloop
	endfacet
	facet normal 0.23488263335669146 0.0026679367610248734 0.9720200772930904
		outer loop
			vertex 0.21108299493789673 0.004999999888241291 -0.008126940578222275
			vertex 0.2116461545228958 0.0005000000237487257 -0.008250673301517963
			vertex 0.2119467556476593 0.004999999888241291 -0.008335663005709648
		endloop
	endfacet
	facet normal 0.37285572368641223 -0.0006030316661820754 0.9278891343620161
		outer loop
			vertex 0.2127787321805954 0.0005000000237487257 -0.008647595532238483
			vertex 0.21277974545955658 0.004999999888241291 -0.008645078167319298
			vertex 0.2122548669576645 0.0005000000237487257 -0.008437089622020721
		endloop
	endfacet
	facet normal 0.3482039845330839 0.0027126152169136644 0.9374148638004249
		outer loop
			vertex 0.21277974545955658 0.004999999888241291 -0.008645078167319298
			vertex 0.2119467556476593 0.004999999888241291 -0.008335663005709648
			vertex 0.2122548669576645 0.0005000000237487257 -0.008437089622020721
		endloop
	endfacet
	facet normal 0.2928307012196249 -0.0015013199796501246 0.9561631275371067
		outer loop
			vertex 0.2122548669576645 0.0005000000237487257 -0.008437089622020721
			vertex 0.2119467556476593 0.004999999888241291 -0.008335663005709648
			vertex 0.21194477379322052 0.0005000000237487257 -0.008342121727764606
		endloop
	endfacet
	facet normal 0.29281454483953223 -0.0015013199656777657 0.9561680753762793
		outer loop
			vertex 0.2119467556476593 0.004999999888241291 -0.008335663005709648
			vertex 0.2116461545228958 0.0005000000237487257 -0.008250673301517963
			vertex 0.21194477379322052 0.0005000000237487257 -0.008342121727764606
		endloop
	endfacet
	facet normal 0.3728567551656878 -0.0006030316665761176 0.9278887198797728
		outer loop
			vertex 0.2127787321805954 0.0005000000237487257 -0.008647595532238483
			vertex 0.212845578789711 0.0005000000237487257 -0.008674456737935543
			vertex 0.21277974545955658 0.004999999888241291 -0.008645078167319298
		endloop
	endfacet
	facet normal 0.45019645734978064 0.000756655157732358 0.8929292117870707
		outer loop
			vertex 0.212845578789711 0.0005000000237487257 -0.008674456737935543
			vertex 0.2134140431880951 0.0005000000237487257 -0.008961064741015434
			vertex 0.21277974545955658 0.004999999888241291 -0.008645078167319298
		endloop
	endfacet
	facet normal 0.45662460429411134 0.0018924751603479103 0.8896574561543413
		outer loop
			vertex 0.21277974545955658 0.004999999888241291 -0.008645078167319298
			vertex 0.2134140431880951 0.0005000000237487257 -0.008961064741015434
			vertex 0.21357031166553497 0.004999999888241291 -0.009050843305885792
		endloop
	endfacet
	facet normal 0.5946313463621845 -0.0013086814287235006 0.803997418700094
		outer loop
			vertex 0.21430382132530212 0.0005000000237487257 -0.009551996365189552
			vertex 0.21430732309818268 0.004999999888241291 -0.009547261521220207
			vertex 0.21395613253116608 0.0005000000237487257 -0.009294847957789898
		endloop
	endfacet
	facet normal 0.5586472114495429 0.002924497077078832 0.8294002293564284
		outer loop
			vertex 0.21430732309818268 0.004999999888241291 -0.009547261521220207
			vertex 0.21357031166553497 0.004999999888241291 -0.009050843305885792
			vertex 0.21395613253116608 0.0005000000237487257 -0.009294847957789898
		endloop
	endfacet
	facet normal 0.5243131911317479 -0.0012188891819087482 0.851524627896578
		outer loop
			vertex 0.21395613253116608 0.0005000000237487257 -0.009294847957789898
			vertex 0.21357031166553497 0.004999999888241291 -0.009050843305885792
			vertex 0.21356743574142456 0.0005000000237487257 -0.009055513888597488
		endloop
	endfacet
	facet normal 0.5243133618632485 -0.0012188891819119355 0.8515245227712592
		outer loop
			vertex 0.21357031166553497 0.004999999888241291 -0.009050843305885792
			vertex 0.2134140431880951 0.0005000000237487257 -0.008961064741015434
			vertex 0.21356743574142456 0.0005000000237487257 -0.009055513888597488
		endloop
	endfacet
	facet normal 0.5946319071998565 -0.0013086814287122867 0.8039970039078377
		outer loop
			vertex 0.21430382132530212 0.0005000000237487257 -0.009551996365189552
			vertex 0.21446797251701355 0.0005000000237487257 -0.009673401713371277
			vertex 0.21430732309818268 0.004999999888241291 -0.009547261521220207
		endloop
	endfacet
	facet normal 0.6606697165285009 0.002543610058701089 0.7506724023900305
		outer loop
			vertex 0.21446797251701355 0.0005000000237487257 -0.009673401713371277
			vertex 0.21494586765766144 0.0005000000237487257 -0.010093999095261097
			vertex 0.21430732309818268 0.004999999888241291 -0.009547261521220207
		endloop
	endfacet
	facet normal 0.6528229384069224 0.0005993762155307835 0.7575102981728393
		outer loop
			vertex 0.21430732309818268 0.004999999888241291 -0.009547261521220207
			vertex 0.21494586765766144 0.0005000000237487257 -0.010093999095261097
			vertex 0.21498045325279236 0.004999999888241291 -0.010127365589141846
		endloop
	endfacet
	facet normal 0.7219574637002811 -0.00041817921402661335 0.6919373134421949
		outer loop
			vertex 0.21494586765766144 0.0005000000237487257 -0.010093999095261097
			vertex 0.21497909724712372 0.0005000000237487257 -0.010128670372068882
			vertex 0.21498045325279236 0.004999999888241291 -0.010127365589141846
		endloop
	endfacet
	facet normal 0.721962485370937 -0.0004181792080050695 0.691932073865036
		outer loop
			vertex 0.21497909724712372 0.0005000000237487257 -0.010128670372068882
			vertex 0.21538636088371277 0.0005000000237487257 -0.01055360957980156
			vertex 0.21498045325279236 0.004999999888241291 -0.010127365589141846
		endloop
	endfacet
	facet normal 0.7378277370039314 0.0026182318168058486 0.6749839815653486
		outer loop
			vertex 0.21498045325279236 0.004999999888241291 -0.010127365589141846
			vertex 0.21538636088371277 0.0005000000237487257 -0.01055360957980156
			vertex 0.21558025479316711 0.004999999888241291 -0.010783011093735695
		endloop
	endfacet
	facet normal 0.8285110009366554 -0.0006877901836602205 0.5599723638462927
		outer loop
			vertex 0.2160957306623459 0.0005000000237487257 -0.011506729759275913
			vertex 0.21609829366207123 0.004999999888241291 -0.011504994705319405
			vertex 0.21578630805015564 0.0005000000237487257 -0.011048921383917332
		endloop
	endfacet
	facet normal 0.8124850067850965 0.002754661538360787 0.5829755788960895
		outer loop
			vertex 0.21609829366207123 0.004999999888241291 -0.011504994705319405
			vertex 0.21558025479316711 0.004999999888241291 -0.010783011093735695
			vertex 0.21578630805015564 0.0005000000237487257 -0.011048921383917332
		endloop
	endfacet
	facet normal 0.7780233341337336 -0.001497674544335686 0.6282335939078618
		outer loop
			vertex 0.21578630805015564 0.0005000000237487257 -0.011048921383917332
			vertex 0.21558025479316711 0.004999999888241291 -0.010783011093735695
			vertex 0.21557500958442688 0.0005000000237487257 -0.010787243023514748
		endloop
	endfacet
	facet normal 0.7780302106107171 -0.0014976745507555974 0.6282250777770522
		outer loop
			vertex 0.21558025479316711 0.004999999888241291 -0.010783011093735695
			vertex 0.21538636088371277 0.0005000000237487257 -0.01055360957980156
			vertex 0.21557500958442688 0.0005000000237487257 -0.010787243023514748
		endloop
	endfacet
	facet normal 0.8285525097660749 -0.0006877901438439392 0.5599109442626182
		outer loop
			vertex 0.2160957306623459 0.0005000000237487257 -0.011506729759275913
			vertex 0.21614278852939606 0.0005000000237487257 -0.011576365679502487
			vertex 0.21609829366207123 0.004999999888241291 -0.011504994705319405
		endloop
	endfacet
	facet normal 0.8730101101743786 0.0008970563039384547 0.4877012844183485
		outer loop
			vertex 0.21614278852939606 0.0005000000237487257 -0.011576365679502487
			vertex 0.21645326912403107 0.0005000000237487257 -0.01213214173913002
			vertex 0.21609829366207123 0.004999999888241291 -0.011504994705319405
		endloop
	endfacet
	facet normal 0.8757308026801787 0.0017952517497343916 0.4827963735450852
		outer loop
			vertex 0.21609829366207123 0.004999999888241291 -0.011504994705319405
			vertex 0.21645326912403107 0.0005000000237487257 -0.01213214173913002
			vertex 0.2165273129940033 0.004999999888241291 -0.012283180840313435
		endloop
	endfacet
	facet normal 0.9428824460510472 -0.0013484751062701674 0.3331229120665254
		outer loop
			vertex 0.21685555577278137 0.0005000000237487257 -0.013108666054904461
			vertex 0.2168612778186798 0.004999999888241291 -0.01310664601624012
			vertex 0.2167154997587204 0.0005000000237487257 -0.012712246738374233
		endloop
	endfacet
	facet normal 0.9266853185079985 0.0029189865752020554 0.375826821793101
		outer loop
			vertex 0.2168612778186798 0.004999999888241291 -0.01310664601624012
			vertex 0.2165273129940033 0.004999999888241291 -0.012283180840313435
			vertex 0.2167154997587204 0.0005000000237487257 -0.012712246738374233
		endloop
	endfacet
	facet normal 0.9112172180486244 -0.0011697212587678978 0.41192452377092414
		outer loop
			vertex 0.2167154997587204 0.0005000000237487257 -0.012712246738374233
			vertex 0.2165273129940033 0.004999999888241291 -0.012283180840313435
			vertex 0.21652251482009888 0.0005000000237487257 -0.012285345233976841
		endloop
	endfacet
	facet normal 0.9112427123327067 -0.0011697213150210532 0.4118681232780434
		outer loop
			vertex 0.2165273129940033 0.004999999888241291 -0.012283180840313435
			vertex 0.21645326912403107 0.0005000000237487257 -0.01213214173913002
			vertex 0.21652251482009888 0.0005000000237487257 -0.012285345233976841
		endloop
	endfacet
	facet normal 0.9428787135989644 -0.0013484751024866474 0.333133476337729
		outer loop
			vertex 0.21685555577278137 0.0005000000237487257 -0.013108666054904461
			vertex 0.21692757308483124 0.0005000000237487257 -0.013312499038875103
			vertex 0.2168612778186798 0.004999999888241291 -0.01310664601624012
		endloop
	endfacet
	facet normal 0.9677304193777566 0.002730343856423809 0.2519729759981751
		outer loop
			vertex 0.21692757308483124 0.0005000000237487257 -0.013312499038875103
			vertex 0.217087984085083 0.0005000000237487257 -0.013928575441241264
			vertex 0.2168612778186798 0.004999999888241291 -0.01310664601624012
		endloop
	endfacet
	facet normal 0.9646382546274217 0.00045507819412070766 0.2635769918130162
		outer loop
			vertex 0.2168612778186798 0.004999999888241291 -0.01310664601624012
			vertex 0.217087984085083 0.0005000000237487257 -0.013928575441241264
			vertex 0.2170954942703247 0.004999999888241291 -0.013963830657303333
		endloop
	endfacet
	facet normal 0.9855805907422672 -0.0003192190111005225 0.16920637473613864
		outer loop
			vertex 0.217087984085083 0.0005000000237487257 -0.013928575441241264
			vertex 0.2170940786600113 0.0005000000237487257 -0.013964074663817883
			vertex 0.2170954942703247 0.004999999888241291 -0.013963830657303333
		endloop
	endfacet
	facet normal 0.9856145597822835 -0.0003192189619058953 0.16900839518920388
		outer loop
			vertex 0.2170940786600113 0.0005000000237487257 -0.013964074663817883
			vertex 0.21719558537006378 0.0005000000237487257 -0.014556036330759525
			vertex 0.2170954942703247 0.004999999888241291 -0.013963830657303333
		endloop
	endfacet
	facet normal 0.9890361734058513 0.0025675295908816555 0.14765112761679416
		outer loop
			vertex 0.2170954942703247 0.004999999888241291 -0.013963830657303333
			vertex 0.21719558537006378 0.0005000000237487257 -0.014556036330759525
			vertex 0.21722669899463654 0.004999999888241291 -0.014842701144516468
		endloop
	endfacet
	facet normal 0.9999997049055742 -0.0007682374402028072 0
		outer loop
			vertex 0.2172495722770691 0.0005000000237487257 -0.01573091931641102
			vertex 0.21725302934646606 0.004999999888241291 -0.01573091931641102
			vertex 0.2172495722770691 0.0005000000237487257 -0.015190361067652702
		endloop
	endfacet
	facet normal 0.9995570111058146 0.0027914844595155223 0.02963088192617264
		outer loop
			vertex 0.21725302934646606 0.004999999888241291 -0.01573091931641102
			vertex 0.21722669899463654 0.004999999888241291 -0.014842701144516468
			vertex 0.2172495722770691 0.0005000000237487257 -0.015190361067652702
		endloop
	endfacet
	facet normal 0.9963946531233879 -0.0014888538775855908 0.08482616660709617
		outer loop
			vertex 0.2172495722770691 0.0005000000237487257 -0.015190361067652702
			vertex 0.21722669899463654 0.004999999888241291 -0.014842701144516468
			vertex 0.2172200232744217 0.0005000000237487257 -0.014843269251286983
		endloop
	endfacet
	facet normal 0.9963990863453679 -0.0014888538780744266 0.08477407648713241
		outer loop
			vertex 0.21722669899463654 0.004999999888241291 -0.014842701144516468
			vertex 0.21719558537006378 0.0005000000237487257 -0.014556036330759525
			vertex 0.2172200232744217 0.0005000000237487257 -0.014843269251286983
		endloop
	endfacet
	facet normal 0.9999997049055742 -0.0007682374402028072 0
		outer loop
			vertex 0.2172495722770691 0.0005000000237487257 -0.01573091931641102
			vertex 0.2172495722770691 0.0005000000237487257 -0.015826979652047157
			vertex 0.21725302934646606 0.004999999888241291 -0.01573091931641102
		endloop
	endfacet
	facet normal 0.9963972108940283 0.001044792563200728 -0.08480275072838794
		outer loop
			vertex 0.2172495722770691 0.0005000000237487257 -0.015826979652047157
			vertex 0.21719558537006378 0.0005000000237487257 -0.01646130345761776
			vertex 0.21725302934646606 0.004999999888241291 -0.01573091931641102
		endloop
	endfacet
	facet normal 0.9960487450350088 0.0016967257128663587 -0.0887919964638677
		outer loop
			vertex 0.21725302934646606 0.004999999888241291 -0.01573091931641102
			vertex 0.21719558537006378 0.0005000000237487257 -0.01646130345761776
			vertex 0.21717412769794464 0.004999999888241291 -0.01661602035164833
		endloop
	endfacet
	facet normal 0.9677353811735567 -0.0013823407187448509 -0.2519649204929294
		outer loop
			vertex 0.2169850766658783 0.0005000000237487257 -0.01748400740325451
			vertex 0.2169910967350006 0.004999999888241291 -0.017485573887825012
			vertex 0.217087984085083 0.0005000000237487257 -0.017088765278458595
		endloop
	endfacet
	facet normal 0.9785531250895732 0.0029060260294051653 -0.2059741158256222
		outer loop
			vertex 0.2169910967350006 0.004999999888241291 -0.017485573887825012
			vertex 0.21717412769794464 0.004999999888241291 -0.01661602035164833
			vertex 0.217087984085083 0.0005000000237487257 -0.017088765278458595
		endloop
	endfacet
	facet normal 0.9856131965011286 -0.0011120553322663972 -0.1690129883049403
		outer loop
			vertex 0.217087984085083 0.0005000000237487257 -0.017088765278458595
			vertex 0.21717412769794464 0.004999999888241291 -0.01661602035164833
			vertex 0.21716919541358948 0.0005000000237487257 -0.01661517471075058
		endloop
	endfacet
	facet normal 0.9856088126713546 -0.001112055331054995 -0.16903855098025336
		outer loop
			vertex 0.21717412769794464 0.004999999888241291 -0.01661602035164833
			vertex 0.21719558537006378 0.0005000000237487257 -0.01646130345761776
			vertex 0.21716919541358948 0.0005000000237487257 -0.01661517471075058
		endloop
	endfacet
	facet normal 0.9677287632059878 -0.001382340712993704 -0.2519903371122838
		outer loop
			vertex 0.2169850766658783 0.0005000000237487257 -0.01748400740325451
			vertex 0.21692757308483124 0.0005000000237487257 -0.017704840749502182
			vertex 0.2169910967350006 0.004999999888241291 -0.017485573887825012
		endloop
	endfacet
	facet normal 0.9428780110753546 0.0029218453706446454 -0.3331253803753377
		outer loop
			vertex 0.21692757308483124 0.0005000000237487257 -0.017704840749502182
			vertex 0.2167154997587204 0.0005000000237487257 -0.018305093050003052
			vertex 0.2169910967350006 0.004999999888241291 -0.017485573887825012
		endloop
	endfacet
	facet normal 0.9473255497816792 0.0003086783291556068 -0.3202720834673681
		outer loop
			vertex 0.2169910967350006 0.004999999888241291 -0.017485573887825012
			vertex 0.2167154997587204 0.0005000000237487257 -0.018305093050003052
			vertex 0.21670649945735931 0.004999999888241291 -0.01832737773656845
		endloop
	endfacet
	facet normal 0.9111696153716725 -0.0002180421715174447 -0.4120314120076891
		outer loop
			vertex 0.2167154997587204 0.0005000000237487257 -0.018305093050003052
			vertex 0.21670560538768768 0.0005000000237487257 -0.018326973542571068
			vertex 0.21670649945735931 0.004999999888241291 -0.01832737773656845
		endloop
	endfacet
	facet normal 0.9112269640258439 -0.00021804217235905888 -0.41190456721169566
		outer loop
			vertex 0.21670560538768768 0.0005000000237487257 -0.018326973542571068
			vertex 0.21645326912403107 0.0005000000237487257 -0.01888519898056984
			vertex 0.21670649945735931 0.004999999888241291 -0.01832737773656845
		endloop
	endfacet
	facet normal 0.9027969197885681 0.0025068737100389857 -0.43005980654378245
		outer loop
			vertex 0.21670649945735931 0.004999999888241291 -0.01832737773656845
			vertex 0.21645326912403107 0.0005000000237487257 -0.01888519898056984
			vertex 0.2163243442773819 0.004999999888241291 -0.019129611551761627
		endloop
	endfacet
	facet normal 0.8285156728002487 -0.0008470162893338379 -0.5599652332848504
		outer loop
			vertex 0.21584682166576385 0.0005000000237487257 -0.01987888291478157
			vertex 0.21584998071193695 0.004999999888241291 -0.01988101564347744
			vertex 0.21614278852939606 0.0005000000237487257 -0.019440975040197372
		endloop
	endfacet
	facet normal 0.8455909195615213 0.002820312310586995 -0.5338239809090367
		outer loop
			vertex 0.21584998071193695 0.004999999888241291 -0.01988101564347744
			vertex 0.2163243442773819 0.004999999888241291 -0.019129611551761627
			vertex 0.21614278852939606 0.0005000000237487257 -0.019440975040197372
		endloop
	endfacet
	facet normal 0.8729982000577865 -0.001475392921988168 -0.4877211969061737
		outer loop
			vertex 0.21614278852939606 0.0005000000237487257 -0.019440975040197372
			vertex 0.2163243442773819 0.004999999888241291 -0.019129611551761627
			vertex 0.2163185477256775 0.0005000000237487257 -0.019126374274492264
		endloop
	endfacet
	facet normal 0.8730242658677584 -0.0014753929313292265 -0.4876745373932903
		outer loop
			vertex 0.2163243442773819 0.004999999888241291 -0.019129611551761627
			vertex 0.21645326912403107 0.0005000000237487257 -0.01888519898056984
			vertex 0.2163185477256775 0.0005000000237487257 -0.019126374274492264
		endloop
	endfacet
	facet normal 0.8285171361759092 -0.0008470162904673852 -0.5599630680913465
		outer loop
			vertex 0.21584682166576385 0.0005000000237487257 -0.01987888291478157
			vertex 0.21578630805015564 0.0005000000237487257 -0.019968418404459953
			vertex 0.21584998071193695 0.004999999888241291 -0.01988101564347744
		endloop
	endfacet
	facet normal 0.7780274736829741 0.0011933065602730251 -0.6282291192024948
		outer loop
			vertex 0.21578630805015564 0.0005000000237487257 -0.019968418404459953
			vertex 0.21538636088371277 0.0005000000237487257 -0.0204637311398983
			vertex 0.21584998071193695 0.004999999888241291 -0.01988101564347744
		endloop
	endfacet
	facet normal 0.776517754974218 0.0015902532026421691 -0.6300933639585103
		outer loop
			vertex 0.21584998071193695 0.004999999888241291 -0.01988101564347744
			vertex 0.21538636088371277 0.0005000000237487257 -0.0204637311398983
			vertex 0.21529006958007812 0.004999999888241291 -0.020571041852235794
		endloop
	endfacet
	facet normal 0.6606674860841218 -0.001412381710889161 -0.7506773461409301
		outer loop
			vertex 0.2146482914686203 0.0005000000237487257 -0.021185236051678658
			vertex 0.21465249359607697 0.004999999888241291 -0.02119000442326069
			vertex 0.21494586765766144 0.0005000000237487257 -0.020923340693116188
		endloop
	endfacet
	facet normal 0.696552900953083 0.0028932072377323365 -0.7174996066380276
		outer loop
			vertex 0.21465249359607697 0.004999999888241291 -0.02119000442326069
			vertex 0.21529006958007812 0.004999999888241291 -0.020571041852235794
			vertex 0.21494586765766144 0.0005000000237487257 -0.020923340693116188
		endloop
	endfacet
	facet normal 0.7219556097275404 -0.0010509668001727648 -0.6919385760685123
		outer loop
			vertex 0.21494586765766144 0.0005000000237487257 -0.020923340693116188
			vertex 0.21529006958007812 0.004999999888241291 -0.020571041852235794
			vertex 0.21528665721416473 0.0005000000237487257 -0.020567767322063446
		endloop
	endfacet
	facet normal 0.7219797347758324 -0.0010509667769264008 -0.6919134035714677
		outer loop
			vertex 0.21529006958007812 0.004999999888241291 -0.020571041852235794
			vertex 0.21538636088371277 0.0005000000237487257 -0.0204637311398983
			vertex 0.21528665721416473 0.0005000000237487257 -0.020567767322063446
		endloop
	endfacet
	facet normal 0.660679499931569 -0.0014123817254100735 -0.750666772641519
		outer loop
			vertex 0.2146482914686203 0.0005000000237487257 -0.021185236051678658
			vertex 0.21446797251701355 0.0005000000237487257 -0.021343939006328583
			vertex 0.21465249359607697 0.004999999888241291 -0.02119000442326069
		endloop
	endfacet
	facet normal 0.5946281950983288 0.003120258297963769 -0.8039947596733812
		outer loop
			vertex 0.21446797251701355 0.0005000000237487257 -0.021343939006328583
			vertex 0.21395613253116608 0.0005000000237487257 -0.021722491830587387
			vertex 0.21465249359607697 0.004999999888241291 -0.02119000442326069
		endloop
	endfacet
	facet normal 0.6067998430724091 0.0001551801830628353 -0.7948546573848646
		outer loop
			vertex 0.21465249359607697 0.004999999888241291 -0.02119000442326069
			vertex 0.21395613253116608 0.0005000000237487257 -0.021722491830587387
			vertex 0.2139461785554886 0.004999999888241291 -0.021729212254285812
		endloop
	endfacet
	facet normal 0.5244090202737199 -0.00011161353212986501 -0.8514664802550813
		outer loop
			vertex 0.21395613253116608 0.0005000000237487257 -0.021722491830587387
			vertex 0.2139459103345871 0.0005000000237487257 -0.021728787571191788
			vertex 0.2139461785554886 0.004999999888241291 -0.021729212254285812
		endloop
	endfacet
	facet normal 0.5243128731972573 -0.00011161338905798498 -0.8515256887153131
		outer loop
			vertex 0.2139459103345871 0.0005000000237487257 -0.021728787571191788
			vertex 0.2134140431880951 0.0005000000237487257 -0.022056275978684425
			vertex 0.2139461785554886 0.004999999888241291 -0.021729212254285812
		endloop
	endfacet
	facet normal 0.5085315946523018 0.002446056804415379 -0.861039856247373
		outer loop
			vertex 0.2139461785554886 0.004999999888241291 -0.021729212254285812
			vertex 0.2134140431880951 0.0005000000237487257 -0.022056275978684425
			vertex 0.2131810486316681 0.004999999888241291 -0.02218109928071499
		endloop
	endfacet
	facet normal 0.3728641886801987 -0.0009187443885773313 -0.9278854739183096
		outer loop
			vertex 0.21236629784107208 0.0005000000237487257 -0.022535478696227074
			vertex 0.21236783266067505 0.004999999888241291 -0.02253931760787964
			vertex 0.212845578789711 0.0005000000237487257 -0.022342883050441742
		endloop
	endfacet
	facet normal 0.40311718036801053 0.0028492842511516677 -0.9151439342919786
		outer loop
			vertex 0.21236783266067505 0.004999999888241291 -0.02253931760787964
			vertex 0.2131810486316681 0.004999999888241291 -0.02218109928071499
			vertex 0.212845578789711 0.0005000000237487257 -0.022342883050441742
		endloop
	endfacet
	facet normal 0.45020383701530886 -0.0014597998678650154 -0.892924618386703
		outer loop
			vertex 0.212845578789711 0.0005000000237487257 -0.022342883050441742
			vertex 0.2131810486316681 0.004999999888241291 -0.02218109928071499
			vertex 0.21317808330059052 0.0005000000237487257 -0.02217523753643036
		endloop
	endfacet
	facet normal 0.45018240280524324 -0.0014597998203034403 -0.8929354249826705
		outer loop
			vertex 0.2131810486316681 0.004999999888241291 -0.02218109928071499
			vertex 0.2134140431880951 0.0005000000237487257 -0.022056275978684425
			vertex 0.21317808330059052 0.0005000000237487257 -0.02217523753643036
		endloop
	endfacet
	facet normal 0.372826134694385 -0.0009187444539316526 -0.9279007647359026
		outer loop
			vertex 0.21236629784107208 0.0005000000237487257 -0.022535478696227074
			vertex 0.2122548669576645 0.0005000000237487257 -0.022580251097679138
			vertex 0.21236783266067505 0.004999999888241291 -0.02253931760787964
		endloop
	endfacet
	facet normal 0.2928215022956419 0.0013467625968837161 -0.9561661749004883
		outer loop
			vertex 0.2122548669576645 0.0005000000237487257 -0.022580251097679138
			vertex 0.2116461545228958 0.0005000000237487257 -0.02276666648685932
			vertex 0.21236783266067505 0.004999999888241291 -0.02253931760787964
		endloop
	endfacet
	facet normal 0.2920590869763725 0.0014808027511605839 -0.9563991305609494
		outer loop
			vertex 0.21236783266067505 0.004999999888241291 -0.02253931760787964
			vertex 0.2116461545228958 0.0005000000237487257 -0.02276666648685932
			vertex 0.21151797473430634 0.004999999888241291 -0.022798841819167137
		endloop
	endfacet
	facet normal 0.2106979957546983 -0.0009879542944070782 -0.9775507038160556
		outer loop
			vertex 0.2116461545228958 0.0005000000237487257 -0.02276666648685932
			vertex 0.21151703596115112 0.0005000000237487257 -0.02279449626803398
			vertex 0.21151797473430634 0.004999999888241291 -0.022798841819167137
		endloop
	endfacet
	facet normal 0.21068157598584228 -0.000987954286431278 -0.9775542427335937
		outer loop
			vertex 0.21151703596115112 0.0005000000237487257 -0.02279449626803398
			vertex 0.21102383732795715 0.0005000000237487257 -0.022900789976119995
			vertex 0.21151797473430634 0.004999999888241291 -0.022798841819167137
		endloop
	endfacet
	facet normal 0.17689050795701824 0.0028737433426649457 -0.9842263407336285
		outer loop
			vertex 0.21151797473430634 0.004999999888241291 -0.022798841819167137
			vertex 0.21102383732795715 0.0005000000237487257 -0.022900789976119995
			vertex 0.21064338088035583 0.004999999888241291 -0.02295602858066559
		endloop
	endfacet
	facet normal 0.12701114442931066 -0.0014375504323752405 -0.9919002483312075
		outer loop
			vertex 0.21102383732795715 0.0005000000237487257 -0.022900789976119995
			vertex 0.21064254641532898 0.0005000000237487257 -0.022949613630771637
			vertex 0.21064338088035583 0.004999999888241291 -0.02295602858066559
		endloop
	endfacet
	facet normal 0.12702259698814314 -0.0014375504654703512 -0.9918987817832257
		outer loop
			vertex 0.21064254641532898 0.0005000000237487257 -0.022949613630771637
			vertex 0.21039237082004547 0.0005000000237487257 -0.02298165112733841
			vertex 0.21064338088035583 0.004999999888241291 -0.02295602858066559
		endloop
	endfacet
	facet normal 0.059240631026525256 0.002379439977136064 -0.9982408957265648
		outer loop
			vertex 0.21064338088035583 0.004999999888241291 -0.02295602858066559
			vertex 0.21039237082004547 0.0005000000237487257 -0.02298165112733841
			vertex 0.20975632965564728 0.004999999888241291 -0.023008670657873154
		endloop
	endfacet
	facet normal 0.04244251006948673 0 -0.9990989106885272
		outer loop
			vertex 0.21039237082004547 0.0005000000237487257 -0.02298165112733841
			vertex 0.20975632965564728 0.0005000000237487257 -0.023008670657873154
			vertex 0.20975632965564728 0.004999999888241291 -0.023008670657873154
		endloop
	endfacet
	facet normal -0.042441517541473885 0 -0.9990989528514064
		outer loop
			vertex 0.20975632965564728 0.004999999888241291 -0.023008670657873154
			vertex 0.20975632965564728 0.0005000000237487257 -0.023008670657873154
			vertex 0.2091202735900879 0.0005000000237487257 -0.02298165112733841
		endloop
	endfacet
	facet normal 0 1 0
		outer loop
			vertex 0.2130511850118637 0.004999999888241291 -0.4860228896141052
			vertex 0.21685217320919037 0.004999999888241291 -0.49068525433540344
			vertex 0.21654151380062103 0.004999999888241291 -0.49092361330986023
		endloop
	endfacet
	facet normal 0 1 0
		outer loop
			vertex 0.21026299893856049 0.004999999888241291 -0.49043944478034973
			vertex 0.21615329384803772 0.004999999888241291 -0.4915960729122162
			vertex 0.21013180911540985 0.004999999888241291 -0.49131831526756287
		endloop
	endfacet
	facet normal 0 1 0
		outer loop
			vertex 0.21615329384803772 0.004999999888241291 -0.4915960729122162
			vertex 0.21610218286514282 0.004999999888241291 -0.4919842779636383
			vertex 0.21013180911540985 0.004999999888241291 -0.49131831526756287
		endloop
	endfacet
	facet normal 0 1 0
		outer loop
			vertex 0.21013180911540985 0.004999999888241291 -0.49131831526756287
			vertex 0.21610218286514282 0.004999999888241291 -0.4919842779636383
			vertex 0.21010547876358032 0.004999999888241291 -0.49220654368400574
		endloop
	endfacet
	facet normal 0 1 0
		outer loop
			vertex 0.21010547876358032 0.004999999888241291 -0.49220654368400574
			vertex 0.21610218286514282 0.004999999888241291 -0.4919842779636383
			vertex 0.21018438041210175 0.004999999888241291 -0.4930916428565979
		endloop
	endfacet
	facet normal 0 1 0
		outer loop
			vertex 0.21610218286514282 0.004999999888241291 -0.4919842779636383
			vertex 0.21615329384803772 0.004999999888241291 -0.4923725128173828
			vertex 0.21018438041210175 0.004999999888241291 -0.4930916428565979
		endloop
	endfacet
	facet normal 0 1 0
		outer loop
			vertex 0.21018438041210175 0.004999999888241291 -0.4930916428565979
			vertex 0.21615329384803772 0.004999999888241291 -0.4923725128173828
			vertex 0.21036741137504578 0.004999999888241291 -0.4939611852169037
		endloop
	endfacet
	facet normal 0 1 0
		outer loop
			vertex 0.2250988930463791 0.004999999888241291 -0.49220654368400574
			vertex 0.22501997649669647 0.004999999888241291 -0.4930916428565979
			vertex 0.2191021740436554 0.004999999888241291 -0.4919842779636383
		endloop
	endfacet
	facet normal 0 1 0
		outer loop
			vertex 0.22501997649669647 0.004999999888241291 -0.4930916428565979
			vertex 0.2190510630607605 0.004999999888241291 -0.4923725128173828
			vertex 0.2191021740436554 0.004999999888241291 -0.4919842779636383
		endloop
	endfacet
	facet normal 0 1 0
		outer loop
			vertex 0.2250988930463791 0.004999999888241291 -0.49220654368400574
			vertex 0.2191021740436554 0.004999999888241291 -0.4919842779636383
			vertex 0.22507254779338837 0.004999999888241291 -0.49131831526756287
		endloop
	endfacet
	facet normal 0 1 0
		outer loop
			vertex 0.2191021740436554 0.004999999888241291 -0.4919842779636383
			vertex 0.2190510630607605 0.004999999888241291 -0.4915960729122162
			vertex 0.22507254779338837 0.004999999888241291 -0.49131831526756287
		endloop
	endfacet
	facet normal 0 1 0
		outer loop
			vertex 0.22507254779338837 0.004999999888241291 -0.49131831526756287
			vertex 0.2190510630607605 0.004999999888241291 -0.4915960729122162
			vertex 0.22494135797023773 0.004999999888241291 -0.49043944478034973
		endloop
	endfacet
	facet normal 0 1 0
		outer loop
			vertex 0.2130511850118637 0.004999999888241291 -0.4860228896141052
			vertex 0.2137881964445114 0.004999999888241291 -0.4855264723300934
			vertex 0.21685217320919037 0.004999999888241291 -0.49068525433540344
		endloop
	endfacet
	facet normal 0 1 0
		outer loop
			vertex 0.2137881964445114 0.004999999888241291 -0.4855264723300934
			vertex 0.2145787477493286 0.004999999888241291 -0.4851206839084625
			vertex 0.21685217320919037 0.004999999888241291 -0.49068525433540344
		endloop
	endfacet
	facet normal 0 1 0
		outer loop
			vertex 0.21685217320919037 0.004999999888241291 -0.49068525433540344
			vertex 0.2145787477493286 0.004999999888241291 -0.4851206839084625
			vertex 0.2172139585018158 0.004999999888241291 -0.4905354082584381
		endloop
	endfacet
	facet normal 0 1 0
		outer loop
			vertex 0.21630313992500305 0.004999999888241291 -0.49123430252075195
			vertex 0.21177825331687927 0.004999999888241291 -0.487258642911911
			vertex 0.21654151380062103 0.004999999888241291 -0.49092361330986023
		endloop
	endfacet
	facet normal 0 1 0
		outer loop
			vertex 0.21177825331687927 0.004999999888241291 -0.487258642911911
			vertex 0.21237803995609283 0.004999999888241291 -0.4866029918193817
			vertex 0.21654151380062103 0.004999999888241291 -0.49092361330986023
		endloop
	endfacet
	facet normal 0 1 0
		outer loop
			vertex 0.21654151380062103 0.004999999888241291 -0.49092361330986023
			vertex 0.21237803995609283 0.004999999888241291 -0.4866029918193817
			vertex 0.2130511850118637 0.004999999888241291 -0.4860228896141052
		endloop
	endfacet
	facet normal 0 1 0
		outer loop
			vertex 0.21036741137504578 0.004999999888241291 -0.4939611852169037
			vertex 0.21615329384803772 0.004999999888241291 -0.4923725128173828
			vertex 0.21065200865268707 0.004999999888241291 -0.49480298161506653
		endloop
	endfacet
	facet normal 0 1 0
		outer loop
			vertex 0.21615329384803772 0.004999999888241291 -0.4923725128173828
			vertex 0.21630313992500305 0.004999999888241291 -0.49273428320884705
			vertex 0.21065200865268707 0.004999999888241291 -0.49480298161506653
		endloop
	endfacet
	facet normal 0 1 0
		outer loop
			vertex 0.21065200865268707 0.004999999888241291 -0.49480298161506653
			vertex 0.21630313992500305 0.004999999888241291 -0.49273428320884705
			vertex 0.2110341638326645 0.004999999888241291 -0.4956052303314209
		endloop
	endfacet
	facet normal 0 1 0
		outer loop
			vertex 0.2110341638326645 0.004999999888241291 -0.4956052303314209
			vertex 0.21630313992500305 0.004999999888241291 -0.49273428320884705
			vertex 0.21150852739810944 0.004999999888241291 -0.49635663628578186
		endloop
	endfacet
	facet normal 0 1 0
		outer loop
			vertex 0.21630313992500305 0.004999999888241291 -0.49273428320884705
			vertex 0.21654151380062103 0.004999999888241291 -0.4930449426174164
			vertex 0.21150852739810944 0.004999999888241291 -0.49635663628578186
		endloop
	endfacet
	facet normal 0 1 0
		outer loop
			vertex 0.21150852739810944 0.004999999888241291 -0.49635663628578186
			vertex 0.21654151380062103 0.004999999888241291 -0.4930449426174164
			vertex 0.21206842362880707 0.004999999888241291 -0.49704664945602417
		endloop
	endfacet
	facet normal 0 1 0
		outer loop
			vertex 0.21206842362880707 0.004999999888241291 -0.49704664945602417
			vertex 0.21654151380062103 0.004999999888241291 -0.4930449426174164
			vertex 0.21270601451396942 0.004999999888241291 -0.4976656138896942
		endloop
	endfacet
	facet normal 0 1 0
		outer loop
			vertex 0.21654151380062103 0.004999999888241291 -0.4930449426174164
			vertex 0.21685217320919037 0.004999999888241291 -0.49328333139419556
			vertex 0.21270601451396942 0.004999999888241291 -0.4976656138896942
		endloop
	endfacet
	facet normal 0 1 0
		outer loop
			vertex 0.21270601451396942 0.004999999888241291 -0.4976656138896942
			vertex 0.21685217320919037 0.004999999888241291 -0.49328333139419556
			vertex 0.2134123295545578 0.004999999888241291 -0.4982048273086548
		endloop
	endfacet
	facet normal 0 1 0
		outer loop
			vertex 0.2206256091594696 0.004999999888241291 -0.4851206839084625
			vertex 0.21835218369960785 0.004999999888241291 -0.49068525433540344
			vertex 0.21799041330814362 0.004999999888241291 -0.4905354082584381
		endloop
	endfacet
	facet normal 0 1 0
		outer loop
			vertex 0.2145787477493286 0.004999999888241291 -0.4851206839084625
			vertex 0.21541175246238708 0.004999999888241291 -0.48481127619743347
			vertex 0.2172139585018158 0.004999999888241291 -0.4905354082584381
		endloop
	endfacet
	facet normal 0 1 0
		outer loop
			vertex 0.21541175246238708 0.004999999888241291 -0.48481127619743347
			vertex 0.21627549827098846 0.004999999888241291 -0.48460257053375244
			vertex 0.2172139585018158 0.004999999888241291 -0.4905354082584381
		endloop
	endfacet
	facet normal 0 1 0
		outer loop
			vertex 0.2172139585018158 0.004999999888241291 -0.4905354082584381
			vertex 0.21627549827098846 0.004999999888241291 -0.48460257053375244
			vertex 0.2176021784543991 0.004999999888241291 -0.4904842972755432
		endloop
	endfacet
	facet normal 0 1 0
		outer loop
			vertex 0.21627549827098846 0.004999999888241291 -0.48460257053375244
			vertex 0.21715787053108215 0.004999999888241291 -0.48449745774269104
			vertex 0.2176021784543991 0.004999999888241291 -0.4904842972755432
		endloop
	endfacet
	facet normal 0 1 0
		outer loop
			vertex 0.2176021784543991 0.004999999888241291 -0.4904842972755432
			vertex 0.21715787053108215 0.004999999888241291 -0.48449745774269104
			vertex 0.2176021784543991 0.004999999888241291 -0.4844842851161957
		endloop
	endfacet
	facet normal 0 1 0
		outer loop
			vertex 0.21026299893856049 0.004999999888241291 -0.49043944478034973
			vertex 0.21049723029136658 0.004999999888241291 -0.48958227038383484
			vertex 0.21615329384803772 0.004999999888241291 -0.4915960729122162
		endloop
	endfacet
	facet normal 0 1 0
		outer loop
			vertex 0.21049723029136658 0.004999999888241291 -0.48958227038383484
			vertex 0.2108311951160431 0.004999999888241291 -0.48875880241394043
			vertex 0.21615329384803772 0.004999999888241291 -0.4915960729122162
		endloop
	endfacet
	facet normal 0 1 0
		outer loop
			vertex 0.21615329384803772 0.004999999888241291 -0.4915960729122162
			vertex 0.2108311951160431 0.004999999888241291 -0.48875880241394043
			vertex 0.21630313992500305 0.004999999888241291 -0.49123430252075195
		endloop
	endfacet
	facet normal 0 1 0
		outer loop
			vertex 0.2108311951160431 0.004999999888241291 -0.48875880241394043
			vertex 0.21126021444797516 0.004999999888241291 -0.48798060417175293
			vertex 0.21630313992500305 0.004999999888241291 -0.49123430252075195
		endloop
	endfacet
	facet normal 0 1 0
		outer loop
			vertex 0.21630313992500305 0.004999999888241291 -0.49123430252075195
			vertex 0.21126021444797516 0.004999999888241291 -0.48798060417175293
			vertex 0.21177825331687927 0.004999999888241291 -0.487258642911911
		endloop
	endfacet
	facet normal 0 1 0
		outer loop
			vertex 0.2172139585018158 0.004999999888241291 -0.4934331774711609
			vertex 0.21499066054821014 0.004999999888241291 -0.4990149438381195
			vertex 0.21685217320919037 0.004999999888241291 -0.49328333139419556
		endloop
	endfacet
	facet normal 0 1 0
		outer loop
			vertex 0.21499066054821014 0.004999999888241291 -0.4990149438381195
			vertex 0.2141774594783783 0.004999999888241291 -0.4986567199230194
			vertex 0.21685217320919037 0.004999999888241291 -0.49328333139419556
		endloop
	endfacet
	facet normal 0 1 0
		outer loop
			vertex 0.21685217320919037 0.004999999888241291 -0.49328333139419556
			vertex 0.2141774594783783 0.004999999888241291 -0.4986567199230194
			vertex 0.2134123295545578 0.004999999888241291 -0.4982048273086548
		endloop
	endfacet
	facet normal 0 1 0
		outer loop
			vertex 0.22102689743041992 0.004999999888241291 -0.4986567199230194
			vertex 0.22021369636058807 0.004999999888241291 -0.4990149438381195
			vertex 0.21835218369960785 0.004999999888241291 -0.49328333139419556
		endloop
	endfacet
	facet normal 0 1 0
		outer loop
			vertex 0.22021369636058807 0.004999999888241291 -0.4990149438381195
			vertex 0.21799041330814362 0.004999999888241291 -0.4934331774711609
			vertex 0.21835218369960785 0.004999999888241291 -0.49328333139419556
		endloop
	endfacet
	facet normal 0 1 0
		outer loop
			vertex 0.22102689743041992 0.004999999888241291 -0.4986567199230194
			vertex 0.21835218369960785 0.004999999888241291 -0.49328333139419556
			vertex 0.22179202735424042 0.004999999888241291 -0.4982048273086548
		endloop
	endfacet
	facet normal 0 1 0
		outer loop
			vertex 0.21835218369960785 0.004999999888241291 -0.49328333139419556
			vertex 0.21866284310817719 0.004999999888241291 -0.4930449426174164
			vertex 0.22179202735424042 0.004999999888241291 -0.4982048273086548
		endloop
	endfacet
	facet normal 0 1 0
		outer loop
			vertex 0.22179202735424042 0.004999999888241291 -0.4982048273086548
			vertex 0.21866284310817719 0.004999999888241291 -0.4930449426174164
			vertex 0.2224983423948288 0.004999999888241291 -0.4976656138896942
		endloop
	endfacet
	facet normal 0 1 0
		outer loop
			vertex 0.2206256091594696 0.004999999888241291 -0.4851206839084625
			vertex 0.2214161604642868 0.004999999888241291 -0.4855264723300934
			vertex 0.21835218369960785 0.004999999888241291 -0.49068525433540344
		endloop
	endfacet
	facet normal 0 1 0
		outer loop
			vertex 0.2214161604642868 0.004999999888241291 -0.4855264723300934
			vertex 0.2221531867980957 0.004999999888241291 -0.4860228896141052
			vertex 0.21835218369960785 0.004999999888241291 -0.49068525433540344
		endloop
	endfacet
	facet normal 0 1 0
		outer loop
			vertex 0.21835218369960785 0.004999999888241291 -0.49068525433540344
			vertex 0.2221531867980957 0.004999999888241291 -0.4860228896141052
			vertex 0.21866284310817719 0.004999999888241291 -0.49092361330986023
		endloop
	endfacet
	facet normal 0 1 0
		outer loop
			vertex 0.2176021784543991 0.004999999888241291 -0.4844842851161957
			vertex 0.21804648637771606 0.004999999888241291 -0.48449745774269104
			vertex 0.2176021784543991 0.004999999888241291 -0.4904842972755432
		endloop
	endfacet
	facet normal 0 1 0
		outer loop
			vertex 0.21804648637771606 0.004999999888241291 -0.48449745774269104
			vertex 0.21892885863780975 0.004999999888241291 -0.48460257053375244
			vertex 0.2176021784543991 0.004999999888241291 -0.4904842972755432
		endloop
	endfacet
	facet normal 0 1 0
		outer loop
			vertex 0.2176021784543991 0.004999999888241291 -0.4904842972755432
			vertex 0.21892885863780975 0.004999999888241291 -0.48460257053375244
			vertex 0.21799041330814362 0.004999999888241291 -0.4905354082584381
		endloop
	endfacet
	facet normal 0 1 0
		outer loop
			vertex 0.21892885863780975 0.004999999888241291 -0.48460257053375244
			vertex 0.21979260444641113 0.004999999888241291 -0.48481127619743347
			vertex 0.21799041330814362 0.004999999888241291 -0.4905354082584381
		endloop
	endfacet
	facet normal 0 1 0
		outer loop
			vertex 0.21799041330814362 0.004999999888241291 -0.4905354082584381
			vertex 0.21979260444641113 0.004999999888241291 -0.48481127619743347
			vertex 0.2206256091594696 0.004999999888241291 -0.4851206839084625
		endloop
	endfacet
	facet normal 0 1 0
		outer loop
			vertex 0.22021369636058807 0.004999999888241291 -0.4990149438381195
			vertex 0.21936382353305817 0.004999999888241291 -0.49927446246147156
			vertex 0.21799041330814362 0.004999999888241291 -0.4934331774711609
		endloop
	endfacet
	facet normal 0 1 0
		outer loop
			vertex 0.21936382353305817 0.004999999888241291 -0.49927446246147156
			vertex 0.21848922967910767 0.004999999888241291 -0.49943163990974426
			vertex 0.21799041330814362 0.004999999888241291 -0.4934331774711609
		endloop
	endfacet
	facet normal 0 1 0
		outer loop
			vertex 0.21799041330814362 0.004999999888241291 -0.4934331774711609
			vertex 0.21848922967910767 0.004999999888241291 -0.49943163990974426
			vertex 0.2176021784543991 0.004999999888241291 -0.4934842884540558
		endloop
	endfacet
	facet normal 0 1 0
		outer loop
			vertex 0.21890121698379517 0.004999999888241291 -0.49273428320884705
			vertex 0.22369582951068878 0.004999999888241291 -0.49635663628578186
			vertex 0.21866284310817719 0.004999999888241291 -0.4930449426174164
		endloop
	endfacet
	facet normal 0 1 0
		outer loop
			vertex 0.22369582951068878 0.004999999888241291 -0.49635663628578186
			vertex 0.22313593327999115 0.004999999888241291 -0.49704664945602417
			vertex 0.21866284310817719 0.004999999888241291 -0.4930449426174164
		endloop
	endfacet
	facet normal 0 1 0
		outer loop
			vertex 0.21866284310817719 0.004999999888241291 -0.4930449426174164
			vertex 0.22313593327999115 0.004999999888241291 -0.49704664945602417
			vertex 0.2224983423948288 0.004999999888241291 -0.4976656138896942
		endloop
	endfacet
	facet normal 0 1 0
		outer loop
			vertex 0.22501997649669647 0.004999999888241291 -0.4930916428565979
			vertex 0.22483694553375244 0.004999999888241291 -0.4939611852169037
			vertex 0.2190510630607605 0.004999999888241291 -0.4923725128173828
		endloop
	endfacet
	facet normal 0 1 0
		outer loop
			vertex 0.22483694553375244 0.004999999888241291 -0.4939611852169037
			vertex 0.22455234825611115 0.004999999888241291 -0.49480298161506653
			vertex 0.2190510630607605 0.004999999888241291 -0.4923725128173828
		endloop
	endfacet
	facet normal 0 1 0
		outer loop
			vertex 0.2190510630607605 0.004999999888241291 -0.4923725128173828
			vertex 0.22455234825611115 0.004999999888241291 -0.49480298161506653
			vertex 0.21890121698379517 0.004999999888241291 -0.49273428320884705
		endloop
	endfacet
	facet normal 0 1 0
		outer loop
			vertex 0.22455234825611115 0.004999999888241291 -0.49480298161506653
			vertex 0.22417019307613373 0.004999999888241291 -0.4956052303314209
			vertex 0.21890121698379517 0.004999999888241291 -0.49273428320884705
		endloop
	endfacet
	facet normal 0 1 0
		outer loop
			vertex 0.21890121698379517 0.004999999888241291 -0.49273428320884705
			vertex 0.22417019307613373 0.004999999888241291 -0.4956052303314209
			vertex 0.22369582951068878 0.004999999888241291 -0.49635663628578186
		endloop
	endfacet
	facet normal 0 1 0
		outer loop
			vertex 0.2221531867980957 0.004999999888241291 -0.4860228896141052
			vertex 0.22282631695270538 0.004999999888241291 -0.4866029918193817
			vertex 0.21866284310817719 0.004999999888241291 -0.49092361330986023
		endloop
	endfacet
	facet normal 0 1 0
		outer loop
			vertex 0.22282631695270538 0.004999999888241291 -0.4866029918193817
			vertex 0.22342610359191895 0.004999999888241291 -0.487258642911911
			vertex 0.21866284310817719 0.004999999888241291 -0.49092361330986023
		endloop
	endfacet
	facet normal 0 1 0
		outer loop
			vertex 0.21866284310817719 0.004999999888241291 -0.49092361330986023
			vertex 0.22342610359191895 0.004999999888241291 -0.487258642911911
			vertex 0.21890121698379517 0.004999999888241291 -0.49123430252075195
		endloop
	endfacet
	facet normal 0 1 0
		outer loop
			vertex 0.21848922967910767 0.004999999888241291 -0.49943163990974426
			vertex 0.2176021784543991 0.004999999888241291 -0.4994843006134033
			vertex 0.2176021784543991 0.004999999888241291 -0.4934842884540558
		endloop
	endfacet
	facet normal 0 1 0
		outer loop
			vertex 0.2176021784543991 0.004999999888241291 -0.4994843006134033
			vertex 0.21671512722969055 0.004999999888241291 -0.49943163990974426
			vertex 0.2176021784543991 0.004999999888241291 -0.4934842884540558
		endloop
	endfacet
	facet normal 0 1 0
		outer loop
			vertex 0.2176021784543991 0.004999999888241291 -0.4934842884540558
			vertex 0.21671512722969055 0.004999999888241291 -0.49943163990974426
			vertex 0.2172139585018158 0.004999999888241291 -0.4934331774711609
		endloop
	endfacet
	facet normal 0 1 0
		outer loop
			vertex 0.21671512722969055 0.004999999888241291 -0.49943163990974426
			vertex 0.21584053337574005 0.004999999888241291 -0.49927446246147156
			vertex 0.2172139585018158 0.004999999888241291 -0.4934331774711609
		endloop
	endfacet
	facet normal 0 1 0
		outer loop
			vertex 0.2172139585018158 0.004999999888241291 -0.4934331774711609
			vertex 0.21584053337574005 0.004999999888241291 -0.49927446246147156
			vertex 0.21499066054821014 0.004999999888241291 -0.4990149438381195
		endloop
	endfacet
	facet normal 0 1 0
		outer loop
			vertex 0.22342610359191895 0.004999999888241291 -0.487258642911911
			vertex 0.22394414246082306 0.004999999888241291 -0.48798060417175293
			vertex 0.21890121698379517 0.004999999888241291 -0.49123430252075195
		endloop
	endfacet
	facet normal 0 1 0
		outer loop
			vertex 0.22394414246082306 0.004999999888241291 -0.48798060417175293
			vertex 0.22437316179275513 0.004999999888241291 -0.48875880241394043
			vertex 0.21890121698379517 0.004999999888241291 -0.49123430252075195
		endloop
	endfacet
	facet normal 0 1 0
		outer loop
			vertex 0.21890121698379517 0.004999999888241291 -0.49123430252075195
			vertex 0.22437316179275513 0.004999999888241291 -0.48875880241394043
			vertex 0.2190510630607605 0.004999999888241291 -0.4915960729122162
		endloop
	endfacet
	facet normal 0 1 0
		outer loop
			vertex 0.22437316179275513 0.004999999888241291 -0.48875880241394043
			vertex 0.22470712661743164 0.004999999888241291 -0.48958227038383484
			vertex 0.2190510630607605 0.004999999888241291 -0.4915960729122162
		endloop
	endfacet
	facet normal 0 1 0
		outer loop
			vertex 0.2190510630607605 0.004999999888241291 -0.4915960729122162
			vertex 0.22470712661743164 0.004999999888241291 -0.48958227038383484
			vertex 0.22494135797023773 0.004999999888241291 -0.49043944478034973
		endloop
	endfacet
	facet normal 0 -1 0
		outer loop
			vertex 0.2176021784543991 3.469446951953614e-18 -0.48498427867889404
			vertex 0.2170085310935974 3.469446951953614e-18 -0.48500949144363403
			vertex 0.2176021784543991 3.469446951953614e-18 -0.4919842779636383
		endloop
	endfacet
	facet normal 0 -1 0
		outer loop
			vertex 0.2176021784543991 3.469446951953614e-18 -0.48498427867889404
			vertex 0.2176021784543991 3.469446951953614e-18 -0.4919842779636383
			vertex 0.2181958258152008 3.469446951953614e-18 -0.48500949144363403
		endloop
	endfacet
	facet normal 0 -1 0
		outer loop
			vertex 0.21993416547775269 3.469446951953614e-18 -0.48538413643836975
			vertex 0.21936602890491486 3.469446951953614e-18 -0.4852101504802704
			vertex 0.2176021784543991 3.469446951953614e-18 -0.4919842779636383
		endloop
	endfacet
	facet normal 0 -1 0
		outer loop
			vertex 0.21936602890491486 3.469446951953614e-18 -0.4852101504802704
			vertex 0.21878518164157867 3.469446951953614e-18 -0.48508498072624207
			vertex 0.2176021784543991 3.469446951953614e-18 -0.4919842779636383
		endloop
	endfacet
	facet normal 0 -1 0
		outer loop
			vertex 0.2176021784543991 3.469446951953614e-18 -0.4919842779636383
			vertex 0.21878518164157867 3.469446951953614e-18 -0.48508498072624207
			vertex 0.2181958258152008 3.469446951953614e-18 -0.48500949144363403
		endloop
	endfacet
	facet normal 0 -1 0
		outer loop
			vertex 0.2215220034122467 3.469446951953614e-18 -0.4861847162246704
			vertex 0.2210160493850708 3.469446951953614e-18 -0.48587319254875183
			vertex 0.2176021784543991 3.469446951953614e-18 -0.4919842779636383
		endloop
	endfacet
	facet normal 0 -1 0
		outer loop
			vertex 0.2210160493850708 3.469446951953614e-18 -0.48587319254875183
			vertex 0.22048549354076385 3.469446951953614e-18 -0.4856056869029999
			vertex 0.2176021784543991 3.469446951953614e-18 -0.4919842779636383
		endloop
	endfacet
	facet normal 0 -1 0
		outer loop
			vertex 0.2176021784543991 3.469446951953614e-18 -0.4919842779636383
			vertex 0.22048549354076385 3.469446951953614e-18 -0.4856056869029999
			vertex 0.21993416547775269 3.469446951953614e-18 -0.48538413643836975
		endloop
	endfacet
	facet normal 0 -1 0
		outer loop
			vertex 0.22285687923431396 3.469446951953614e-18 -0.48735955357551575
			vertex 0.2224457561969757 3.469446951953614e-18 -0.48693060874938965
			vertex 0.2176021784543991 3.469446951953614e-18 -0.4919842779636383
		endloop
	endfacet
	facet normal 0 -1 0
		outer loop
			vertex 0.2224457561969757 3.469446951953614e-18 -0.48693060874938965
			vertex 0.22199971973896027 3.469446951953614e-18 -0.4865380525588989
			vertex 0.2176021784543991 3.469446951953614e-18 -0.4919842779636383
		endloop
	endfacet
	facet normal 0 -1 0
		outer loop
			vertex 0.2176021784543991 3.469446951953614e-18 -0.4919842779636383
			vertex 0.22199971973896027 3.469446951953614e-18 -0.4865380525588989
			vertex 0.2215220034122467 3.469446951953614e-18 -0.4861847162246704
		endloop
	endfacet
	facet normal 0 -1 0
		outer loop
			vertex 0.22385266423225403 3.469446951953614e-18 -0.48883286118507385
			vertex 0.22356288135051727 3.469446951953614e-18 -0.488314151763916
			vertex 0.2176021784543991 3.469446951953614e-18 -0.4919842779636383
		endloop
	endfacet
	facet normal 0 -1 0
		outer loop
			vertex 0.22356288135051727 3.469446951953614e-18 -0.488314151763916
			vertex 0.22323015332221985 3.469446951953614e-18 -0.4878218472003937
			vertex 0.2176021784543991 3.469446951953614e-18 -0.4919842779636383
		endloop
	endfacet
	facet normal 0 -1 0
		outer loop
			vertex 0.2176021784543991 3.469446951953614e-18 -0.4919842779636383
			vertex 0.22323015332221985 3.469446951953614e-18 -0.4878218472003937
			vertex 0.22285687923431396 3.469446951953614e-18 -0.48735955357551575
		endloop
	endfacet
	facet normal 0 -1 0
		outer loop
			vertex 0.22444505989551544 3.469446951953614e-18 -0.4905095398426056
			vertex 0.22429534792900085 3.469446951953614e-18 -0.4899345338344574
			vertex 0.2176021784543991 3.469446951953614e-18 -0.4919842779636383
		endloop
	endfacet
	facet normal 0 -1 0
		outer loop
			vertex 0.22429534792900085 3.469446951953614e-18 -0.4899345338344574
			vertex 0.22409740090370178 3.469446951953614e-18 -0.4893742799758911
			vertex 0.2176021784543991 3.469446951953614e-18 -0.4919842779636383
		endloop
	endfacet
	facet normal 0 -1 0
		outer loop
			vertex 0.2176021784543991 3.469446951953614e-18 -0.4919842779636383
			vertex 0.22409740090370178 3.469446951953614e-18 -0.4893742799758911
			vertex 0.22385266423225403 3.469446951953614e-18 -0.48883286118507385
		endloop
	endfacet
	facet normal 0 -1 0
		outer loop
			vertex 0.22459587454795837 3.469446951953614e-18 -0.49228137731552124
			vertex 0.22459587454795837 3.469446951953614e-18 -0.49168720841407776
			vertex 0.2176021784543991 3.469446951953614e-18 -0.4919842779636383
		endloop
	endfacet
	facet normal 0 -1 0
		outer loop
			vertex 0.22459587454795837 3.469446951953614e-18 -0.49168720841407776
			vertex 0.22454547882080078 3.469446951953614e-18 -0.4910951554775238
			vertex 0.2176021784543991 3.469446951953614e-18 -0.4919842779636383
		endloop
	endfacet
	facet normal 0 -1 0
		outer loop
			vertex 0.2176021784543991 3.469446951953614e-18 -0.4919842779636383
			vertex 0.22454547882080078 3.469446951953614e-18 -0.4910951554775238
			vertex 0.22444505989551544 3.469446951953614e-18 -0.4905095398426056
		endloop
	endfacet
	facet normal 0 -1 0
		outer loop
			vertex 0.22429534792900085 3.469446951953614e-18 -0.4940340518951416
			vertex 0.22444505989551544 3.469446951953614e-18 -0.4934590458869934
			vertex 0.2176021784543991 3.469446951953614e-18 -0.4919842779636383
		endloop
	endfacet
	facet normal 0 -1 0
		outer loop
			vertex 0.22444505989551544 3.469446951953614e-18 -0.4934590458869934
			vertex 0.22454547882080078 3.469446951953614e-18 -0.4928734004497528
			vertex 0.2176021784543991 3.469446951953614e-18 -0.4919842779636383
		endloop
	endfacet
	facet normal 0 -1 0
		outer loop
			vertex 0.2176021784543991 3.469446951953614e-18 -0.4919842779636383
			vertex 0.22454547882080078 3.469446951953614e-18 -0.4928734004497528
			vertex 0.22459587454795837 3.469446951953614e-18 -0.49228137731552124
		endloop
	endfacet
	facet normal 0 -1 0
		outer loop
			vertex 0.22356288135051727 3.469446951953614e-18 -0.495654433965683
			vertex 0.22385266423225403 3.469446951953614e-18 -0.49513572454452515
			vertex 0.2176021784543991 3.469446951953614e-18 -0.4919842779636383
		endloop
	endfacet
	facet normal 0 -1 0
		outer loop
			vertex 0.22385266423225403 3.469446951953614e-18 -0.49513572454452515
			vertex 0.22409740090370178 3.469446951953614e-18 -0.4945942759513855
			vertex 0.2176021784543991 3.469446951953614e-18 -0.4919842779636383
		endloop
	endfacet
	facet normal 0 -1 0
		outer loop
			vertex 0.2176021784543991 3.469446951953614e-18 -0.4919842779636383
			vertex 0.22409740090370178 3.469446951953614e-18 -0.4945942759513855
			vertex 0.22429534792900085 3.469446951953614e-18 -0.4940340518951416
		endloop
	endfacet
	facet normal 0 -1 0
		outer loop
			vertex 0.2224457561969757 3.469446951953614e-18 -0.49703797698020935
			vertex 0.22285687923431396 3.469446951953614e-18 -0.49660900235176086
			vertex 0.2176021784543991 3.469446951953614e-18 -0.4919842779636383
		endloop
	endfacet
	facet normal 0 -1 0
		outer loop
			vertex 0.22285687923431396 3.469446951953614e-18 -0.49660900235176086
			vertex 0.22323015332221985 3.469446951953614e-18 -0.49614670872688293
			vertex 0.2176021784543991 3.469446951953614e-18 -0.4919842779636383
		endloop
	endfacet
	facet normal 0 -1 0
		outer loop
			vertex 0.2176021784543991 3.469446951953614e-18 -0.4919842779636383
			vertex 0.22323015332221985 3.469446951953614e-18 -0.49614670872688293
			vertex 0.22356288135051727 3.469446951953614e-18 -0.495654433965683
		endloop
	endfacet
	facet normal 0 -1 0
		outer loop
			vertex 0.2210160493850708 3.469446951953614e-18 -0.49809539318084717
			vertex 0.2215220034122467 3.469446951953614e-18 -0.4977838695049286
			vertex 0.2176021784543991 3.469446951953614e-18 -0.4919842779636383
		endloop
	endfacet
	facet normal 0 -1 0
		outer loop
			vertex 0.2215220034122467 3.469446951953614e-18 -0.4977838695049286
			vertex 0.22199971973896027 3.469446951953614e-18 -0.4974305331707001
			vertex 0.2176021784543991 3.469446951953614e-18 -0.4919842779636383
		endloop
	endfacet
	facet normal 0 -1 0
		outer loop
			vertex 0.2176021784543991 3.469446951953614e-18 -0.4919842779636383
			vertex 0.22199971973896027 3.469446951953614e-18 -0.4974305331707001
			vertex 0.2224457561969757 3.469446951953614e-18 -0.49703797698020935
		endloop
	endfacet
	facet normal 0 -1 0
		outer loop
			vertex 0.21936602890491486 3.469446951953614e-18 -0.4987584054470062
			vertex 0.21993416547775269 3.469446951953614e-18 -0.49858441948890686
			vertex 0.2176021784543991 3.469446951953614e-18 -0.4919842779636383
		endloop
	endfacet
	facet normal 0 -1 0
		outer loop
			vertex 0.21993416547775269 3.469446951953614e-18 -0.49858441948890686
			vertex 0.22048549354076385 3.469446951953614e-18 -0.4983628988265991
			vertex 0.2176021784543991 3.469446951953614e-18 -0.4919842779636383
		endloop
	endfacet
	facet normal 0 -1 0
		outer loop
			vertex 0.2176021784543991 3.469446951953614e-18 -0.4919842779636383
			vertex 0.22048549354076385 3.469446951953614e-18 -0.4983628988265991
			vertex 0.2210160493850708 3.469446951953614e-18 -0.49809539318084717
		endloop
	endfacet
	facet normal 0 -1 0
		outer loop
			vertex 0.2176021784543991 3.469446951953614e-18 -0.49898427724838257
			vertex 0.2181958258152008 3.469446951953614e-18 -0.4989590644836426
			vertex 0.2176021784543991 3.469446951953614e-18 -0.4919842779636383
		endloop
	endfacet
	facet normal 0 -1 0
		outer loop
			vertex 0.2181958258152008 3.469446951953614e-18 -0.4989590644836426
			vertex 0.21878518164157867 3.469446951953614e-18 -0.49888360500335693
			vertex 0.2176021784543991 3.469446951953614e-18 -0.4919842779636383
		endloop
	endfacet
	facet normal 0 -1 0
		outer loop
			vertex 0.2176021784543991 3.469446951953614e-18 -0.4919842779636383
			vertex 0.21878518164157867 3.469446951953614e-18 -0.49888360500335693
			vertex 0.21936602890491486 3.469446951953614e-18 -0.4987584054470062
		endloop
	endfacet
	facet normal 0 -1 0
		outer loop
			vertex 0.21583832800388336 3.469446951953614e-18 -0.4987584054470062
			vertex 0.21641917526721954 3.469446951953614e-18 -0.49888360500335693
			vertex 0.2176021784543991 3.469446951953614e-18 -0.4919842779636383
		endloop
	endfacet
	facet normal 0 -1 0
		outer loop
			vertex 0.21641917526721954 3.469446951953614e-18 -0.49888360500335693
			vertex 0.2170085310935974 3.469446951953614e-18 -0.4989590644836426
			vertex 0.2176021784543991 3.469446951953614e-18 -0.4919842779636383
		endloop
	endfacet
	facet normal 0 -1 0
		outer loop
			vertex 0.2176021784543991 3.469446951953614e-18 -0.4919842779636383
			vertex 0.2170085310935974 3.469446951953614e-18 -0.4989590644836426
			vertex 0.2176021784543991 3.469446951953614e-18 -0.49898427724838257
		endloop
	endfacet
	facet normal 0 -1 0
		outer loop
			vertex 0.2141883224248886 3.469446951953614e-18 -0.49809539318084717
			vertex 0.21471887826919556 3.469446951953614e-18 -0.4983628988265991
			vertex 0.2176021784543991 3.469446951953614e-18 -0.4919842779636383
		endloop
	endfacet
	facet normal 0 -1 0
		outer loop
			vertex 0.21471887826919556 3.469446951953614e-18 -0.4983628988265991
			vertex 0.21527020633220673 3.469446951953614e-18 -0.49858441948890686
			vertex 0.2176021784543991 3.469446951953614e-18 -0.4919842779636383
		endloop
	endfacet
	facet normal 0 -1 0
		outer loop
			vertex 0.2176021784543991 3.469446951953614e-18 -0.4919842779636383
			vertex 0.21527020633220673 3.469446951953614e-18 -0.49858441948890686
			vertex 0.21583832800388336 3.469446951953614e-18 -0.4987584054470062
		endloop
	endfacet
	facet normal 0 -1 0
		outer loop
			vertex 0.2127586007118225 3.469446951953614e-18 -0.49703797698020935
			vertex 0.21320463716983795 3.469446951953614e-18 -0.4974305331707001
			vertex 0.2176021784543991 3.469446951953614e-18 -0.4919842779636383
		endloop
	endfacet
	facet normal 0 -1 0
		outer loop
			vertex 0.21320463716983795 3.469446951953614e-18 -0.4974305331707001
			vertex 0.2136823534965515 3.469446951953614e-18 -0.4977838695049286
			vertex 0.2176021784543991 3.469446951953614e-18 -0.4919842779636383
		endloop
	endfacet
	facet normal 0 -1 0
		outer loop
			vertex 0.2176021784543991 3.469446951953614e-18 -0.4919842779636383
			vertex 0.2136823534965515 3.469446951953614e-18 -0.4977838695049286
			vertex 0.2141883224248886 3.469446951953614e-18 -0.49809539318084717
		endloop
	endfacet
	facet normal 0 -1 0
		outer loop
			vertex 0.21164147555828094 3.469446951953614e-18 -0.495654433965683
			vertex 0.21197420358657837 3.469446951953614e-18 -0.49614670872688293
			vertex 0.2176021784543991 3.469446951953614e-18 -0.4919842779636383
		endloop
	endfacet
	facet normal 0 -1 0
		outer loop
			vertex 0.21197420358657837 3.469446951953614e-18 -0.49614670872688293
			vertex 0.21234747767448425 3.469446951953614e-18 -0.49660900235176086
			vertex 0.2176021784543991 3.469446951953614e-18 -0.4919842779636383
		endloop
	endfacet
	facet normal 0 -1 0
		outer loop
			vertex 0.2176021784543991 3.469446951953614e-18 -0.4919842779636383
			vertex 0.21234747767448425 3.469446951953614e-18 -0.49660900235176086
			vertex 0.2127586007118225 3.469446951953614e-18 -0.49703797698020935
		endloop
	endfacet
	facet normal 0 -1 0
		outer loop
			vertex 0.21090900897979736 3.469446951953614e-18 -0.4940340518951416
			vertex 0.21110695600509644 3.469446951953614e-18 -0.4945942759513855
			vertex 0.2176021784543991 3.469446951953614e-18 -0.4919842779636383
		endloop
	endfacet
	facet normal 0 -1 0
		outer loop
			vertex 0.21110695600509644 3.469446951953614e-18 -0.4945942759513855
			vertex 0.2113516926765442 3.469446951953614e-18 -0.49513572454452515
			vertex 0.2176021784543991 3.469446951953614e-18 -0.4919842779636383
		endloop
	endfacet
	facet normal 0 -1 0
		outer loop
			vertex 0.2176021784543991 3.469446951953614e-18 -0.4919842779636383
			vertex 0.2113516926765442 3.469446951953614e-18 -0.49513572454452515
			vertex 0.21164147555828094 3.469446951953614e-18 -0.495654433965683
		endloop
	endfacet
	facet normal 0 -1 0
		outer loop
			vertex 0.21060848236083984 3.469446951953614e-18 -0.49228137731552124
			vertex 0.21065887808799744 3.469446951953614e-18 -0.4928734004497528
			vertex 0.2176021784543991 3.469446951953614e-18 -0.4919842779636383
		endloop
	endfacet
	facet normal 0 -1 0
		outer loop
			vertex 0.21065887808799744 3.469446951953614e-18 -0.4928734004497528
			vertex 0.21075929701328278 3.469446951953614e-18 -0.4934590458869934
			vertex 0.2176021784543991 3.469446951953614e-18 -0.4919842779636383
		endloop
	endfacet
	facet normal 0 -1 0
		outer loop
			vertex 0.2176021784543991 3.469446951953614e-18 -0.4919842779636383
			vertex 0.21075929701328278 3.469446951953614e-18 -0.4934590458869934
			vertex 0.21090900897979736 3.469446951953614e-18 -0.4940340518951416
		endloop
	endfacet
	facet normal 0 -1 0
		outer loop
			vertex 0.21075929701328278 3.469446951953614e-18 -0.4905095398426056
			vertex 0.21065887808799744 3.469446951953614e-18 -0.4910951554775238
			vertex 0.2176021784543991 3.469446951953614e-18 -0.4919842779636383
		endloop
	endfacet
	facet normal 0 -1 0
		outer loop
			vertex 0.21065887808799744 3.469446951953614e-18 -0.4910951554775238
			vertex 0.21060848236083984 3.469446951953614e-18 -0.49168720841407776
			vertex 0.2176021784543991 3.469446951953614e-18 -0.4919842779636383
		endloop
	endfacet
	facet normal 0 -1 0
		outer loop
			vertex 0.2176021784543991 3.469446951953614e-18 -0.4919842779636383
			vertex 0.21060848236083984 3.469446951953614e-18 -0.49168720841407776
			vertex 0.21060848236083984 3.469446951953614e-18 -0.49228137731552124
		endloop
	endfacet
	facet normal 0 -1 0
		outer loop
			vertex 0.2113516926765442 3.469446951953614e-18 -0.48883286118507385
			vertex 0.21110695600509644 3.469446951953614e-18 -0.4893742799758911
			vertex 0.2176021784543991 3.469446951953614e-18 -0.4919842779636383
		endloop
	endfacet
	facet normal 0 -1 0
		outer loop
			vertex 0.21110695600509644 3.469446951953614e-18 -0.4893742799758911
			vertex 0.21090900897979736 3.469446951953614e-18 -0.4899345338344574
			vertex 0.2176021784543991 3.469446951953614e-18 -0.4919842779636383
		endloop
	endfacet
	facet normal 0 -1 0
		outer loop
			vertex 0.2176021784543991 3.469446951953614e-18 -0.4919842779636383
			vertex 0.21090900897979736 3.469446951953614e-18 -0.4899345338344574
			vertex 0.21075929701328278 3.469446951953614e-18 -0.4905095398426056
		endloop
	endfacet
	facet normal 0 -1 0
		outer loop
			vertex 0.21234747767448425 3.469446951953614e-18 -0.48735955357551575
			vertex 0.21197420358657837 3.469446951953614e-18 -0.4878218472003937
			vertex 0.2176021784543991 3.469446951953614e-18 -0.4919842779636383
		endloop
	endfacet
	facet normal 0 -1 0
		outer loop
			vertex 0.21197420358657837 3.469446951953614e-18 -0.4878218472003937
			vertex 0.21164147555828094 3.469446951953614e-18 -0.488314151763916
			vertex 0.2176021784543991 3.469446951953614e-18 -0.4919842779636383
		endloop
	endfacet
	facet normal 0 -1 0
		outer loop
			vertex 0.2176021784543991 3.469446951953614e-18 -0.4919842779636383
			vertex 0.21164147555828094 3.469446951953614e-18 -0.488314151763916
			vertex 0.2113516926765442 3.469446951953614e-18 -0.48883286118507385
		endloop
	endfacet
	facet normal 0 -1 0
		outer loop
			vertex 0.2136823534965515 3.469446951953614e-18 -0.4861847162246704
			vertex 0.21320463716983795 3.469446951953614e-18 -0.4865380525588989
			vertex 0.2176021784543991 3.469446951953614e-18 -0.4919842779636383
		endloop
	endfacet
	facet normal 0 -1 0
		outer loop
			vertex 0.21320463716983795 3.469446951953614e-18 -0.4865380525588989
			vertex 0.2127586007118225 3.469446951953614e-18 -0.48693060874938965
			vertex 0.2176021784543991 3.469446951953614e-18 -0.4919842779636383
		endloop
	endfacet
	facet normal 0 -1 0
		outer loop
			vertex 0.2176021784543991 3.469446951953614e-18 -0.4919842779636383
			vertex 0.2127586007118225 3.469446951953614e-18 -0.48693060874938965
			vertex 0.21234747767448425 3.469446951953614e-18 -0.48735955357551575
		endloop
	endfacet
	facet normal 0 -1 0
		outer loop
			vertex 0.21527020633220673 3.469446951953614e-18 -0.48538413643836975
			vertex 0.21471887826919556 3.469446951953614e-18 -0.4856056869029999
			vertex 0.2176021784543991 3.469446951953614e-18 -0.4919842779636383
		endloop
	endfacet
	facet normal 0 -1 0
		outer loop
			vertex 0.21471887826919556 3.469446951953614e-18 -0.4856056869029999
			vertex 0.2141883224248886 3.469446951953614e-18 -0.48587319254875183
			vertex 0.2176021784543991 3.469446951953614e-18 -0.4919842779636383
		endloop
	endfacet
	facet normal 0 -1 0
		outer loop
			vertex 0.2176021784543991 3.469446951953614e-18 -0.4919842779636383
			vertex 0.2141883224248886 3.469446951953614e-18 -0.48587319254875183
			vertex 0.2136823534965515 3.469446951953614e-18 -0.4861847162246704
		endloop
	endfacet
	facet normal 0 -1 0
		outer loop
			vertex 0.2170085310935974 3.469446951953614e-18 -0.48500949144363403
			vertex 0.21641917526721954 3.469446951953614e-18 -0.48508498072624207
			vertex 0.2176021784543991 3.469446951953614e-18 -0.4919842779636383
		endloop
	endfacet
	facet normal 0 -1 0
		outer loop
			vertex 0.21641917526721954 3.469446951953614e-18 -0.48508498072624207
			vertex 0.21583832800388336 3.469446951953614e-18 -0.4852101504802704
			vertex 0.2176021784543991 3.469446951953614e-18 -0.4919842779636383
		endloop
	endfacet
	facet normal 0 -1 0
		outer loop
			vertex 0.2176021784543991 3.469446951953614e-18 -0.4919842779636383
			vertex 0.21583832800388336 3.469446951953614e-18 -0.4852101504802704
			vertex 0.21527020633220673 3.469446951953614e-18 -0.48538413643836975
		endloop
	endfacet
	facet normal -0.13052341779912935 0 -0.9914452266293051
		outer loop
			vertex 0.2176021784543991 0.003000000026077032 -0.4904842972755432
			vertex 0.2176021784543991 0.004999999888241291 -0.4904842972755432
			vertex 0.21799041330814362 0.003000000026077032 -0.4905354082584381
		endloop
	endfacet
	facet normal -0.13052341779912935 0 -0.9914452266293051
		outer loop
			vertex 0.2176021784543991 0.004999999888241291 -0.4904842972755432
			vertex 0.21799041330814362 0.004999999888241291 -0.4905354082584381
			vertex 0.21799041330814362 0.003000000026077032 -0.4905354082584381
		endloop
	endfacet
	facet normal -0.38267443930669715 0 -0.9238832575067615
		outer loop
			vertex 0.21799041330814362 0.003000000026077032 -0.4905354082584381
			vertex 0.21799041330814362 0.004999999888241291 -0.4905354082584381
			vertex 0.21835218369960785 0.003000000026077032 -0.49068525433540344
		endloop
	endfacet
	facet normal -0.38267443930669715 0 -0.9238832575067615
		outer loop
			vertex 0.21799041330814362 0.004999999888241291 -0.4905354082584381
			vertex 0.21835218369960785 0.004999999888241291 -0.49068525433540344
			vertex 0.21835218369960785 0.003000000026077032 -0.49068525433540344
		endloop
	endfacet
	facet normal -0.7933858254851301 0 -0.6087190911407975
		outer loop
			vertex 0.21866284310817719 0.003000000026077032 -0.49092361330986023
			vertex 0.21866284310817719 0.004999999888241291 -0.49092361330986023
			vertex 0.21890121698379517 0.003000000026077032 -0.49123430252075195
		endloop
	endfacet
	facet normal -0.7933858254851301 0 -0.6087190911407975
		outer loop
			vertex 0.21866284310817719 0.004999999888241291 -0.49092361330986023
			vertex 0.21890121698379517 0.004999999888241291 -0.49123430252075195
			vertex 0.21890121698379517 0.003000000026077032 -0.49123430252075195
		endloop
	endfacet
	facet normal -0.9238832575067615 0 -0.38267443930669715
		outer loop
			vertex 0.21890121698379517 0.003000000026077032 -0.49123430252075195
			vertex 0.21890121698379517 0.004999999888241291 -0.49123430252075195
			vertex 0.2190510630607605 0.003000000026077032 -0.4915960729122162
		endloop
	endfacet
	facet normal -0.9238832575067615 0 -0.38267443930669715
		outer loop
			vertex 0.21890121698379517 0.004999999888241291 -0.49123430252075195
			vertex 0.2190510630607605 0.004999999888241291 -0.4915960729122162
			vertex 0.2190510630607605 0.003000000026077032 -0.4915960729122162
		endloop
	endfacet
	facet normal -0.9914439298969561 0 -0.13053326729412557
		outer loop
			vertex 0.2190510630607605 0.003000000026077032 -0.4915960729122162
			vertex 0.2190510630607605 0.004999999888241291 -0.4915960729122162
			vertex 0.2191021740436554 0.003000000026077032 -0.4919842779636383
		endloop
	endfacet
	facet normal -0.9914439298969561 0 -0.13053326729412557
		outer loop
			vertex 0.2190510630607605 0.004999999888241291 -0.4915960729122162
			vertex 0.2191021740436554 0.004999999888241291 -0.4919842779636383
			vertex 0.2191021740436554 0.003000000026077032 -0.4919842779636383
		endloop
	endfacet
	facet normal -0.9914452266293051 0 0.13052341779912935
		outer loop
			vertex 0.2191021740436554 0.003000000026077032 -0.4919842779636383
			vertex 0.2191021740436554 0.004999999888241291 -0.4919842779636383
			vertex 0.2190510630607605 0.003000000026077032 -0.4923725128173828
		endloop
	endfacet
	facet normal -0.9914452266293051 0 0.13052341779912935
		outer loop
			vertex 0.2191021740436554 0.004999999888241291 -0.4919842779636383
			vertex 0.2190510630607605 0.004999999888241291 -0.4923725128173828
			vertex 0.2190510630607605 0.003000000026077032 -0.4923725128173828
		endloop
	endfacet
	facet normal -0.9238832575067615 0 0.38267443930669715
		outer loop
			vertex 0.2190510630607605 0.003000000026077032 -0.4923725128173828
			vertex 0.2190510630607605 0.004999999888241291 -0.4923725128173828
			vertex 0.21890121698379517 0.003000000026077032 -0.49273428320884705
		endloop
	endfacet
	facet normal -0.9238832575067615 0 0.38267443930669715
		outer loop
			vertex 0.2190510630607605 0.004999999888241291 -0.4923725128173828
			vertex 0.21890121698379517 0.004999999888241291 -0.49273428320884705
			vertex 0.21890121698379517 0.003000000026077032 -0.49273428320884705
		endloop
	endfacet
	facet normal -0.7933576233782733 0 0.6087558471403606
		outer loop
			vertex 0.21890121698379517 0.003000000026077032 -0.49273428320884705
			vertex 0.21890121698379517 0.004999999888241291 -0.49273428320884705
			vertex 0.21866284310817719 0.003000000026077032 -0.4930449426174164
		endloop
	endfacet
	facet normal -0.7933576233782733 0 0.6087558471403606
		outer loop
			vertex 0.21890121698379517 0.004999999888241291 -0.49273428320884705
			vertex 0.21866284310817719 0.004999999888241291 -0.4930449426174164
			vertex 0.21866284310817719 0.003000000026077032 -0.4930449426174164
		endloop
	endfacet
	facet normal -0.608779798353094 0 0.793339244659664
		outer loop
			vertex 0.21866284310817719 0.003000000026077032 -0.4930449426174164
			vertex 0.21866284310817719 0.004999999888241291 -0.4930449426174164
			vertex 0.21835218369960785 0.003000000026077032 -0.49328333139419556
		endloop
	endfacet
	facet normal -0.608779798353094 0 0.793339244659664
		outer loop
			vertex 0.21866284310817719 0.004999999888241291 -0.4930449426174164
			vertex 0.21835218369960785 0.004999999888241291 -0.49328333139419556
			vertex 0.21835218369960785 0.003000000026077032 -0.49328333139419556
		endloop
	endfacet
	facet normal -0.38267443930669715 0 0.9238832575067615
		outer loop
			vertex 0.21835218369960785 0.003000000026077032 -0.49328333139419556
			vertex 0.21835218369960785 0.004999999888241291 -0.49328333139419556
			vertex 0.21799041330814362 0.003000000026077032 -0.4934331774711609
		endloop
	endfacet
	facet normal -0.38267443930669715 0 0.9238832575067615
		outer loop
			vertex 0.21835218369960785 0.004999999888241291 -0.49328333139419556
			vertex 0.21799041330814362 0.004999999888241291 -0.4934331774711609
			vertex 0.21799041330814362 0.003000000026077032 -0.4934331774711609
		endloop
	endfacet
	facet normal 0.13052834236243033 0 0.9914445782998244
		outer loop
			vertex 0.2176021784543991 0.003000000026077032 -0.4934842884540558
			vertex 0.2176021784543991 0.004999999888241291 -0.4934842884540558
			vertex 0.2172139585018158 0.003000000026077032 -0.4934331774711609
		endloop
	endfacet
	facet normal 0.13052834236243033 0 0.9914445782998244
		outer loop
			vertex 0.2176021784543991 0.004999999888241291 -0.4934842884540558
			vertex 0.2172139585018158 0.004999999888241291 -0.4934331774711609
			vertex 0.2172139585018158 0.003000000026077032 -0.4934331774711609
		endloop
	endfacet
	facet normal 0.382660985760248 0 0.9238888298799782
		outer loop
			vertex 0.2172139585018158 0.003000000026077032 -0.4934331774711609
			vertex 0.2172139585018158 0.004999999888241291 -0.4934331774711609
			vertex 0.21685217320919037 0.003000000026077032 -0.49328333139419556
		endloop
	endfacet
	facet normal 0.382660985760248 0 0.9238888298799782
		outer loop
			vertex 0.2172139585018158 0.004999999888241291 -0.4934331774711609
			vertex 0.21685217320919037 0.004999999888241291 -0.49328333139419556
			vertex 0.21685217320919037 0.003000000026077032 -0.49328333139419556
		endloop
	endfacet
	facet normal 0.608779798353094 0 0.793339244659664
		outer loop
			vertex 0.21685217320919037 0.003000000026077032 -0.49328333139419556
			vertex 0.21685217320919037 0.004999999888241291 -0.49328333139419556
			vertex 0.21654151380062103 0.003000000026077032 -0.4930449426174164
		endloop
	endfacet
	facet normal 0.608779798353094 0 0.793339244659664
		outer loop
			vertex 0.21685217320919037 0.004999999888241291 -0.49328333139419556
			vertex 0.21654151380062103 0.004999999888241291 -0.4930449426174164
			vertex 0.21654151380062103 0.003000000026077032 -0.4930449426174164
		endloop
	endfacet
	facet normal 0.9238832575067615 0 0.38267443930669715
		outer loop
			vertex 0.21630313992500305 0.003000000026077032 -0.49273428320884705
			vertex 0.21630313992500305 0.004999999888241291 -0.49273428320884705
			vertex 0.21615329384803772 0.003000000026077032 -0.4923725128173828
		endloop
	endfacet
	facet normal 0.9238832575067615 0 0.38267443930669715
		outer loop
			vertex 0.21630313992500305 0.004999999888241291 -0.49273428320884705
			vertex 0.21615329384803772 0.004999999888241291 -0.4923725128173828
			vertex 0.21615329384803772 0.003000000026077032 -0.4923725128173828
		endloop
	endfacet
	facet normal 0.9914452266293051 0 0.13052341779912935
		outer loop
			vertex 0.21615329384803772 0.003000000026077032 -0.4923725128173828
			vertex 0.21615329384803772 0.004999999888241291 -0.4923725128173828
			vertex 0.21610218286514282 0.003000000026077032 -0.4919842779636383
		endloop
	endfacet
	facet normal 0.9914452266293051 0 0.13052341779912935
		outer loop
			vertex 0.21615329384803772 0.004999999888241291 -0.4923725128173828
			vertex 0.21610218286514282 0.004999999888241291 -0.4919842779636383
			vertex 0.21610218286514282 0.003000000026077032 -0.4919842779636383
		endloop
	endfacet
	facet normal 0.9914439298969561 0 -0.13053326729412557
		outer loop
			vertex 0.21610218286514282 0.003000000026077032 -0.4919842779636383
			vertex 0.21610218286514282 0.004999999888241291 -0.4919842779636383
			vertex 0.21615329384803772 0.003000000026077032 -0.4915960729122162
		endloop
	endfacet
	facet normal 0.9914439298969561 0 -0.13053326729412557
		outer loop
			vertex 0.21610218286514282 0.004999999888241291 -0.4919842779636383
			vertex 0.21615329384803772 0.004999999888241291 -0.4915960729122162
			vertex 0.21615329384803772 0.003000000026077032 -0.4915960729122162
		endloop
	endfacet
	facet normal 0.9238832575067615 0 -0.38267443930669715
		outer loop
			vertex 0.21615329384803772 0.003000000026077032 -0.4915960729122162
			vertex 0.21615329384803772 0.004999999888241291 -0.4915960729122162
			vertex 0.21630313992500305 0.003000000026077032 -0.49123430252075195
		endloop
	endfacet
	facet normal 0.9238832575067615 0 -0.38267443930669715
		outer loop
			vertex 0.21615329384803772 0.004999999888241291 -0.4915960729122162
			vertex 0.21630313992500305 0.004999999888241291 -0.49123430252075195
			vertex 0.21630313992500305 0.003000000026077032 -0.49123430252075195
		endloop
	endfacet
	facet normal 0.7933858254851301 0 -0.6087190911407975
		outer loop
			vertex 0.21630313992500305 0.003000000026077032 -0.49123430252075195
			vertex 0.21630313992500305 0.004999999888241291 -0.49123430252075195
			vertex 0.21654151380062103 0.003000000026077032 -0.49092361330986023
		endloop
	endfacet
	facet normal 0.7933858254851301 0 -0.6087190911407975
		outer loop
			vertex 0.21630313992500305 0.004999999888241291 -0.49123430252075195
			vertex 0.21654151380062103 0.004999999888241291 -0.49092361330986023
			vertex 0.21654151380062103 0.003000000026077032 -0.49092361330986023
		endloop
	endfacet
	facet normal 0.6087318942630205 0 -0.7933760022252722
		outer loop
			vertex 0.21654151380062103 0.003000000026077032 -0.49092361330986023
			vertex 0.21654151380062103 0.004999999888241291 -0.49092361330986023
			vertex 0.21685217320919037 0.003000000026077032 -0.49068525433540344
		endloop
	endfacet
	facet normal 0.6087318942630205 0 -0.7933760022252722
		outer loop
			vertex 0.21654151380062103 0.004999999888241291 -0.49092361330986023
			vertex 0.21685217320919037 0.004999999888241291 -0.49068525433540344
			vertex 0.21685217320919037 0.003000000026077032 -0.49068525433540344
		endloop
	endfacet
	facet normal 0.382660985760248 0 -0.9238888298799782
		outer loop
			vertex 0.21685217320919037 0.003000000026077032 -0.49068525433540344
			vertex 0.21685217320919037 0.004999999888241291 -0.49068525433540344
			vertex 0.2172139585018158 0.003000000026077032 -0.4905354082584381
		endloop
	endfacet
	facet normal 0.382660985760248 0 -0.9238888298799782
		outer loop
			vertex 0.21685217320919037 0.004999999888241291 -0.49068525433540344
			vertex 0.2172139585018158 0.004999999888241291 -0.4905354082584381
			vertex 0.2172139585018158 0.003000000026077032 -0.4905354082584381
		endloop
	endfacet
	facet normal 0.13052834236243033 0 -0.9914445782998244
		outer loop
			vertex 0.2172139585018158 0.003000000026077032 -0.4905354082584381
			vertex 0.2172139585018158 0.004999999888241291 -0.4905354082584381
			vertex 0.2176021784543991 0.003000000026077032 -0.4904842972755432
		endloop
	endfacet
	facet normal 0.13052834236243033 0 -0.9914445782998244
		outer loop
			vertex 0.2172139585018158 0.004999999888241291 -0.4905354082584381
			vertex 0.2176021784543991 0.004999999888241291 -0.4904842972755432
			vertex 0.2176021784543991 0.003000000026077032 -0.4904842972755432
		endloop
	endfacet
endsolid exported
